id,area_um2,ph_max_deg,fc_hz,a1000_db,irn_uv,thd_db,drc_n,lvs_matched,pex_n_c,gds_sha256_12
it01,230624.2848,330.7324,248.2746,-49.2629,29.1947,-49.6136,0,True,78,e5cfa1daad88
it02,230624.2848,330.9054,248.4315,-49.2437,29.1941,,0,True,78,c6532b8fc7ce
it03,233345.86080000002,,,,,,5,True,,9c0aa71df861
it04,233345.86080000002,331.1391,248.5554,-49.229,29.1947,,0,True,78,3696c56cf679
it05,233345.86080000002,331.2136,248.6886,,,,0,True,78,0d2ed4461a38
it06,247136.8848,331.1554,248.651,,,,0,True,78,0b7548b15ff5
it07,247136.8848,331.1554,248.651,,,,0,True,78,240fb440614b
it08,247136.8848,331.1554,248.651,-49.2201,29.1945,-49.7136,0,True,78,240fb440614b
it09,247136.8848,331.2094,248.6866,-49.2144,29.1944,,0,True,71,c0507860c009
it10,247136.8848,331.1595,248.6388,-49.2221,29.1942,,0,True,71,fc59cfd7ef38
it11,247136.8848,331.1595,248.6375,-49.2223,29.1943,-49.7005,0,True,71,fc59cfd7ef38
it12,247136.8848,331.1595,248.6388,-49.2221,29.1942,-49.7008,0,True,71,fc59cfd7ef38
it13,247136.8848,331.1595,248.6388,-49.2221,29.1942,-49.7008,0,True,71,fc59cfd7ef38
it14,228093.5994,331.2208,248.6636,-49.2183,29.1944,-49.7259,0,True,69,1607b803d9db
