f_hz,mag_db_pre_ideal,mag_db_pre_mim,mag_db_post_lumped,mag_db_post_pex,phase_deg_pre_ideal,phase_deg_pre_mim,phase_deg_post_lumped,phase_deg_post_pex
0.1,-0.008149010058,-0.008149069475,-0.008150230801,-0.008145888742,-0.05927083596,-0.05929135284,-0.05943050144,-0.05942289136
0.1047128548,-0.008149009964,-0.008149068962,-0.008150228613,-0.008145886471,-0.06206418453,-0.06208566835,-0.06223137483,-0.0622234061
0.1096478196,-0.008149009861,-0.008149068401,-0.008150226214,-0.008145883981,-0.06498917959,-0.06501167591,-0.06516424933,-0.06515590505
0.1148153621,-0.008149009748,-0.008149067785,-0.008150223584,-0.00814588125,-0.06805202544,-0.06807558199,-0.06823534598,-0.06822660845
0.1202264435,-0.008149009623,-0.008149067109,-0.0081502207,-0.008145878256,-0.0712592188,-0.07128388553,-0.07145117899,-0.07144202967
0.1258925412,-0.008149009487,-0.008149066368,-0.008150217538,-0.008145874973,-0.07461756255,-0.07464339179,-0.07481856957,-0.07480898905
0.1318256739,-0.008149009338,-0.008149065556,-0.00815021407,-0.008145871374,-0.0781341802,-0.07816122675,-0.07834466041,-0.07833462838
0.1380384265,-0.008149009174,-0.008149064666,-0.008150210268,-0.008145867427,-0.08181653098,-0.08184485219,-0.08203693084,-0.08202642602
0.1445439771,-0.008149008995,-0.00814906369,-0.0081502061,-0.008145863099,-0.08567242564,-0.0857020816,-0.08590321267,-0.08589221277
0.1513561248,-0.008149008798,-0.008149062619,-0.008150201529,-0.008145858354,-0.08971004308,-0.08974109669,-0.0899517068,-0.08994018849
0.1584893192,-0.008149008582,-0.008149061445,-0.008150196517,-0.00814585315,-0.09393794763,-0.09397046476,-0.09419100065,-0.0941789395
0.1659586907,-0.008149008345,-0.008149060158,-0.008150191022,-0.008145847445,-0.09836510724,-0.09839915687,-0.09863008633,-0.09861745676
0.1737800829,-0.008149008086,-0.008149058747,-0.008150184996,-0.00814584119,-0.1030009125,-0.1030365669,-0.1032783798,-0.103265155
0.1819700859,-0.008149007801,-0.0081490572,-0.00815017839,-0.008145834331,-0.1078551967,-0.1078925314,-0.1081457406,-0.1081318926
0.1905460718,-0.008149007489,-0.008149055503,-0.008150171145,-0.00814582681,-0.1129382563,-0.1129773506,-0.1132424933,-0.1132279926
0.1995262315,-0.008149007147,-0.008149053643,-0.008150163202,-0.008145818564,-0.1182608733,-0.11830181,-0.1185794486,-0.1185642645
0.2089296131,-0.008149006772,-0.008149051603,-0.008150154493,-0.008145809522,-0.1238343376,-0.1238772037,-0.124167927,-0.1241520273
0.2187761624,-0.008149006361,-0.008149049366,-0.008150144943,-0.008145799608,-0.1296704714,-0.1297153577,-0.1300197824,-0.1300031334
0.2290867653,-0.00814900591,-0.008149046914,-0.008150134472,-0.008145788737,-0.1357816539,-0.1358286556,-0.1361474275,-0.1361299939
0.2398832919,-0.008149005416,-0.008149044225,-0.008150122991,-0.008145776817,-0.1421808477,-0.1422300646,-0.1425638599,-0.1425456046
0.2511886432,-0.008149004874,-0.008149041277,-0.008150110402,-0.008145763748,-0.1488816265,-0.1489331629,-0.1492826896,-0.149263574
0.2630267992,-0.008149004279,-0.008149038044,-0.008150096598,-0.008145749417,-0.1558982035,-0.1559521688,-0.1563181684,-0.1562981519
0.2754228703,-0.008149003628,-0.008149034499,-0.008150081463,-0.008145733704,-0.1632454619,-0.1633019706,-0.1636852194,-0.1636642595
0.2884031503,-0.008149002913,-0.008149030612,-0.008150064867,-0.008145716475,-0.1709389863,-0.1709981582,-0.1713994692,-0.1713775215
0.301995172,-0.008149002129,-0.008149026351,-0.008150046671,-0.008145697584,-0.1789950958,-0.1790570565,-0.1794772808,-0.1794542988
0.316227766,-0.00814900127,-0.008149021678,-0.008150026718,-0.00814567687,-0.1874308785,-0.1874957593,-0.1879357886,-0.1879117235
0.3311311215,-0.008149000328,-0.008149016554,-0.008150004841,-0.008145654158,-0.1962642279,-0.1963321666,-0.1967929341,-0.1967677348
0.3467368505,-0.008148999295,-0.008149010936,-0.008149980853,-0.008145629255,-0.2055138809,-0.2055850216,-0.2060675047,-0.2060411178
0.3630780548,-0.008148998163,-0.008149004776,-0.008149954551,-0.008145601949,-0.2151994574,-0.2152739509,-0.2157791731,-0.2157515427
0.3801893963,-0.008148996921,-0.008148998022,-0.008149925712,-0.008145572008,-0.2253415018,-0.2254195062,-0.2259485393,-0.2259196067
0.3981071706,-0.008148995559,-0.008148990616,-0.00814989409,-0.008145539179,-0.235961527,-0.2360432078,-0.236597174,-0.2365668779
0.4168693835,-0.008148994066,-0.008148982495,-0.008149859417,-0.008145503183,-0.2470820597,-0.2471675902,-0.2477476646,-0.2477159406
0.4365158322,-0.008148992429,-0.008148973591,-0.008149821399,-0.008145463714,-0.2587266882,-0.2588162498,-0.2594236629,-0.259390444
0.4570881896,-0.008148990634,-0.008148963828,-0.008149779714,-0.008145420437,-0.2709201126,-0.2710138953,-0.2716499358,-0.2716151512
0.4786300923,-0.008148988666,-0.008148953124,-0.008149734006,-0.008145372985,-0.283688197,-0.2837863999,-0.2844524169,-0.284415993
0.5011872336,-0.008148986508,-0.008148941386,-0.008149683889,-0.008145320955,-0.2970580247,-0.297160856,-0.2978582625,-0.297820122
0.5248074602,-0.008148984142,-0.008148928516,-0.008149628937,-0.008145263905,-0.3110579551,-0.311165633,-0.3118959085,-0.3118559705
0.5495408739,-0.008148981547,-0.008148914405,-0.008149568683,-0.008145201351,-0.3257176844,-0.3258304374,-0.3265951311,-0.326553311
0.5754399373,-0.008148978702,-0.008148898932,-0.008149502616,-0.008145132763,-0.3410683083,-0.3411863757,-0.3419871099,-0.3419433189
0.6025595861,-0.008148975583,-0.008148881966,-0.008149430176,-0.008145057557,-0.3571423882,-0.3572660204,-0.3581044939,-0.3580586392
0.6309573445,-0.008148972163,-0.008148863363,-0.008149350747,-0.008144975095,-0.3739740199,-0.3741034794,-0.374981471,-0.3749334552
0.660693448,-0.008148968412,-0.008148842966,-0.008149263654,-0.008144884679,-0.3915989064,-0.3917344678,-0.3926538403,-0.3926035617
0.6918309709,-0.0081489643,-0.008148820602,-0.00814916816,-0.008144785539,-0.4100544333,-0.4101963842,-0.4111590882,-0.4111064401
0.7244359601,-0.008148959792,-0.008148796079,-0.008149063452,-0.008144676835,-0.429379748,-0.4295283899,-0.4305364679,-0.4304813386
0.758577575,-0.008148954848,-0.008148769191,-0.008148948644,-0.008144557644,-0.4496158435,-0.4497714916,-0.4508270825,-0.4507693552
0.7943282347,-0.008148949428,-0.008148739709,-0.008148822759,-0.008144426953,-0.4708056443,-0.4709686291,-0.4720739727,-0.4720135249
0.8317637711,-0.008148943484,-0.008148707382,-0.00814868473,-0.008144283655,-0.4929940984,-0.4931647659,-0.4943222075,-0.4942589109
0.87096359,-0.008148936967,-0.008148671938,-0.008148533384,-0.008144126532,-0.5162282722,-0.5164069845,-0.5176189802,-0.5175527007
0.9120108394,-0.008148929822,-0.008148633074,-0.008148367438,-0.008143954252,-0.5405574503,-0.540744587,-0.5420137086,-0.5419443056
0.954992586,-0.008148921987,-0.00814859046,-0.008148185483,-0.008143765351,-0.5660332405,-0.5662291987,-0.5675581395,-0.5674854659
1,-0.008148913396,-0.008148543736,-0.008147985974,-0.008143558226,-0.5927096829,-0.5929148788,-0.594306459,-0.5942303605
1.047128548,-0.008148903977,-0.008148492505,-0.008147767219,-0.00814333112,-0.6206433647,-0.6208582339,-0.6223154069,-0.6222357223
1.096478196,-0.008148893649,-0.008148436331,-0.008147527361,-0.008143082106,-0.6498935404,-0.6501185392,-0.6516443977,-0.6515609579
1.148153621,-0.008148882325,-0.008148374739,-0.008147264363,-0.008142809069,-0.6805222574,-0.6807578637,-0.6823556463,-0.6822682745
1.202264435,-0.008148869908,-0.008148307206,-0.008146975995,-0.008142509692,-0.7125944877,-0.712841202,-0.7145143003,-0.7144228111
1.258925412,-0.008148856294,-0.008148233158,-0.008146659809,-0.008142181436,-0.7461782659,-0.7464366123,-0.7481885781,-0.7480927775
1.318256739,-0.008148841366,-0.008148151968,-0.008146313122,-0.008141821514,-0.7813448336,-0.781615361,-0.7834499135,-0.7833495985
1.380384265,-0.008148824999,-0.008148062946,-0.008145932992,-0.008141426872,-0.8181687905,-0.8184520737,-0.8203731082,-0.820268066
1.445439771,-0.008148807053,-0.008147965338,-0.008145516194,-0.008140994162,-0.8567282529,-0.8570248941,-0.8590364894,-0.8589264973
1.513561248,-0.008148787376,-0.008147858315,-0.00814505919,-0.008140519711,-0.8971050194,-0.8974156491,-0.899522077,-0.8994069019
1.584893192,-0.008148765802,-0.008147740969,-0.008144558103,-0.008139999495,-0.9393847446,-0.9397100235,-0.9419157576,-0.9417951553
1.659586907,-0.008148742146,-0.008147612306,-0.008144008683,-0.008139429098,-0.9836571213,-0.9839977411,-0.9863074665,-0.9861811814
1.737800829,-0.008148716209,-0.008147471234,-0.008143406267,-0.008138803683,-1.030016071,-1.030372756,-1.032791379,-1.032659143
1.819700859,-0.008148687771,-0.008147316556,-0.008142745745,-0.008138117944,-1.078559941,-1.078933451,-1.081466111,-1.081327644
1.905460718,-0.00814865659,-0.008147146962,-0.008142021515,-0.008137366062,-1.129391719,-1.129782848,-1.132434927,-1.132289936
1.995262315,-0.008148622403,-0.008146961012,-0.008141227433,-0.008136541662,-1.182619245,-1.183028827,-1.185805961,-1.185654138
2.089296131,-0.008148584919,-0.008146757132,-0.008140356764,-0.008135637749,-1.238355446,-1.238784352,-1.241692445,-1.241533469
2.187761624,-0.008148543821,-0.008146533592,-0.008139402125,-0.008134646659,-1.296718572,-1.297167717,-1.300212951,-1.300046486
2.290867653,-0.00814849876,-0.008146288499,-0.00813835542,-0.008133559986,-1.357832449,-1.358302791,-1.361491644,-1.361317335
2.398832919,-0.008148449355,-0.008146019774,-0.008137207773,-0.008132368517,-1.421826745,-1.422319286,-1.425658541,-1.42547602
2.511886432,-0.008148395187,-0.008145725142,-0.008135949456,-0.008131062148,-1.488837239,-1.489353032,-1.492849793,-1.492658673
2.630267992,-0.008148335797,-0.008145402107,-0.0081345698,-0.008129629807,-1.559006117,-1.559546262,-1.563207972,-1.563007849
2.754228703,-0.008148270683,-0.008145047932,-0.008133057113,-0.008128059351,-1.632482269,-1.63304792,-1.636882377,-1.636672827
2.884031503,-0.008148199294,-0.00814465962,-0.008131398575,-0.00812633747,-1.70942161,-1.710013977,-1.714029347,-1.713809926
3.01995172,-0.008148121024,-0.008144233882,-0.008129580133,-0.008124449575,-1.789987408,-1.790607759,-1.794812598,-1.794582842
3.16227766,-0.008148035212,-0.008143767117,-0.008127586381,-0.00812237967,-1.874350636,-1.875000299,-1.879403571,-1.879162993
3.311311215,-0.008147941133,-0.008143255374,-0.008125400432,-0.008120110221,-1.962690331,-1.963370699,-1.967981795,-1.967729886
3.467368505,-0.00814783799,-0.008142694327,-0.008123003774,-0.00811762201,-2.055193981,-2.055906513,-2.060735273,-2.0604715
3.630780548,-0.008147724913,-0.008142079232,-0.008120376119,-0.008114893968,-2.15205792,-2.152804147,-2.15786088,-2.157584687
3.801893963,-0.008147600945,-0.00814140489,-0.008117495224,-0.008111903003,-2.25348775,-2.254269278,-2.259564788,-2.259275589
3.981071706,-0.00814746504,-0.008140665606,-0.008114336712,-0.008108623803,-2.359698779,-2.36051729,-2.366062898,-2.365760083
4.168693835,-0.008147316052,-0.008139855137,-0.008110873867,-0.008105028628,-2.470916479,-2.47177374,-2.47758131,-2.477264239
4.365158322,-0.008147152723,-0.008138966644,-0.008107077406,-0.008101087072,-2.587376971,-2.588274833,-2.594356802,-2.594024805
4.570881896,-0.008146973676,-0.008137992634,-0.008102915237,-0.008096765813,-2.709327527,-2.710267933,-2.716637337,-2.716289712
4.786300923,-0.008146777404,-0.008136924896,-0.008098352194,-0.008092028334,-2.837027101,-2.83801209,-2.844682592,-2.844318607
5.011872336,-0.008146562255,-0.008135754438,-0.008093349739,-0.008086834617,-2.970746883,-2.971778594,-2.978764522,-2.978383408
5.248074602,-0.008146326418,-0.008134471408,-0.008087865643,-0.008081140813,-3.110770879,-3.11185156,-3.119167934,-3.118768889
5.495408739,-0.008146067913,-0.008133065018,-0.008081853641,-0.008074898873,-3.257396523,-3.258528533,-3.266191107,-3.265773289
5.754399373,-0.00814578457,-0.00813152345,-0.008075263038,-0.008068056158,-3.410935316,-3.412121133,-3.420146428,-3.419708958
6.025595861,-0.008145474012,-0.008129833766,-0.008068038304,-0.008060554994,-3.571713493,-3.57295572,-3.581361066,-3.580903024
6.309573445,-0.008145133638,-0.0081279818,-0.008060118603,-0.008052332204,-3.740072728,-3.741374102,-3.750177682,-3.749698105
6.60693448,-0.008144760603,-0.008125952044,-0.008051437305,-0.008043318587,-3.916370872,-3.917734269,-3.926955163,-3.926453043
6.918309709,-0.00814435179,-0.008123727523,-0.008041921433,-0.008033438349,-4.100982724,-4.102411169,-4.112069401,-4.111543685
7.244359601,-0.00814390379,-0.008121289661,-0.008031491072,-0.008022608484,-4.294300844,-4.295797519,-4.305914111,-4.305363697
7.58577575,-0.008143412875,-0.008118618135,-0.008020058717,-0.008010738103,-4.496736401,-4.498304657,-4.508901682,-4.508325417
7.943282347,-0.008142874967,-0.00811569071,-0.00800752857,-0.007997727694,-4.708720072,-4.710363437,-4.721464077,-4.720860757
8.317637711,-0.008142285605,-0.008112483071,-0.007993795764,-0.007983468319,-4.930702976,-4.932425167,-4.944053777,-4.943422142
8.7096359,-0.008141639916,-0.008108968632,-0.007978745526,-0.007967840745,-5.163157661,-5.164962597,-5.177144772,-5.176483504
9.120108394,-0.008140932575,-0.008105118331,-0.007962252265,-0.007950714491,-5.406579138,-5.408470951,-5.421233598,-5.420541321
9.54992586,-0.008140157761,-0.008100900414,-0.007944178578,-0.00793194679,-5.661485969,-5.663469021,-5.676840434,-5.676115711
10,-0.008139309123,-0.008096280191,-0.007924374172,-0.007911381475,-5.928421409,-5.930500308,-5.944510255,-5.943751582
10.47128548,-0.008138379726,-0.008091219784,-0.007902674696,-0.007888847751,-6.207954608,-6.210134223,-6.224814034,-6.224019842
10.96478196,-0.008137362005,-0.008085677849,-0.007878900471,-0.00786415888,-6.500681877,-6.502967359,-6.518350022,-6.517518673
11.48153621,-0.008136247711,-0.008079609279,-0.00785285512,-0.007837110746,-6.807228014,-6.809624817,-6.825745085,-6.824874867
12.02264435,-0.008135027857,-0.008072964889,-0.007824324084,-0.007807480308,-7.12824771,-7.130761611,-7.147656116,-7.146745243
12.58925412,-0.008133692651,-0.008065691077,-0.007793073023,-0.007775023931,-7.464427018,-7.467064146,-7.48477152,-7.48381813
13.18256739,-0.008132231444,-0.008057729463,-0.007758846092,-0.007739475583,-7.81648491,-7.819251771,-7.837812787,-7.836814937
13.80384265,-0.008130632651,-0.008049016505,-0.007721364088,-0.007700544896,-8.185174917,-8.188078428,-8.20753614,-8.206491804
14.45439771,-0.008128883692,-0.008039483103,-0.007680322464,-0.007657915093,-8.571286859,-8.574334378,-8.594734287,-8.593641355
15.13561248,-0.008126970915,-0.008029054172,-0.007635389204,-0.007611240753,-8.975648667,-8.978848035,-9.000238264,-8.999094538
15.84893192,-0.008124879522,-0.008017648207,-0.007586202559,-0.007560145443,-9.399128319,-9.4024879,-9.424919386,-9.423722579
16.59586907,-0.008122593502,-0.008005176826,-0.007532368641,-0.007504219186,-9.842635877,-9.846164603,-9.869691314,-9.868439046
17.37800829,-0.008120095552,-0.007991544308,-0.007473458874,-0.007443015784,-10.30712565,-10.31083308,-10.33551224,-10.33420204
18.19700859,-0.008117367012,-0.007976647128,-0.007409007321,-0.007376049994,-10.79359848,-10.79749484,-10.82338722,-10.82201651
19.05460718,-0.008114387801,-0.007960373495,-0.007338507878,-0.007302794572,-11.30310417,-11.30720046,-11.3343706,-11.33293672
19.95262315,-0.008111136368,-0.007942602903,-0.007261411359,-0.00722267718,-11.83674408,-11.84105209,-11.86956869,-11.86806887
20.89296131,-0.008107589653,-0.007923205714,-0.007177122506,-0.00713507721,-12.39567385,-12.40020627,-12.4301425,-12.42857388
21.87761624,-0.008103723078,-0.007902042794,-0.007084996928,-0.007039322519,-12.98110631,-12.98587684,-13.01731073,-13.01567035
22.90867653,-0.008099510565,-0.007878965213,-0.006984338041,-0.006934686146,-13.59431463,-13.59933806,-13.63235294,-13.63063775
23.98832919,-0.008094924608,-0.007853814058,-0.006874394045,-0.006820383048,-14.23663562,-14.24192792,-14.27661295,-14.27481978
25.11886432,-0.008089936405,-0.007826420384,-0.006754355027,-0.006695566939,-14.90947328,-14.91505177,-14.95150242,-14.94962803
26.30267992,-0.008084516087,-0.007796605372,-0.006623350278,-0.006559327322,-15.61430264,-15.62018612,-15.6585048,-15.65654585
27.54228703,-0.008078633066,-0.007764180739,-0.006480445964,-0.006410686854,-16.35267381,-16.35888272,-16.39917947,-16.39713255
28.84031503,-0.008072256571,-0.007728949524,-0.006324643298,-0.00624859918,-17.12621645,-17.13277303,-17.17516628,-17.17302787
30.1995172,-0.008065356414,-0.00769070732,-0.006154877447,-0.006071947481,-17.93664445,-17.94357296,-17.98819037,-17.98595692
31.6227766,-0.0080579041,-0.007649244153,-0.005970017424,-0.005879543983,-18.78576112,-18.79308807,-18.84006747,-18.83773536
33.11311215,-0.008049874403,-0.007604347171,-0.005768867337,-0.005670130781,-19.67546472,-19.6832191,-19.73270962,-19.73027519
34.67368505,-0.008041247592,-0.007555804431,-0.005550169427,-0.005442382438,-20.60775453,-20.6159681,-20.66813134,-20.6655909
36.30780548,-0.008032012575,-0.007503410134,-0.005312609497,-0.005194910937,-21.58473747,-21.59344507,-21.64845644,-21.64580631
38.01893963,-0.008022171311,-0.007446971801,-0.005054825483,-0.004926273746,-22.60863528,-22.61787516,-22.67592544,-22.67316195
39.81071706,-0.008011745027,-0.007386320029,-0.004775420162,-0.004634985999,-23.68179243,-23.69160666,-23.7529037,-23.75002325
41.68693835,-0.008000782972,-0.007321321742,-0.004472979308,-0.004319538094,-24.80668489,-24.81711975,-24.88189039,-24.87888948
43.65158322,-0.007989374752,-0.007251898163,-0.004146097023,-0.003978420451,-25.98592974,-25.9970362,-26.06552845,-26.0624037
45.70881896,-0.007977667772,-0.007178049223,-0.003793410559,-0.003610157743,-27.22229588,-27.23413009,-27.30661557,-27.30336381
47.86300923,-0.007965891906,-0.007099886799,-0.003413647738,-0.003213355721,-28.51871594,-28.53133981,-28.60811647,-28.60473478
50.11872336,-0.0079543945,-0.00701768012,-0.003005691169,-0.002786764858,-29.87829971,-29.89178146,-29.97317667,-29.96966247
52.48074602,-0.007943690122,-0.006931918066,-0.002568665043,-0.002329366583,-31.30434908,-31.31876393,-31.40513792,-31.40148907
54.95408739,-0.0079345314,-0.006843395033,-0.002102052398,-0.001840490054,-32.80037514,-32.81580595,-32.90755572,-32.90377057
57.54399373,-0.007928010088,-0.006753329826,-0.001605853829,-0.001319970459,-34.37011746,-34.38665546,-34.48421908,-34.48029668
60.25595861,-0.0079257015,-0.006663531076,-0.001080802946,-0.0007683642081,-36.01756618,-36.03531175,-36.13917325,-36.13511343
63.09573445,-0.00792987122,-0.006576628458,-0.0005286600174,-0.0001872425098,-37.74698749,-37.76605085,-37.87674567,-37.87254924
66.0693448,-0.007943771368,-0.006496397289,4.738596155e-05,0.0004204063365,-39.56295289,-39.58345492,-39.70157598,-39.69724495
69.18309709,-0.007972065712,-0.006428216071,0.0006421639608,0.001049623014,-41.47037346,-41.49244636,-41.6186509,-41.61418868
72.44359601,-0.008021440316,-0.00637971383,0.001247755525,0.00169271062,-43.4745397,-43.49832771,-43.63334487,-43.6287566
75.8577575,-0.008101481485,-0.006361688992,0.001852430526,0.002338168491,-45.58116863,-45.60682853,-45.75146783,-45.74676067
79.43282347,-0.00822593896,-0.006389417511,0.002439159997,0.002969202078,-47.79645932,-47.82416086,-47.97932163,-47.97450517
83.17637711,-0.008414544566,-0.006484519789,0.002983528318,0.003561630788,-50.12715905,-50.15708507,-50.32376698,-50.31885371
87.096359,-0.008695631797,-0.006677630745,0.003450789729,0.00408093826,-52.58064232,-52.61298861,-52.79230332,-52.78730915
91.20108394,-0.009109910331,-0.007012225144,0.003791702878,0.004478098149,-55.16500565,-55.19998035,-55.39316451,-55.38810941
95.4992586,-0.009715905587,-0.007550105454,0.003936617159,0.004683648237,-57.88918175,-57.92700414,-58.13543382,-58.13034252
100,-0.01059779761,-0.008379282318,0.003787054926,0.004599255769,-60.76307713,-60.80397581,-61.0291823,-61.02408521
104.7128548,-0.01187671448,-0.009625296934,0.003203705078,0.004085687831,-63.79773816,-63.84194825,-64.0856356,-64.08056975
109.6478196,-0.01372699302,-0.01146748976,0.001989275377,0.002945631883,-67.00555101,-67.05331028,-67.31737434,-67.31238454
114.8153621,-0.01639956714,-0.01416236463,-0.0001360112861,0.0008991485846,-70.40048117,-70.45202481,-70.73857364,-70.7337138
120.2264435,-0.02025555282,-0.01807710173,-0.003569418479,-0.002451388953,-73.99835756,-74.05391146,-74.3652867,-74.3606213
125.8925412,-0.02581435299,-0.02373752217,-0.00887561447,-0.007671293733,-77.81720437,-77.87697656,-78.21577457,-78.21138025
131.8256739,-0.03382229911,-0.03189649387,-0.01685764229,-0.0155646433,-81.87761815,-81.94178826,-82.31087906,-82.30684636
138.0384265,-0.04535004706,-0.04363096113,-0.02865729245,-0.0272747971,-86.20317755,-86.27188432,-86.67442439,-86.67085935
144.5439771,-0.06192962546,-0.06047845316,-0.04589589573,-0.04442537917,-90.82085341,-90.89418029,-91.33361251,-91.33063812
151.3561248,-0.08574491038,-0.08462679593,-0.07086934245,-0.06931553915,-95.76135243,-95.83931187,-96.31934125,-96.3170981
158.4893192,-0.1198915031,-0.1191729573,-0.1068130971,-0.1051852597,-101.0592701,-101.1417879,-101.6663145,-101.6649601
165.9586907,-0.1687214853,-0.1684664777,-0.1582519383,-0.1565654188,-106.7528381,-106.83974,-107.4127206,-107.4124261
173.7800829,-0.2382811913,-0.2385456781,-0.2314407819,-0.2297189028,-112.8829191,-112.973924,-113.5991218,-113.6000646
181.9700859,-0.336828674,-0.337653537,-0.3348797327,-0.333155774,-119.4907375,-119.5854635,-120.2660334,-120.2683832
190.5460718,-0.4753712502,-0.4767741467,-0.4798377842,-0.4781566639,-126.6136751,-126.7116673,-127.4495249,-127.4534212
199.5262315,-0.668081876,-0.6700494699,-0.6807357153,-0.6791545575,-134.27845,-134.3792394,-135.1741905,-135.1797091
208.9296131,-0.9323386792,-0.9348221473,-0.9551249736,-0.9537113549,-142.4913681,-142.5945676,-143.4432626,-143.4503737
218.7761624,-1.288027228,-1.290945273,-1.322903075,-1.321729617,-151.2264469,-151.3318781,-152.226818,-152.2353432
229.0867653,-1.755760561,-1.759014075,-1.804441927,-1.803576605,-160.4141851,-160.5220055,-161.451022,-161.4606059
239.8832919,-2.353961668,-2.357460849,-2.417621599,-2.417115062,-169.9359194,-170.0466966,-170.9934129,-171.0035308
251.1886432,-3.095361231,-3.099059174,-3.174378095,-3.174251821,-179.6291988,-179.743873,-180.6894201,-180.6994339
263.0267992,-3.984100572,-3.988020826,-4.077970961,-4.07821129,-189.3063425,-189.4260576,-190.3517336,-190.3609888
275.4228703,-5.01471521,-5.018960867,-5.122185393,-5.122746484,-198.7818446,-198.907697,-199.7976701,-199.8056006
288.4031503,-6.173497041,-6.178237545,-6.29285932,-6.293673744,-207.8989782,-208.0317781,-208.8748565,-208.881059
301.995172,-7.441573586,-7.447016428,-7.571002333,-7.571994588,-216.5464558,-216.6865837,-217.4766063,-217.4808645
316.227766,-8.798386065,-8.804745529,-8.936200551,-8.937298632,-224.6618633,-224.8092449,-225.5443373,-225.5466013
331.1311215,-10.22445261,-10.23192503,-10.36925971,-10.37040227,-232.2247977,-232.3789682,-233.0602593,-233.0606013
346.7368505,-11.70296994,-11.71171896,-11.85370034,-11.85483946,-239.2452686,-239.405478,-240.0358115,-240.0343775
363.0780548,-13.22037493,-13.23052573,-13.37625281,-13.37735371,-245.7520256,-245.9173475,-246.500275,-246.4972455
380.1893963,-14.76622762,-14.7778672,-14.92671159,-14.92775077,-251.7832428,-251.9526644,-252.4917857,-252.4873477
398.1071706,-16.33276406,-16.34594477,-16.4974844,-16.49844729,-257.3801315,-257.5526217,-258.051217,-258.0455476
416.8693835,-17.91435637,-17.92910089,-18.08306071,-18.08393945,-262.5830789,-262.7576334,-263.2185015,-263.2117591
436.5158322,-19.50700639,-19.52331282,-19.67951776,-19.68030926,-267.4296102,-267.6052815,-268.0307028,-268.0230235
457.0881896,-21.10792339,-21.12576998,-21.28411023,-21.28481469,-271.9535281,-272.1294419,-272.5212082,-272.5127059
478.6300923,-22.71519456,-22.73454396,-22.89495058,-22.89557042,-276.1847395,-276.3601039,-276.7195787,-276.710346
501.1872336,-24.3275385,-24.34834131,-24.51077008,-24.51130906,-280.1494488,-280.323557,-280.6517441,-280.6418547
524.8074602,-25.9441257,-25.96632348,-26.13074451,-26.13120722,-283.8705166,-284.0427469,-284.3403554,-284.3298662
549.5408739,-27.56445035,-27.58797809,-27.75436973,-27.75476114,-287.3678722,-287.5376848,-287.8051865,-287.79414
575.4399373,-29.18824013,-29.21302835,-29.38137382,-29.38169905,-290.6589177,-290.8258506,-291.0635275,-291.0519534
602.5595861,-30.81539364,-30.84136998,-31.01165597,-31.01192006,-293.7588972,-293.9225607,-294.1305421,-294.1184595
630.9573445,-32.44593742,-32.47302803,-32.64524446,-32.6454523,-296.6812186,-296.84129,-297.0195811,-297.0069995
660.693448,-34.07999712,-34.10812769,-34.28226828,-34.2824245,-299.4377281,-299.5939453,-299.742448,-299.7293689
691.8309709,-35.71777864,-35.74687523,-35.92293849,-35.92304742,-302.03894,-302.1910961,-302.3096231,-302.2960407
724.4359601,-37.35955638,-37.38954602,-37.56753651,-37.56760222,-304.4942274,-304.6421649,-304.730449,-304.716351
758.577575,-39.00566663,-39.03647778,-39.21640758,-39.2164338,-306.8119797,-306.9555848,-307.0132836,-306.9986519
794.3282347,-40.65650478,-40.68806763,-40.86995785,-40.86994801,-308.9997313,-309.1389291,-309.1656256,-309.1504366
831.7637711,-42.31252545,-42.34477205,-42.52865443,-42.52861168,-311.0642671,-311.1990168,-311.1942177,-311.1784426
870.96359,-43.97424481,-44.00710919,-44.19302775,-44.19295495,-313.0117088,-313.1419992,-313.1051302,-313.0887349
912.0108394,-45.64224502,-45.67566312,-45.86367592,-45.86357567,-314.8475837,-314.9734294,-314.9038281,-314.8867737
954.992586,-47.31718032,-47.35108988,-47.54127091,-47.54114556,-316.5768811,-316.6983188,-316.5952257,-316.5774678
1000,-48.99978493,-49.03412532,-49.22656651,-49.22641819,-318.2040962,-318.3211815,-318.1837282,-318.1652169
1047.128548,-50.6908828,-50.72559475,-50.92040824,-50.92023886,-319.7332638,-319.8460686,-319.6732639,-319.6539435
1096.478196,-52.39139933,-52.42642463,-52.62374533,-52.6235566,-321.1679832,-321.2765932,-321.0673063,-321.0471145
1148.153621,-54.10237549,-54.1376566,-54.33764511,-54.33743855,-322.5114346,-322.6159468,-322.3688879,-322.347755
1202.264435,-55.82498462,-55.86046424,-56.06331026,-56.06308721,-323.7663868,-323.8669082,-323.5806043,-323.5584526
1258.925412,-57.56055262,-57.59617312,-57.80209953,-57.80186115,-324.9351969,-325.0318428,-324.7046096,-324.6813519
1318.256739,-59.31058216,-59.346285,-59.55555263,-59.55529992,-326.0198014,-326.1126943,-325.7426019,-325.71814
1380.384265,-61.07678199,-61.11250701,-61.32542046,-61.32515424,-327.0216962,-327.1109649,-326.6957962,-326.6700193
1445.439771,-62.86110265,-62.89678721,-63.11370194,-63.11342284,-327.9419058,-328.027685,-327.5648851,-327.5376671
1513.561248,-64.66578031,-64.70135825,-64.92268929,-64.92239777,-328.7809378,-328.8633678,-328.3499801,-328.321177
1584.893192,-66.49339116,-66.52879158,-66.75502435,-66.75472065,-329.5387187,-329.6179459,-329.0505334,-329.019979
1659.586907,-68.34691946,-68.38206521,-68.61376915,-68.61345322,-330.2145065,-330.2906838,-329.6652284,-329.6327297
1737.800829,-70.22984393,-70.26464968,-70.50249556,-70.50216705,-330.8067711,-330.8800598,-330.1918327,-330.1571637
1819.700859,-72.14624859,-72.18061839,-72.42540064,-72.42505877,-331.3130319,-331.3836035,-330.6269965,-330.5898894
1905.460718,-74.10096721,-74.13479135,-74.38745722,-74.38710064,-331.7296332,-331.797673,-330.9659744,-330.9261085
1995.262315,-76.09977469,-76.13292547,-76.3946138,-76.39424034,-332.0514324,-332.1171445,-331.2022359,-331.1592224
2089.296131,-78.14964513,-78.18197115,-78.45406476,-78.45367106,-332.271357,-332.3349723,-331.32691,-331.2802703
2187.761624,-80.25910738,-80.29042565,-80.57462371,-80.57420461,-332.3797633,-332.4415503,-331.3279732,-331.2771089
2290.867653,-82.43874687,-82.46883143,-82.76725166,-82.76679912,-332.3634787,-332.4237623,-331.1890292,-331.1331776
2398.832919,-84.70193348,-84.73049872,-85.04582557,-85.04532688,-332.2043287,-332.2635191,-330.8874103,-330.825578
2511.886432,-87.06591251,-87.0925877,-87.42829382,-87.42772825,-331.8767731,-331.9354144,-330.3910991,-330.3219577
2630.267992,-89.55350365,-89.57779228,-89.93848095,-89.93781334,-331.3439269,-331.4027833,-329.65348,-329.5751981
2754.228703,-92.19587112,-92.21708295,-92.60903816,-92.60820577,-330.5504482,-330.6106663,-328.6038275,-328.5137824
2884.031503,-95.03729988,-95.05442992,-95.48653808,-95.48542143,-329.4088438,-329.4722834,-327.1287014,-327.0229562
3019.95172,-98.14401913,-98.15551529,-98.64087183,-98.63922285,-327.7704803,-327.8404628,-325.0318643,-324.9041455
3162.27766,-101.6219745,-101.6252468,-102.1839975,-102.1812368,,,,
3311.311215,-105.6567161,-105.6469699,-106.3106447,-106.305169,,,,
3467.368505,-110.6144667,-110.5815759,-111.3887441,-111.3748207,,,,
3630.780548,-117.2805554,-117.2035305,-117.9819652,-117.9308586,,,,
3801.893963,-124.4192022,-124.4475545,-122.6380448,-122.5169978,,,,
3981.071706,-121.004969,-121.1602318,-119.5846304,-119.5351472,,,,
4168.693835,-118.0477529,-118.1608879,-117.3204,-117.2964443,,,,
4365.158322,-116.8538767,-116.9432947,-116.4044159,-116.3888882,,,,
4570.881896,-116.6402697,-116.7157474,-116.3000295,-116.2882319,,,,
4786.300923,-116.9958568,-117.0628917,-116.6569349,-116.647387,,,,
5011.872336,-117.5754967,-117.6393899,-117.1364793,-117.1290678,,,,
5248.074602,-117.9250971,-117.9927215,-117.3128855,-117.3081777,,,,
5495.408739,-117.5764956,-117.653096,-116.8267883,-116.8249577,,,,
5754.399373,-116.4628183,-116.5469966,-115.7010273,-115.7012241,,,,
6025.595861,-114.9451368,-115.0321571,-114.2596724,-114.2608172,,,,
6309.573445,-113.3746815,-113.461325,-112.786704,-112.7881351,,,,
6606.93448,-111.9188495,-112.0038227,-111.418526,-111.4199537,,,,
6918.309709,-110.6256994,-110.7086985,-110.1966832,-110.1980054,,,,
7244.359601,-109.4941838,-109.5752881,-109.1217096,-109.1229017,,,,
7585.77575,-108.5076573,-108.5870645,-108.1800448,-108.1811113,,,,
7943.282347,-107.6465992,-107.7245257,-107.3549323,-107.3558866,,,,
8317.637711,-106.8928483,-106.9694942,-106.6303439,-106.6312012,,,,
8709.6359,-106.2307068,-106.306247,-105.9921606,-105.9929351,,,,
9120.108394,-105.6469657,-105.7215493,-105.4283329,-105.4290368,,,,
9549.92586,-105.1306027,-105.2043563,-104.9286959,-104.9293396,,,,
10000,-104.6724235,-104.745454,-104.4846964,-104.4852886,,,,
10471.28548,-104.2647315,-104.3371296,-104.0891236,-104.0896716,,,,
10964.78196,-103.9010508,-103.9728939,-103.7358756,-103.7363854,,,,
11481.53621,-103.575901,-103.6472552,-103.4197631,-103.4202398,,,,
12022.64435,-103.284617,-103.3555393,-103.136351,-103.1367989,,,,
12589.25412,-103.0232049,-103.0937443,-102.8818287,-102.8822515,,,,
13182.56739,-102.7882268,-102.8584259,-102.6529069,-102.6533075,,,,
13803.84265,-102.5767087,-102.6466046,-102.4467325,-102.4471136,,,,
14454.39771,-102.3860656,-102.4556909,-102.2608203,-102.2611841,,,,
15135.61248,-102.2140413,-102.2834244,-102.0929966,-102.0933452,,,,
15848.93192,-102.0586585,-102.1278246,-101.9413537,-101.9416887,,,,
16595.86907,-101.9181785,-101.9871497,-101.8042112,-101.8045339,,,,
17378.00829,-101.7910669,-101.8598631,-101.6800844,-101.6803963,,,,
18197.00859,-101.6759664,-101.7446048,-101.567658,-101.5679602,,,,
19054.60718,-101.571672,-101.6401683,-101.4657638,-101.4660572,,,,
19952.62315,-101.4771123,-101.5454804,-101.3733615,-101.373647,,,,
20892.96131,-101.3913319,-101.4595842,-101.289523,-101.2898014,,,,
21877.61624,-101.3134774,-101.3816251,-101.2134186,-101.2136906,,,,
22908.67653,-101.242785,-101.310838,-101.1443052,-101.1445714,,,,
23988.32919,-101.1785701,-101.2465374,-101.0815163,-101.0817772,,,,
25118.86432,-101.1202178,-101.1881074,-101.024453,-101.0247092,,,,
26302.67992,-101.0671754,-101.1349946,-100.9725767,-100.9728286,,,,
27542.28703,-101.0189452,-101.0867006,-100.9254023,-100.9256503,,,,
28840.31503,-100.9750788,-101.0427762,-100.8824923,-100.8827368,,,,
30199.5172,-100.9351715,-101.0028163,-100.8434521,-100.8436934,,,,
31622.7766,-100.8988579,-100.9664549,-100.8079248,-100.8081632,,,,
33113.11215,-100.8658076,-100.9333612,-100.7755882,-100.7758239,,,,
34673.68505,-100.8357218,-100.9032359,-100.7461502,-100.7463835,,,,
36307.80548,-100.80833,-100.8758083,-100.7193469,-100.719578,,,,
38018.93963,-100.7833872,-100.8508329,-100.6949387,-100.6951678,,,,
39810.71706,-100.7606713,-100.8280873,-100.6727087,-100.672936,,,,
41686.93835,-100.7399808,-100.8073698,-100.65246,-100.6526857,,,,
43651.58322,-100.721133,-100.7884974,-100.634014,-100.6342381,,,,
45708.81896,-100.703962,-100.7713041,-100.6172084,-100.6174312,,,,
47863.00923,-100.6883171,-100.7556388,-100.6018961,-100.6021176,,,,
50118.72336,-100.6740615,-100.7413647,-100.587943,-100.5881634,,,,
52480.74602,-100.6610707,-100.728357,-100.5752277,-100.5754471,,,,
54954.08739,-100.6492317,-100.7165026,-100.5636395,-100.5638579,,,,
57543.99373,-100.6384417,-100.7056986,-100.5530778,-100.5532953,,,,
60255.95861,-100.6286071,-100.6958513,-100.5434511,-100.5436679,,,,
63095.73445,-100.6196429,-100.6868754,-100.5346762,-100.5348923,,,,
66069.3448,-100.6114715,-100.6786935,-100.5266774,-100.5268928,,,,
69183.09709,-100.6040227,-100.671235,-100.5193857,-100.5196005,,,,
72443.59601,-100.5972321,-100.6644356,-100.5127383,-100.5129526,,,,
75857.7575,-100.5910414,-100.6582369,-100.506678,-100.5068918,,,,
79432.82347,-100.5853974,-100.6525856,-100.5011529,-100.5013663,,,,
83176.37711,-100.5802517,-100.6474332,-100.4961155,-100.4963284,,,,
87096.359,-100.5755601,-100.6427355,-100.4915226,-100.4917352,,,,
91201.08394,-100.5712824,-100.6384523,-100.487335,-100.4875472,,,,
95499.2586,-100.5673821,-100.634547,-100.4835167,-100.4837286,,,,
100000,-100.5638258,-100.6309861,-100.4800351,-100.4802467,,,,
