f_hz,mag_db_sim_pre_ideal,mag_db_model_pre_ideal,phase_deg_sim_pre_ideal,phase_deg_model_pre_ideal,mag_db_sim_pre_mim,mag_db_model_pre_mim,phase_deg_sim_pre_mim,phase_deg_model_pre_mim,mag_db_sim_post_lumped,mag_db_model_post_lumped,phase_deg_sim_post_lumped,phase_deg_model_post_lumped
0.1,-0.008149010058,-0.008148215319,-0.05927083596,-0.05927544389,-0.008149069475,-0.008148188394,-0.05929135284,-0.05929596261,-0.008150230801,-0.008148161848,-0.05943050144,-0.05943510598
0.1047128548,-0.008149009964,-0.008148216034,-0.06206418453,-0.06206900963,-0.008149068962,-0.008148188694,-0.06208566835,-0.06209049537,-0.008150228613,-0.008148160475,-0.06223137483,-0.06223619637
0.1096478196,-0.008149009861,-0.008148216819,-0.06498917959,-0.06499423209,-0.008149068401,-0.008148189023,-0.06501167591,-0.06501673042,-0.008150226214,-0.008148158971,-0.06516424933,-0.06516929811
0.1148153621,-0.008149009748,-0.008148217679,-0.06805202544,-0.06805731606,-0.008149067785,-0.008148189383,-0.06807558199,-0.0680808747,-0.008150223584,-0.008148157321,-0.06823534598,-0.0682406327
0.1202264435,-0.008149009623,-0.008148218623,-0.0712592188,-0.07126475875,-0.008149067109,-0.008148189779,-0.07128388553,-0.07128942768,-0.0081502207,-0.008148155513,-0.07145117899,-0.07145671485
0.1258925412,-0.008149009487,-0.008148219657,-0.07461756255,-0.07462336359,-0.008149066368,-0.008148190212,-0.07464339179,-0.07464919514,-0.008150217538,-0.00814815353,-0.07481856957,-0.07482436633
0.1318256739,-0.008149009338,-0.008148220791,-0.0781341802,-0.07814025463,-0.008149065556,-0.008148190687,-0.07816122675,-0.07816730359,-0.00815021407,-0.008148151355,-0.07834466041,-0.07835073036
0.1380384265,-0.008149009174,-0.008148222035,-0.08181653098,-0.08182289168,-0.008149064666,-0.008148191208,-0.08184485219,-0.08185121542,-0.008150210268,-0.008148148971,-0.08203693084,-0.08204328686
0.1445439771,-0.008149008995,-0.008148223398,-0.08567242564,-0.08567908611,-0.00814906369,-0.00814819178,-0.0857020816,-0.08570874472,-0.0081502061,-0.008148146356,-0.08590321267,-0.08590986822
0.1513561248,-0.008149008798,-0.008148224893,-0.08971004308,-0.08971701744,-0.008149062619,-0.008148192406,-0.08974109669,-0.08974807382,-0.008150201529,-0.00814814349,-0.0899517068,-0.08995867602
0.1584893192,-0.008149008582,-0.008148226533,-0.09393794763,-0.09394525067,-0.008149061445,-0.008148193093,-0.09397046476,-0.09397777071,-0.008150196517,-0.008148140346,-0.09419100065,-0.09419829831
0.1659586907,-0.008149008345,-0.00814822833,-0.09836510724,-0.09837275446,-0.008149060158,-0.008148193846,-0.09839915687,-0.09840680713,-0.008150191022,-0.0081481369,-0.09863008633,-0.09863772791
0.1737800829,-0.008149008086,-0.008148230301,-0.1030009125,-0.1030089202,-0.008149058747,-0.008148194672,-0.1030365669,-0.1030445777,-0.008150184996,-0.008148133121,-0.1032783798,-0.1032863815
0.1819700859,-0.008149007801,-0.008148232462,-0.1078551967,-0.1078635817,-0.0081490572,-0.008148195578,-0.1078925314,-0.1079009197,-0.00815017839,-0.008148128977,-0.1081457406,-0.1081541194
0.1905460718,-0.008149007489,-0.008148234832,-0.1129382563,-0.1129470365,-0.008149055503,-0.008148196571,-0.1129773506,-0.1129861342,-0.008150171145,-0.008148124434,-0.1132424933,-0.1132512669
0.1995262315,-0.008149007147,-0.00814823743,-0.1182608733,-0.1182700672,-0.008149053643,-0.00814819766,-0.11830181,-0.1183110076,-0.008150163202,-0.008148119453,-0.1185794486,-0.1185886357
0.2089296131,-0.008149006772,-0.008148240279,-0.1238343376,-0.1238439649,-0.008149051603,-0.008148198853,-0.1238772037,-0.1238868347,-0.008150154493,-0.00814811399,-0.124167927,-0.1241775471
0.2187761624,-0.008149006361,-0.008148243403,-0.1296704714,-0.1296805523,-0.008149049366,-0.008148200162,-0.1297153577,-0.1297254426,-0.008150144943,-0.008148108001,-0.1300197824,-0.1300298559
0.2290867653,-0.00814900591,-0.008148246828,-0.1357816539,-0.1357922099,-0.008149046914,-0.008148201598,-0.1358286556,-0.1358392158,-0.008150134472,-0.008148101434,-0.1361474275,-0.1361579757
0.2398832919,-0.008149005416,-0.008148250584,-0.1421808477,-0.1421919011,-0.008149044225,-0.008148203171,-0.1422300646,-0.1422411224,-0.008150122991,-0.008148094233,-0.1425638599,-0.1425749052
0.2511886432,-0.008149004874,-0.008148254701,-0.1488816265,-0.1488932008,-0.008149041277,-0.008148204897,-0.1489331629,-0.1489447419,-0.008150110402,-0.008148086338,-0.1492826896,-0.1492942555
0.2630267992,-0.008149004279,-0.008148259217,-0.1558982035,-0.1559103233,-0.008149038044,-0.008148206789,-0.1559521688,-0.1559642934,-0.008150096598,-0.008148077681,-0.1563181684,-0.1563302793
0.2754228703,-0.008149003628,-0.008148264167,-0.1632454619,-0.1632581529,-0.008149034499,-0.008148208863,-0.1633019706,-0.1633146666,-0.008150081463,-0.008148068189,-0.1636852194,-0.163697901
0.2884031503,-0.008149002913,-0.008148269596,-0.1709389863,-0.1709522754,-0.008149030612,-0.008148211138,-0.1709981582,-0.1710114526,-0.008150064867,-0.008148057781,-0.1713994692,-0.1714127484
0.301995172,-0.008149002129,-0.008148275548,-0.1789950958,-0.1790090111,-0.008149026351,-0.008148213632,-0.1790570565,-0.1790709773,-0.008150046671,-0.008148046369,-0.1794772808,-0.1794911859
0.316227766,-0.00814900127,-0.008148282075,-0.1874308785,-0.1874454495,-0.008149021678,-0.008148216367,-0.1874957593,-0.1875103362,-0.008150026718,-0.008148033855,-0.1879357886,-0.1879503489
0.3311311215,-0.008149000328,-0.008148289231,-0.1962642279,-0.1962794856,-0.008149016554,-0.008148219366,-0.1963321666,-0.1963474304,-0.008150004841,-0.008148020135,-0.1967929341,-0.1968081805
0.3467368505,-0.008148999295,-0.008148297077,-0.2055138809,-0.2055298576,-0.008149010936,-0.008148222654,-0.2055850216,-0.2056010046,-0.008149980853,-0.008148005091,-0.2060675047,-0.2060834696
0.3630780548,-0.008148998163,-0.008148305681,-0.2151994574,-0.215216187,-0.008149004776,-0.008148226259,-0.2152739509,-0.2152906871,-0.008149954551,-0.008147988595,-0.2157791731,-0.2157958903
0.3801893963,-0.008148996921,-0.008148315114,-0.2253415018,-0.2253590197,-0.008148998022,-0.008148230212,-0.2254195062,-0.2254370311,-0.008149925712,-0.008147970508,-0.2259485393,-0.2259660443
0.3981071706,-0.008148995559,-0.008148325458,-0.235961527,-0.2359798705,-0.008148990616,-0.008148234547,-0.2360432078,-0.2360615585,-0.00814989409,-0.008147950677,-0.236597174,-0.2366155039
0.4168693835,-0.008148994066,-0.0081483368,-0.2470820597,-0.2471012675,-0.008148982495,-0.008148239299,-0.2471675902,-0.2471868056,-0.008149859417,-0.008147928931,-0.2477476646,-0.2477668582
0.4365158322,-0.008148992429,-0.008148349236,-0.2587266882,-0.2587468011,-0.008148973591,-0.008148244511,-0.2588162498,-0.2588363707,-0.008149821399,-0.008147905088,-0.2594236629,-0.259443761
0.4570881896,-0.008148990634,-0.008148362872,-0.2709201126,-0.2709411733,-0.008148963828,-0.008148250225,-0.2710138953,-0.2710349644,-0.008149779714,-0.008147878945,-0.2716499358,-0.2716709809
0.4786300923,-0.008148988666,-0.008148377823,-0.283688197,-0.2837102501,-0.008148953124,-0.00814825649,-0.2837863999,-0.2838084617,-0.008149734006,-0.008147850279,-0.2844524169,-0.2844744537
0.5011872336,-0.008148986508,-0.008148394217,-0.2970580247,-0.2970811168,-0.008148941386,-0.00814826336,-0.297160856,-0.2971839573,-0.008149683889,-0.008147818848,-0.2978582625,-0.2978813376
0.5248074602,-0.008148984142,-0.008148412192,-0.3110579551,-0.3110821353,-0.008148928516,-0.008148270892,-0.311165633,-0.3111898228,-0.008149628937,-0.008147784385,-0.3118959085,-0.3119200708
0.5495408739,-0.008148981547,-0.008148431902,-0.3257176844,-0.3257430039,-0.008148914405,-0.008148279152,-0.3258304374,-0.325855767,-0.008149568683,-0.008147746597,-0.3265951311,-0.3266204319
0.5754399373,-0.008148978702,-0.008148453513,-0.3410683083,-0.3410948208,-0.008148898932,-0.008148288208,-0.3411863757,-0.3412128987,-0.008149502616,-0.008147705163,-0.3419871099,-0.3420136028
0.6025595861,-0.008148975583,-0.008148477209,-0.3571423882,-0.3571701499,-0.008148881966,-0.008148298138,-0.3572660204,-0.3572937931,-0.008149430176,-0.008147659732,-0.3581044939,-0.358132235
0.6309573445,-0.008148972163,-0.008148503192,-0.3739740199,-0.3740030896,-0.008148863363,-0.008148309027,-0.3741034794,-0.3741325606,-0.008149350747,-0.008147609918,-0.374981471,-0.3750105191
0.660693448,-0.008148968412,-0.008148531681,-0.3915989064,-0.3916293456,-0.008148842966,-0.008148320966,-0.3917344678,-0.3917649191,-0.008149263654,-0.008147555298,-0.3926538403,-0.3926842569
0.6918309709,-0.0081489643,-0.008148562919,-0.4100544333,-0.4100863064,-0.008148820602,-0.008148334056,-0.4101963842,-0.4102282701,-0.00814916816,-0.008147495409,-0.4111590882,-0.4111909378
0.7244359601,-0.008148959792,-0.008148597171,-0.429379748,-0.4294131227,-0.008148796079,-0.00814834841,-0.4295283899,-0.4295617778,-0.008149063452,-0.008147429742,-0.4305364679,-0.4305698179
0.758577575,-0.008148954848,-0.008148634727,-0.4496158435,-0.4496507904,-0.008148769191,-0.008148364149,-0.4497714916,-0.4498064524,-0.008148948644,-0.008147357741,-0.4508270825,-0.4508620035
0.7943282347,-0.008148949428,-0.008148675907,-0.4708056443,-0.4708422374,-0.008148739709,-0.008148381407,-0.4709686291,-0.4710052367,-0.008148822759,-0.008147278793,-0.4720739727,-0.4721105387
0.8317637711,-0.008148943484,-0.008148721059,-0.4929940984,-0.4930324151,-0.008148707382,-0.00814840033,-0.4931647659,-0.4932030978,-0.00814868473,-0.008147192229,-0.4943222075,-0.4943604958
0.87096359,-0.008148936967,-0.008148770569,-0.5162282722,-0.5162683936,-0.008148671938,-0.008148421079,-0.5164069845,-0.5164471219,-0.008148533384,-0.008147097315,-0.5176189802,-0.5176590719
0.9120108394,-0.008148929822,-0.008148824854,-0.5405574503,-0.5405994614,-0.008148633074,-0.00814844383,-0.540744587,-0.5407866147,-0.008148367438,-0.008146993244,-0.5420137086,-0.5420556885
0.954992586,-0.008148921987,-0.008148884378,-0.5660332405,-0.5660772302,-0.00814859046,-0.008148468776,-0.5662291987,-0.5662732058,-0.008148185483,-0.008146879134,-0.5675581395,-0.5676020965
1,-0.008148913396,-0.008148949644,-0.5927096829,-0.5927557441,-0.008148543736,-0.00814849613,-0.5929148788,-0.5929609582,-0.008147985974,-0.008146754016,-0.594306459,-0.5943524859
1.047128548,-0.008148903977,-0.008149021207,-0.6206433647,-0.6206915949,-0.008148492505,-0.008148526123,-0.6208582339,-0.6209064831,-0.008147767219,-0.008146616829,-0.6223154069,-0.6223636012
1.096478196,-0.008148893649,-0.008149099674,-0.6498935404,-0.6499440414,-0.008148436331,-0.008148559011,-0.6501185392,-0.6501690602,-0.008147527361,-0.008146466408,-0.6516443977,-0.6516948611
1.148153621,-0.008148882325,-0.008149185712,-0.6805222574,-0.680575136,-0.008148374739,-0.008148595073,-0.6807578637,-0.6808107632,-0.008147264363,-0.008146301477,-0.6823556463,-0.6824084856
1.202264435,-0.008148869908,-0.008149280052,-0.7125944877,-0.7126498556,-0.008148307206,-0.008148634615,-0.712841202,-0.7128965917,-0.008146975995,-0.008146120637,-0.7145143003,-0.714569627
1.258925412,-0.008148856294,-0.008149383493,-0.7461782659,-0.74623624,-0.008148233158,-0.008148677973,-0.7464366123,-0.7464946093,-0.008146659809,-0.008145922353,-0.7481885781,-0.7482465089
1.318256739,-0.008148841366,-0.008149496915,-0.7813448336,-0.7814055362,-0.008148151968,-0.008148725516,-0.781615361,-0.7816760875,-0.008146313122,-0.008145704943,-0.7834499135,-0.7835105708
1.380384265,-0.008148824999,-0.008149621279,-0.8181687905,-0.8182323497,-0.008148062946,-0.008148777647,-0.8184520737,-0.818515658,-0.008145932992,-0.008145466562,-0.8203731082,-0.8204366198
1.445439771,-0.008148807053,-0.008149757644,-0.8567282529,-0.8567948026,-0.008147965338,-0.008148834811,-0.8570248941,-0.8570914701,-0.008145516194,-0.008145205189,-0.8590364894,-0.8591029893
1.513561248,-0.008148787376,-0.008149907164,-0.8971050194,-0.8971746999,-0.008147858315,-0.008148897492,-0.8974156491,-0.8974853571,-0.00814505919,-0.008144918607,-0.899522077,-0.8995917053
1.584893192,-0.008148765802,-0.008150071112,-0.9393847446,-0.9394577026,-0.008147740969,-0.008148966224,-0.9397100235,-0.9397830103,-0.008144558103,-0.008144604384,-0.9419157576,-0.9419886608
1.659586907,-0.008148742146,-0.008150250878,-0.9836571213,-0.9837335104,-0.008147612306,-0.008149041591,-0.9839977411,-0.9840741602,-0.008144008683,-0.008144259855,-0.9863074665,-0.9863837981
1.737800829,-0.008148716209,-0.008150447989,-1.030016071,-1.030096051,-0.008147471234,-0.008149124234,-1.030372756,-1.030452768,-0.008143406267,-0.0081438821,-1.032791379,-1.0328713
1.819700859,-0.008148687771,-0.008150664118,-1.078559941,-1.078643681,-0.008147316556,-0.008149214856,-1.078933451,-1.079017224,-0.008142745745,-0.008143467914,-1.081466111,-1.081549788
1.905460718,-0.00814865659,-0.008150901101,-1.129391719,-1.129479395,-0.008147146962,-0.008149314227,-1.129782848,-1.129870558,-0.008142021515,-0.008143013787,-1.132434927,-1.132522536
1.995262315,-0.008148622403,-0.00815116095,-1.182619245,-1.18271104,-0.008146961012,-0.008149423195,-1.183028827,-1.183120658,-0.008141227433,-0.008142515867,-1.185805961,-1.185897686
2.089296131,-0.008148584919,-0.008151445871,-1.238355446,-1.238451552,-0.008146757132,-0.008149542685,-1.238784352,-1.238880496,-0.008140356764,-0.008141969935,-1.241692445,-1.241788478
2.187761624,-0.008148543821,-0.008151758285,-1.296718572,-1.29681919,-0.008146533592,-0.008149673715,-1.297167717,-1.297268375,-0.008139402125,-0.008141371364,-1.300212951,-1.300313493
2.290867653,-0.00814849876,-0.008152100844,-1.357832449,-1.35793779,-0.008146288499,-0.008149817401,-1.358302791,-1.358408174,-0.00813835542,-0.008140715081,-1.361491644,-1.361596904
2.398832919,-0.008148449355,-0.008152476457,-1.421826745,-1.421937028,-0.008146019774,-0.008149974967,-1.422319286,-1.422429613,-0.008137207773,-0.008139995527,-1.425658541,-1.425768739
2.511886432,-0.008148395187,-0.008152888315,-1.488837239,-1.488952694,-0.008145725142,-0.008150147756,-1.489353032,-1.489468532,-0.008135949456,-0.008139206605,-1.492849793,-1.492965159
2.630267992,-0.008148335797,-0.008153339915,-1.559006117,-1.559126984,-0.008145402107,-0.00815033724,-1.559546262,-1.559667176,-0.0081345698,-0.008138341634,-1.563207972,-1.563328746
2.754228703,-0.008148270683,-0.008153835093,-1.632482269,-1.632608799,-0.008145047932,-0.008150545034,-1.63304792,-1.633174499,-0.008133057113,-0.008137393291,-1.636882377,-1.637008808
2.884031503,-0.008148199294,-0.008154378056,-1.70942161,-1.709554064,-0.00814465962,-0.008150772913,-1.710013977,-1.710146482,-0.008131398575,-0.008136353548,-1.714029347,-1.714161698
3.01995172,-0.008148121024,-0.008154973414,-1.789987408,-1.79012606,-0.008144233882,-0.00815102282,-1.790607759,-1.790746464,-0.008129580133,-0.008135213606,-1.794812598,-1.794951141
3.16227766,-0.008148035212,-0.008155626227,-1.874350636,-1.874495771,-0.008143767117,-0.008151296889,-1.875000299,-1.87514549,-0.008127586381,-0.00813396382,-1.879403571,-1.879548591
3.311311215,-0.008147941133,-0.00815634204,-1.962690331,-1.962842248,-0.008143255374,-0.008151597463,-1.963370699,-1.963522673,-0.008125400432,-0.00813259362,-1.967981795,-1.96813359
3.467368505,-0.00814783799,-0.008157126934,-2.055193981,-2.05535299,-0.008142694327,-0.008151927111,-2.055906513,-2.056065582,-0.008123003774,-0.008131091423,-2.060735273,-2.060894153
3.630780548,-0.008147724913,-0.00815798758,-2.15205792,-2.152224345,-0.008142079232,-0.008152288653,-2.152804147,-2.152970636,-0.008120376119,-0.008129444534,-2.15786088,-2.15802717
3.801893963,-0.008147600945,-0.00815893129,-2.25348775,-2.25366193,-0.00814140489,-0.008152685185,-2.254269278,-2.254443523,-0.008117495224,-0.008127639039,-2.259564788,-2.259738825
3.981071706,-0.00814746504,-0.008159966085,-2.359698779,-2.359881065,-0.008140665606,-0.008153120104,-2.36051729,-2.360699645,-0.008114336712,-0.008125659696,-2.366062898,-2.366245034
4.168693835,-0.008147316052,-0.008161100759,-2.470916479,-2.471107239,-0.008139855137,-0.00815359714,-2.47177374,-2.471964571,-0.008110873867,-0.0081234898,-2.47758131,-2.477771911
4.365158322,-0.008147152723,-0.008162344959,-2.587376971,-2.587576587,-0.008138966644,-0.008154120389,-2.588274833,-2.588474523,-0.008107077406,-0.00812111105,-2.594356802,-2.59455625
4.570881896,-0.008146973676,-0.008163709261,-2.709327527,-2.709536396,-0.008137992634,-0.008154694348,-2.710267933,-2.710476879,-0.008102915237,-0.008118503396,-2.716637337,-2.716846027
4.786300923,-0.008146777404,-0.008165205267,-2.837027101,-2.837245637,-0.008136924896,-0.008155323953,-2.83801209,-2.838230705,-0.008098352194,-0.008115644875,-2.844682592,-2.844900938
5.011872336,-0.008146562255,-0.008166845699,-2.970746883,-2.970975514,-0.008135754438,-0.00815601463,-2.971778594,-2.972007308,-0.008093349739,-0.008112511428,-2.978764522,-2.978992952
5.248074602,-0.008146326418,-0.008168644508,-3.110770879,-3.111010051,-0.008134471408,-0.008156772337,-3.11185156,-3.112090817,-0.008087865643,-0.008109076702,-3.119167934,-3.119406893
5.495408739,-0.008146067913,-0.008170616999,-3.257396523,-3.257646699,-0.008133065018,-0.00815760362,-3.258528533,-3.258778797,-0.008081853641,-0.008105311841,-3.266191107,-3.266441055
5.754399373,-0.00814578457,-0.008172779954,-3.410935316,-3.411196973,-0.00813152345,-0.008158515674,-3.412121133,-3.412382881,-0.008075263038,-0.008101185244,-3.420146428,-3.420407843
6.025595861,-0.008145474012,-0.008175151783,-3.571713493,-3.571987128,-0.008129833766,-0.008159516406,-3.57295572,-3.573229449,-0.008068038304,-0.008096662313,-3.581361066,-3.581634443
6.309573445,-0.008145133638,-0.008177752676,-3.740072728,-3.740358852,-0.0081279818,-0.00816061451,-3.741374102,-3.741660322,-0.008060118603,-0.008091705172,-3.750177682,-3.75046353
6.60693448,-0.008144760603,-0.008180604781,-3.916370872,-3.916670014,-0.008125952044,-0.008161819548,-3.917734269,-3.918033509,-0.008051437305,-0.008086272366,-3.926955163,-3.927254009
6.918309709,-0.00814435179,-0.008183732391,-4.100982724,-4.101295428,-0.008123727523,-0.008163142036,-4.102411169,-4.102723974,-0.008041921433,-0.008080318525,-4.112069401,-4.112381788
7.244359601,-0.00814390379,-0.008187162154,-4.294300844,-4.294627668,-0.008121289661,-0.008164593545,-4.295797519,-4.296124447,-0.008031491072,-0.008073794012,-4.305914111,-4.306240596
7.58577575,-0.008143412875,-0.008190923305,-4.496736401,-4.497077921,-0.008118618135,-0.008166186813,-4.498304657,-4.498646283,-0.008020058717,-0.008066644524,-4.508901682,-4.509242836
7.943282347,-0.008142874967,-0.008195047913,-4.708720072,-4.709076875,-0.00811569071,-0.008167935863,-4.710363437,-4.710720347,-0.00800752857,-0.008058810675,-4.721464077,-4.721820486
8.317637711,-0.008142285605,-0.008199571164,-4.930702976,-4.931075662,-0.008112483071,-0.008169856141,-4.932425167,-4.932797961,-0.007993795764,-0.008050227529,-4.944053777,-4.944426038
8.7096359,-0.008141639916,-0.00820453166,-5.163157661,-5.163546839,-0.008108968632,-0.00817196467,-5.164962597,-5.165351884,-0.007978745526,-0.008040824111,-5.177144772,-5.177533491
9.120108394,-0.008140932575,-0.008209971758,-5.406579138,-5.406985427,-0.008105118331,-0.008174280213,-5.408470951,-5.408877349,-0.007962252265,-0.008030522859,-5.421233598,-5.421639389
9.54992586,-0.008140157761,-0.008215937935,-5.661485969,-5.661909991,-0.008100900414,-0.008176823468,-5.663469021,-5.663893153,-0.007944178578,-0.008019239047,-5.676840434,-5.677263917
10,-0.008139309123,-0.008222481195,-5.928421409,-5.928863791,-0.008096280191,-0.008179617273,-5.930500308,-5.930942797,-0.007924374172,-0.008006880159,-5.944510255,-5.94495205
10.47128548,-0.008138379726,-0.00822965751,-6.207954608,-6.208415973,-0.008091219784,-0.008182686846,-6.210134223,-6.210595694,-0.007902674696,-0.007993345213,-6.224814034,-6.22527476
10.96478196,-0.008137362005,-0.008237528316,-6.500681877,-6.501162843,-0.008085677849,-0.00818606005,-6.502967359,-6.503448426,-0.007878900471,-0.007978524034,-6.518350022,-6.51883029
11.48153621,-0.008136247711,-0.008246161045,-6.807228014,-6.807729187,-0.008079609279,-0.008189767686,-6.809624817,-6.810126085,-0.00785285512,-0.007962296483,-6.825745085,-6.826245493
12.02264435,-0.008135027857,-0.008255629724,-7.12824771,-7.128769674,-0.008072964889,-0.008193843833,-7.130761611,-7.131283663,-0.007824324084,-0.007944531627,-7.147656116,-7.148177241
12.58925412,-0.008133692651,-0.008266015624,-7.464427018,-7.464970332,-0.008065691077,-0.008198326223,-7.467064146,-7.467607539,-0.007793073023,-0.007925086856,-7.48477152,-7.485313912
13.18256739,-0.008132231444,-0.008277407985,-7.81648491,-7.817050097,-0.008057729463,-0.008203256665,-7.819251771,-7.819817025,-0.007758846092,-0.007903806955,-7.837812787,-7.838376957
13.80384265,-0.008130632651,-0.008289904806,-8.185174917,-8.185762451,-0.008049016505,-0.00820868153,-8.188078428,-8.188666015,-0.007721364088,-0.007880523111,-8.20753614,-8.208122551
14.45439771,-0.008128883692,-0.008303613723,-8.571286859,-8.571897153,-0.008039483103,-0.008214652294,-8.574334378,-8.574944707,-0.007680322464,-0.007855051885,-8.594734287,-8.595343339
15.13561248,-0.008126970915,-0.008318652974,-8.975648667,-8.976282059,-0.008029054172,-0.008221226159,-8.978848035,-8.97948144,-0.007635389204,-0.00782719413,-9.000238264,-9.000870277
15.84893192,-0.008124879522,-0.00833515247,-9.399128319,-9.399785051,-0.008017648207,-0.008228466759,-9.4024879,-9.403144618,-0.007586202559,-0.007796733879,-9.424919386,-9.425574585
16.59586907,-0.008122593502,-0.008353254971,-9.842635877,-9.843316075,-0.008005176826,-0.008236444961,-9.846164603,-9.846844757,-0.007532368641,-0.0077634372,-9.869691314,-9.870369806
17.37800829,-0.008120095552,-0.008373117394,-10.30712565,-10.3078293,-0.007991544308,-0.008245239787,-10.31083308,-10.31153665,-0.007473458874,-0.007727051039,-10.33551224,-10.33621399
18.19700859,-0.008117367012,-0.008394912257,-10.79359848,-10.7943254,-0.007976647128,-0.008254939464,-10.79749484,-10.79822164,-0.007409007321,-0.007687302069,-10.82338722,-10.82411201
19.05460718,-0.008114387801,-0.008418829281,-11.30310417,-11.30385398,-0.007960373495,-0.008265642629,-11.30720046,-11.30795008,-0.007338507878,-0.007643895562,-11.3343706,-11.33511802
19.95262315,-0.008111136368,-0.008445077169,-11.83674408,-11.83751615,-0.007942602903,-0.008277459721,-11.84105209,-11.84182391,-0.007261411359,-0.007596514324,-11.86956869,-11.87033807
20.89296131,-0.008107589653,-0.008473885581,-12.39567385,-12.39646726,-0.007923205714,-0.008290514579,-12.40020627,-12.40099936,-0.007177122506,-0.007544817724,-12.4301425,-12.43093289
21.87761624,-0.008103723078,-0.008505507331,-12.98110631,-12.9819198,-0.007902042794,-0.008304946295,-12.98587684,-12.98668993,-0.007084996928,-0.00748844087,-13.01731073,-13.01812082
22.90867653,-0.008099510565,-0.008540220847,-13.59431463,-13.59514655,-0.007878965213,-0.008320911352,-13.59933806,-13.60016946,-0.006984338041,-0.007426993997,-13.63235294,-13.63318102
23.98832919,-0.008094924608,-0.008578332907,-14.23663562,-14.23748383,-0.007853814058,-0.008338586123,-14.24192792,-14.24277549,-0.006874394045,-0.007360062145,-14.27661295,-14.27745681
25.11886432,-0.008089936405,-0.00862018172,-14.90947328,-14.91033508,-0.007826420384,-0.008358169773,-14.91505177,-14.9159128,-0.006754355027,-0.007287205223,-14.95150242,-14.95235931
26.30267992,-0.008084516087,-0.008666140386,-15.61430264,-15.61517468,-0.007796605372,-0.008379887654,-15.62018612,-15.62105723,-0.006623350278,-0.007207958594,-15.6585048,-15.65937127
27.54228703,-0.008078633066,-0.008716620803,-16.35267381,-16.35355197,-0.007764180739,-0.008403995291,-16.35888272,-16.35975975,-0.006480445964,-0.007121834323,-16.39917947,-16.4000513
28.84031503,-0.008072256571,-0.008772078112,-17.12621645,-17.1270957,-0.007728949524,-0.008430783079,-17.13277303,-17.13365093,-0.006324643298,-0.007028323301,-17.17516628,-17.17603832
30.1995172,-0.008065356414,-0.008833015755,-17.93664445,-17.93751871,-0.00769070732,-0.008460581833,-17.94357296,-17.94444561,-0.006154877447,-0.006926898474,-17.98819037,-17.9890564
31.6227766,-0.0080579041,-0.008899991311,-18.78576112,-18.78662305,-0.007649244153,-0.008493769389,-18.79308807,-18.79394809,-0.005970017424,-0.006817019503,-18.84006747,-18.84092003
33.11311215,-0.008049874403,-0.008973623248,-19.67546472,-19.67630555,-0.007604347171,-0.008530778493,-19.6832191,-19.68405766,-0.005768867337,-0.00669813922,-19.73270962,-19.73353974
34.67368505,-0.008041247592,-0.009054598827,-20.60775453,-20.6085638,-0.007555804431,-0.008572106276,-20.6159681,-20.61677469,-0.005550169427,-0.006569712401,-20.66813134,-20.66892833
36.30780548,-0.008032012575,-0.009143683471,-21.58473747,-21.58550271,-0.007503410134,-0.008618325736,-21.59344507,-21.59420715,-0.005312609497,-0.006431207458,-21.64845644,-21.64920762
38.01893963,-0.008022171311,-0.009241731979,-22.60863528,-22.60934171,-0.007446971801,-0.008670099719,-22.61787516,-22.61857788,-0.005054825483,-0.006282121861,-22.67592544,-22.67661573
39.81071706,-0.008011745027,-0.009349702167,-23.68179243,-23.68242256,-0.007386320029,-0.008728198127,-23.69160666,-23.69223244,-0.004775420162,-0.006122002318,-23.7529037,-23.75351528
41.68693835,-0.008000782972,-0.009468671703,-24.80668489,-24.80721806,-0.007321321742,-0.00879351926,-24.81711975,-24.81764782,-0.004472979308,-0.005950471061,-24.88189039,-24.88240222
43.65158322,-0.007989374752,-0.009599859213,-25.98592974,-25.98634157,-0.007251898163,-0.008867116567,-25.9970362,-25.99744205,-0.004146097023,-0.005767259985,-26.06552845,-26.06591568
45.70881896,-0.007977667772,-0.009744651174,-27.22229588,-27.22255762,-0.007178049223,-0.008950232539,-27.23413009,-27.23438483,-0.003793410559,-0.005572254968,-27.30661557,-27.30684893
47.86300923,-0.007965891906,-0.009904636758,-28.51871594,-28.51879377,-0.007099886799,-0.009044342108,-28.53133981,-28.53140944,-0.003413647738,-0.005365553469,-28.60811647,-28.6081615
50.11872336,-0.0079543945,-0.01008165365,-29.87829971,-29.87815379,-0.00701768012,-0.009151208884,-29.89178146,-29.89162596,-0.003005691169,-0.005147539575,-29.97317667,-29.9729928
52.48074602,-0.007943690122,-0.01027784921,-31.30434908,-31.30393257,-0.006931918066,-0.009272958869,-31.31876393,-31.31833623,-0.002568665043,-0.004918982173,-31.40513792,-31.40467744
54.95408739,-0.0079345314,-0.01049576316,-32.80037514,-32.79963293,-0.006843395033,-0.00941217816,-32.81580595,-32.81505068,-0.002102052398,-0.004681163994,-32.90755572,-32.9067625
57.54399373,-0.007928010088,-0.01073844076,-34.37011746,-34.36898475,-0.006753329826,-0.009572043918,-34.38665546,-34.38550751,-0.001605853829,-0.004436052282,-34.48421908,-34.4830271
60.25595861,-0.0079257015,-0.01100958921,-36.01756618,-36.01596675,-0.006663531076,-0.009756501716,-36.03531175,-36.03369452,-0.001080802946,-0.00418652599,-36.13917325,-36.13750485
63.09573445,-0.00792987122,-0.0113137957,-37.74698749,-37.74483162,-0.006576628458,-0.009970508033,-37.76605085,-37.76387421,-0.0005286600174,-0.003936680404,-37.87674567,-37.87450945
66.0693448,-0.007943771368,-0.01165683365,-39.56295289,-39.560135,-0.006496397289,-0.01022036472,-39.58345492,-39.58061277,4.738596155e-05,-0.003692238643,-39.70157598,-39.69866433
69.18309709,-0.007972065712,-0.01204609531,-41.47037346,-41.46676916,-0.006428216071,-0.01051418387,-41.49244636,-41.48881374,0.0006421639608,-0.003461111664,-41.6186509,-41.61493705
72.44359601,-0.008021440316,-0.0124912059,-43.4745397,-43.47000238,-0.00637971383,-0.01086253847,-43.49832771,-43.49375732,0.001247755525,-0.003254166014,-43.63334487,-43.62867938
75.8577575,-0.008101481485,-0.01300489877,-45.58116863,-45.57552534,-0.006361688992,-0.01127937821,-45.60682853,-45.60114663,0.001852430526,-0.00308628376,-45.75146783,-45.74567437
79.43282347,-0.00822593896,-0.01360426663,-47.79645932,-47.78950588,-0.006389417511,-0.01178332519,-47.82416086,-47.81716233,0.002439159997,-0.002977835418,-47.97932163,-47.97219201
83.17637711,-0.008414544566,-0.01431255444,-50.12715905,-50.11865415,-0.006484519789,-0.01239951465,-50.15708507,-50.14852752,0.002983528318,-0.00295673905,-50.32376698,-50.31505513
87.096359,-0.008695631797,-0.01516173358,-52.58064232,-52.57030053,-0.006677630745,-0.01316221893,-52.61298861,-52.60258533,0.003450789729,-0.003061354176,-52.79230332,-52.78171816
91.20108394,-0.009109910331,-0.01619620264,-55.16500565,-55.15248902,-0.007012225144,-0.01411859817,-55.19998035,-55.1873919,0.003791702878,-0.003344567858,-55.39316451,-55.38036137
95.4992586,-0.009715905587,-0.01747811295,-57.88918175,-57.8740897,-0.007550105454,-0.01533407305,-57.92700414,-57.91182826,0.003936617159,-0.00387958676,-58.13543382,-58.12000417
100,-0.01059779761,-0.01909503649,-60.76307713,-60.74493449,-0.008379282318,-0.01690003286,-60.80397581,-60.78573533,0.003787054926,-0.004768173663,-61.0291823,-61.01064157
104.7128548,-0.01187671448,-0.02117100774,-63.79773816,-63.77598079,-0.009625296934,-0.01894490458,-63.84194825,-63.82007679,0.003203705078,-0.006152388639,-64.0856356,-64.06340861
109.6478196,-0.01372699302,-0.02388241953,-67.00555101,-66.97950881,-0.01146748976,-0.0216500546,-67.05331028,-67.02713513,0.001989275377,-0.00823135367,-67.31737434,-67.29077801
114.8153621,-0.01639956714,-0.02748088761,-70.40048117,-70.36935795,-0.01416236463,-0.02527262662,-70.45202481,-70.42074689,-0.0001360112861,-0.01128520857,-70.73857364,-70.70679675
120.2264435,-0.02025555282,-0.03232608992,-73.99835756,-73.96120761,-0.01807710173,-0.03017830597,-74.05391146,-74.01658179,-0.003569418479,-0.01570933552,-74.3652867,-74.32736622
125.8925412,-0.02581435299,-0.03893281785,-77.81720437,-77.77290547,-0.02373752217,-0.03688822769,-77.87697656,-77.83246932,-0.00887561447,-0.0220631836,-78.21577457,-78.17056864
131.8256739,-0.03382229911,-0.04803814241,-81.87761815,-81.82484143,-0.03189649387,-0.04614590388,-81.94178826,-81.88877072,-0.01685764229,-0.03113971327,-82.31087906,-82.25703701
138.0384265,-0.04535004706,-0.06069676678,-86.20317755,-86.14035516,-0.04363096113,-0.05901220773,-86.27188432,-86.20878455,-0.02865729245,-0.04406366592,-86.67442439,-86.61035494
144.5439771,-0.06192962546,-0.07841529096,-90.82085341,-90.74614663,-0.06047845316,-0.07699909747,-90.89418029,-90.81915543,-0.04589589573,-0.06242950691,-91.33361251,-91.25745304
151.3561248,-0.08574491038,-0.1033389877,-95.76135243,-95.6726251,-0.08462679593,-0.1022556314,-95.83931187,-95.75022177,-0.07086934245,-0.0884926847,-96.31934125,-96.22893336
158.4893192,-0.1198915031,-0.1385069601,-101.0592701,-100.9540766,-0.1191729573,-0.1378220992,-101.1417879,-101.0361834,-0.1068130971,-0.1254298935,-101.6663145,-101.5591956
165.9586907,-0.1687214853,-0.1881912739,-106.7528381,-106.6284411,-0.1684664777,-0.1879678432,-106.83974,-106.7148809,-0.1582519383,-0.1776832389,-107.4127206,-107.2861478
173.7800829,-0.2382811913,-0.2583288582,-112.8829191,-112.7363617,-0.2385456781,-0.2586216149,-112.973924,-112.826852,-0.2314407819,-0.2513954072,-113.5991218,-113.4501525
181.9700859,-0.336828674,-0.3570345612,-119.4907375,-119.3190041,-0.337653537,-0.3578830708,-119.5854635,-119.4131631,-0.3348797327,-0.3549208364,-120.2660334,-120.0916987
190.5460718,-0.4753712502,-0.4951392209,-126.6136751,-126.4139847,-0.4767741467,-0.4965597796,-126.7116673,-126.5113595,-0.4798377842,-0.4993509504,-127.4495249,-127.2471376
199.5262315,-0.668081876,-0.6866172442,-134.27845,-134.0487194,-0.6700494699,-0.6885951975,-134.3792394,-134.1488448,-0.6807357153,-0.6989098564,-135.1741905,-134.9418222
208.9296131,-0.9323386792,-0.9486552851,-142.4913681,-142.2308478,-0.9348221473,-0.9511406001,-142.5945676,-142.3333423,-0.9551249736,-0.9709643516,-143.4432626,-143.180386
218.7761624,-1.288027228,-1.301006439,-151.2264469,-150.936447,-1.290945273,-1.303916726,-151.3318781,-151.041139,-1.322903075,-1.335292738,-152.226818,-151.9350186
229.0867653,-1.755760561,-1.764279171,-160.4141851,-160.0986747,-1.759014075,-1.767514298,-160.5220055,-160.2057298,-1.804441927,-1.812281393,-161.451022,-161.134554
239.8832919,-2.353961668,-2.357080668,-169.9359194,-169.6016736,-2.357460849,-2.360549864,-170.0466966,-169.7116695,-2.417621599,-2.420015049,-170.9934129,-170.6592744
251.1886432,-3.095361231,-3.092526876,-179.6291988,-179.2852136,-3.099059174,-3.096182476,-179.743873,-179.3991038,-3.174378095,-3.17082927,-180.6894201,-180.3466925
263.0267992,-3.984100572,-3.975279544,-189.3063425,-188.9625227,-3.988020826,-3.97914492,-189.4260576,-189.0814679,-4.077970961,-4.068505284,-190.3517336,-190.0102312
275.4228703,-5.01471521,-5.000401092,-198.7818446,-198.4473722,-5.018960867,-5.004580142,-198.907697,-198.572487,-5.122185393,-5.107342203,-199.7976701,-199.4663322
288.4031503,-6.173497041,-6.154586598,-207.8989782,-207.5809633,-6.178237545,-6.159250664,-208.0317781,-207.7130737,-6.29285932,-6.273559543,-208.8748565,-208.5604707
301.995172,-7.441573586,-7.419173024,-216.5464558,-216.2492863,-7.447016428,-7.424532276,-216.6865837,-216.3887825,-7.571002333,-7.54835456,-217.4766063,-217.1832406
316.227766,-8.798386065,-8.773624221,-224.6618633,-224.3872792,-8.804745529,-8.77989584,-224.8092449,-224.5340889,-8.936200551,-8.91132008,-225.5443373,-225.2734706
331.1311215,-10.22445261,-10.19835028,-232.2247977,-231.9724275,-10.23192503,-10.20573317,-232.3789682,-232.1260812,-10.36925971,-10.34314541,-233.0602593,-232.8113387
346.7368505,-11.70296994,-11.67637527,-239.2452686,-239.0133134,-11.71171896,-11.68503499,-239.405478,-239.173052,-11.85370034,-11.82717618,-240.0358115,-239.8069313
363.0780548,-13.22037493,-13.19395009,-245.7520256,-245.5378767,-13.23052573,-13.204013,-245.9173475,-245.7027625,-13.37625281,-13.34995825,-246.500275,-246.2887772
380.1893963,-14.76622762,-14.74046536,-251.7832428,-251.5839437,-14.7778672,-14.75201894,-251.9526644,-251.7529526,-14.92671159,-14.90111986,-252.4917857,-252.2947035
398.1071706,-16.33276406,-16.30801695,-257.3801315,-257.1926806,-16.34594477,-16.32111354,-257.5526217,-257.3647713,-16.4974844,-16.47293212,-258.051217,-257.8655625
416.8693835,-17.91435637,-17.89086803,-262.5830789,-262.4046041,-17.92910089,-17.90552989,-262.7576334,-262.5787643,-18.08306071,-18.05977887,-263.2185015,-263.0414299
436.5158322,-19.50700639,-19.48493954,-267.4296102,-267.257456,-19.52331282,-19.50116415,-267.6052815,-267.432732,-19.67951776,-19.65765924,-268.0307028,-267.8595917
457.0881896,-21.10792339,-21.08738293,-271.9535281,-271.7852862,-21.12576998,-21.10514783,-272.1294419,-271.9607994,-21.28411023,-21.26377237,-272.5212082,-272.3536846
478.6300923,-22.71519456,-22.69624567,-276.1847395,-276.0182473,-22.73454396,-22.71551276,-276.3601039,-276.1932032,-22.89495058,-22.87619278,-276.7195787,-276.5535146
501.1872336,-24.3275385,-24.31022037,-280.1494488,-279.9827709,-24.34834131,-24.33093955,-280.323557,-280.1564617,-24.51077008,-24.49362713,-280.6517441,-280.4852369
524.8074602,-25.9441257,-25.92846182,-283.8705166,-283.7019187,-25.96632348,-25.950574,-284.0427469,-283.8737226,-26.13074451,-26.11523658,-284.3403554,-284.171701
549.5408739,-27.56445035,-27.55045616,-287.3678722,-287.1957921,-27.58797809,-27.57389577,-287.5376848,-287.36517,-27.75436973,-27.74050972,-287.8051865,-287.6328499
575.4399373,-29.18824013,-29.17592869,-290.6589177,-290.4819371,-29.21302835,-29.20062574,-290.8258506,-290.6484283,-29.38137382,-29.36917286,-291.0635275,-290.8861145
602.5595861,-30.81539364,-30.80477981,-293.7588972,-293.5757152,-30.84136998,-30.83066157,-293.9225607,-293.7389318,-31.01165597,-31.00112746,-294.1305421,-293.946773
630.9573445,-32.44593742,-32.43704111,-296.6812186,-296.4906271,-32.47302803,-32.46403339,-296.84129,-296.6502481,-32.64524446,-32.63640714,-297.0195811,-296.8282657
660.693448,-34.07999712,-34.07284573,-299.4377281,-299.2385896,-34.10812769,-34.10087397,-299.5939453,-299.3943551,-34.28226828,-34.27514861,-299.742448,-299.5424642
691.8309709,-35.71777864,-35.71240902,-302.03894,-301.8301678,-35.74687523,-35.74139909,-302.1910961,-301.981873,-35.92293849,-35.91757249,-302.3096231,-302.0998969
724.4359601,-37.35955638,-37.35601644,-304.4942274,-304.2747674,-37.38954602,-37.38589523,-304.6421649,-304.4222568,-37.56753651,-37.56397135,-304.730449,-304.5099361
758.577575,-39.00566663,-39.00401677,-306.8119797,-306.5807936,-39.03647778,-39.03471264,-306.9555848,-306.7239554,-39.21640758,-39.21470286,-307.0132836,-306.7809529
794.3282347,-40.65650478,-40.65681915,-308.9997313,-308.7557808,-40.68806763,-40.6882622,-309.1389291,-308.894542,-40.86995785,-40.87018687,-309.1656256,-308.9204435
831.7637711,-42.31252545,-42.31489316,-311.0642671,-310.806499,-42.34477205,-42.34701541,-311.1990168,-310.9408205,-42.52865443,-42.53090532,-311.1942177,-310.935133
870.96359,-43.97424481,-43.97877116,-313.0117088,-312.7390398,-44.00710919,-44.01150659,-313.1419992,-312.8689122,-44.19302775,-44.19740464,-313.1051302,-312.8310593
912.0108394,-45.64224502,-45.64905275,-314.8475837,-314.5588861,-45.67566312,-45.68233726,-314.9734294,-314.6843256,-45.86367592,-45.87030014,-314.9038281,-314.6136402
954.992586,-47.31718032,-47.3264109,-316.5768811,-316.2709672,-47.35108988,-47.36018222,-316.6983188,-316.3920121,-47.54127091,-47.55028222,-316.5952257,-316.2877273
1000,-48.99978493,-49.01159999,-318.2040962,-317.8797023,-49.03412532,-49.04579745,-318.3211815,-317.9964097,-49.22656651,-49.23812446,-318.1837282,-317.8576469
1047.128548,-50.6908828,-50.70546561,-319.7332638,-319.3890327,-50.72559475,-50.74002992,-319.8460686,-319.501476,-50.92040824,-50.9346936,-319.6732639,-319.3272306
1096.478196,-52.39139933,-52.40895646,-321.1679832,-320.8024448,-52.42642463,-52.44382935,-321.2765932,-320.9107112,-52.62374533,-52.64096161,-321.0673063,-320.6998359
1148.153621,-54.10237549,-54.12313851,-322.5114346,-322.1229841,-54.1376566,-54.1582624,-322.6159468,-322.2271723,-54.33764511,-54.3580202,-322.3688879,-321.9783568
1202.264435,-55.82498462,-55.84921196,-323.7663868,-323.3532602,-55.86046424,-55.88452946,-323.8669082,-323.4534789,-56.06331026,-56.08709814,-323.5806043,-323.1652254
1258.925412,-57.56055262,-57.58853146,-324.9351969,-324.4954422,-57.59617312,-57.62398489,-325.0318428,-324.5918086,-57.80209953,-57.82958201,-324.7046096,-324.2624031
1318.256739,-59.31058216,-59.34263043,-326.0198014,-325.5512445,-59.346285,-59.37816118,-326.1126943,-325.6438832,-59.55555263,-59.58704114,-325.7426019,-325.2713609
1380.384265,-61.07678199,-61.11325025,-327.0216962,-326.5219015,-61.11250701,-61.14879809,-327.1109649,-326.6109439,-61.32542046,-61.36125767,-326.6957962,-326.1930464
1445.439771,-62.86110265,-62.90237585,-327.9419058,-327.4081284,-62.89678721,-62.93787806,-328.027685,-327.4937121,-63.11370194,-63.15426316,-327.5648851,-327.0278357
1513.561248,-64.66578031,-64.71227916,-328.7809378,-328.210066,-64.70135825,-64.74766957,-328.8633678,-328.2923348,-64.92268929,-64.96838341,-328.3499801,-327.7754662
1584.893192,-66.49339116,-66.54557277,-329.5387187,-328.927204,-66.52879158,-66.58078054,-329.6179459,-329.0063085,-66.75502435,-66.80629389,-329.0505334,-328.4349445
1659.586907,-68.34691946,-68.40527692,-330.2145065,-329.5582783,-68.38206521,-68.44022502,-330.2906838,-329.6343767,-68.61376915,-68.67108897,-329.6652284,-329.0044224
1737.800829,-70.22984393,-70.29490382,-330.8067711,-330.1011314,-70.26464968,-70.32950722,-330.8800598,-330.1743912,-70.50249556,-70.56636933,-330.1918327,-329.4810295
1819.700859,-72.14624859,-72.21856547,-331.3130319,-330.552524,-72.18061839,-72.25272878,-331.3836035,-330.6231246,-72.42540064,-72.4963537,-330.6269965,-329.8606468
1905.460718,-74.10096721,-74.18111302,-331.7296332,-330.9078784,-74.13479135,-74.21472747,-331.797673,-330.9760146,-74.38745722,-74.46602384,-330.9659744,-330.1375965
1995.262315,-76.09977469,-76.18832008,-332.0514324,-331.1609236,-76.13292547,-76.22125951,-332.1171445,-331.2268117,-76.3946138,-76.48131527,-331.2022359,-330.3042124
2089.296131,-78.14964513,-78.24712777,-332.271357,-331.3031985,-78.18197115,-78.27924328,-332.3349723,-331.3670843,-78.45406476,-78.54937307,-331.32691,-330.3502338
2187.761624,-80.25910738,-80.36597901,-332.3797633,-331.3233399,-80.29042565,-80.39709159,-332.4415503,-331.3855111,-80.57462371,-80.67890149,-331.3279732,-330.261931
2290.867653,-82.43874687,-82.55528489,-332.3634787,-331.206037,-82.46883143,-82.58517492,-332.4237623,-331.2668421,-82.76725166,-82.88065284,-331.1890292,-330.0208112
2398.832919,-84.70193348,-84.82809241,-332.2043287,-330.9304495,-84.73049872,-84.85648451,-332.2635191,-330.9903283,-85.04582557,-85.16812946,-330.8874103,-329.6016418
2511.886432,-87.06591251,-87.20107024,-331.8767731,-330.4677246,-87.0925877,-87.22761043,-331.9354144,-330.527257,-87.42829382,-87.55862267,-330.3910991,-328.9693123
2630.267992,-89.55350365,-89.69601686,-331.3439269,-329.7769205,-89.57779228,-89.72023675,-331.4027833,-329.8369121,-89.93848095,-90.07480624,-329.65348,-328.0736203
2754.228703,-92.19587112,-92.34226858,-330.5504482,-328.7979396,-92.21708295,-92.36352678,-330.6106663,-328.859577,-92.60903816,-92.74728617,-328.6038275,-326.840101
2884.031503,-95.03729988,-95.18074827,-329.4088438,-327.4384038,-95.05442992,-95.19812865,-329.4722834,-327.5035616,-95.48653808,-95.61889041,-327.1287014,-325.1527238
3019.95172,-98.14401913,-98.27121536,-327.7704803,-325.5470655,-98.15551529,-98.28333809,-327.8404628,-325.6189704,-98.64087183,-98.75233113,-325.0318643,-322.8181961
3162.27766,-101.6219745,-101.7062972,-325.3561142,-322.8534528,-101.6252468,-101.7109364,-325.439364,-322.9383156,-102.1839975,-102.244876,-321.9363112,-319.4833108
3311.311215,-105.6567161,-105.6413298,-321.5586371,-318.8082256,-105.6469699,-105.6345573,-321.6713677,-318.919987,-106.3106447,-106.2585168,-317.0001547,-314.4117484
3467.368505,-110.6144667,-110.364474,-314.7265862,-312.0594058,-110.5815759,-110.3385481,-314.9197758,-312.2373255,-111.3887441,-111.0827982,-307.8688146,-305.740667
3630.780548,-117.2805554,-116.4533081,-298.3712625,-298.0998743,-117.2035305,-116.3926906,-298.8906332,-298.5009071,-117.9819652,-117.1803096,-285.4439421,-287.2553457
3801.893963,-124.4192022,-123.9936258,-239.4454671,-255.7126254,-124.4475545,-123.9453979,-241.1970493,-257.0838747,-122.6380448,-123.1730193,-223.7036166,-237.7578476
3981.071706,-121.004969,-123.5922159,-179.5763147,-185.4177133,-121.1602318,-123.7419485,-180.1686952,-186.2930483,-119.5846304,-121.8856576,-178.1867793,-181.4119883
4168.693835,-118.0477529,-120.4695311,-161.1876425,-157.9236486,-118.1608879,-120.5869131,-161.4350501,-158.2668769,-117.3204,-119.5436743,-160.8168546,-156.8336337
4365.158322,-116.8538767,-119.125954,-150.8015845,-142.6326799,-116.9432947,-119.2173162,-150.973371,-142.8704781,-116.4044159,-118.5091354,-149.8666199,-141.2051816
4570.881896,-116.6402697,-118.7690513,-141.368076,-128.2571602,-116.7157474,-118.8467471,-141.5289892,-128.4894998,-116.3000295,-118.2278945,-139.666495,-126.1883259
4786.300923,-116.9958568,-118.7491977,-130.4200768,-111.5292098,-117.0628917,-118.8224477,-130.601108,-111.791507,-116.6569349,-118.1447703,-127.9339736,-109.1323281
5011.872336,-117.5754967,-118.4574028,-116.3666203,-92.10653816,-117.6393899,-118.5345701,-116.5890707,-92.39328031,-117.1364793,-117.7364537,-113.3078849,-90.13940243
5248.074602,-117.9250971,-117.4936092,-98.61256457,-72.59828577,-117.9927215,-117.5781944,-98.87817344,-72.86891724,-117.3128855,-116.7222323,-95.65345603,-71.70807081
5495.408739,-117.5764956,-115.9684527,-78.98764697,-56.25483225,-117.653096,-116.0575363,-79.26133978,-56.47814315,-116.8267883,-115.2477345,-77.03094657,-56.40861036
5754.399373,-116.4628183,-114.2519634,-61.22151664,-44.07122541,-116.5469966,-114.3415796,-61.45896078,-44.24554132,-115.7010273,-113.6274725,-60.57186903,-44.87527352
6025.595861,-114.9451368,-112.6003783,-47.50398248,-35.32132289,-115.0321571,-112.6884319,-47.69120177,-35.45751697,-114.2596724,-112.0717209,-47.81302596,-36.44131158
6309.573445,-113.3746815,-111.1124557,-37.62077434,-28.99135116,-113.461325,-111.1982862,-37.76565734,-29.1002274,-112.786704,-110.6641494,-38.4550739,-30.23255981
6606.93448,-111.9188495,-109.8053137,-30.54506495,-24.30335113,-112.0038227,-109.8889013,-30.65917676,-24.39277879,-111.418526,-109.4210431,-31.62144871,-25.56600532
6918.309709,-110.6256994,-108.6660043,-25.37668775,-20.73821649,-110.7086985,-108.747551,-25.46907406,-20.81351638,-110.1966832,-108.3323405,-26.54232354,-21.97394738
7244.359601,-109.4941838,-107.6736031,-21.49818753,-17.95881391,-109.5752881,-107.7533626,-21.57502752,-18.02356197,-109.1217096,-107.3802107,-22.67564729,-19.1454311
7585.77575,-108.5076573,-106.8071563,-18.50955755,-15.74390109,-108.5870645,-106.885372,-18.57497023,-15.80054206,-108.1800448,-106.5461947,-19.66078064,-16.87238577
7943.282347,-107.6465992,-106.0480973,-16.15138646,-13.94495082,-107.7245257,-106.1249844,-16.20814786,-13.99519751,-107.3549323,-105.8135915,-17.25845374,-15.01289814
8317.637711,-106.8928483,-105.3806762,-14.25196855,-12.45965753,-106.9694942,-105.4564187,-14.30199771,-12.50474135,-106.6303439,-105.1680191,-15.30730996,-13.46794764
8709.6359,-106.2307068,-104.7917362,-12.69466684,-11.21576316,-106.306247,-104.8664895,-12.73932276,-11.25659173,-105.9921606,-104.5973261,-13.69605427,-12.16684773
9120.108394,-105.6469657,-104.2703242,-11.39815025,-10.16103409,-105.7215493,-104.3442192,-11.43842154,-10.19829198,-105.4283329,-104.0913054,-12.34610238,-11.05804438
9549.92586,-105.1306027,-103.8073029,-10.30429868,-9.256911346,-105.2043563,-103.8804504,-10.34092219,-9.291125884,-104.9286959,-103.641381,-11.20070818,-10.10319271
10000,-104.6724235,-103.3950155,-9.37064323,-8.474390732,-104.745454,-103.4675091,-9.404180549,-8.505975988,-104.4846964,-103.2403239,-10.21804056,-9.273262717
10471.28548,-104.2647315,-103.0270094,-8.565525351,-7.791286084,-104.3371296,-103.0989289,-8.596413261,-7.820572875,-104.0891236,-102.8820126,-9.366681468,-8.545923497
10964.78196,-103.9010508,-102.6978147,-7.864920597,-7.190370352,-103.9728939,-102.7692284,-7.893505082,-7.217627169,-103.7358756,-102.5612368,-8.622633582,-7.903749786
11481.53621,-103.575901,-102.4027671,-7.250305468,-6.658086502,-103.6472552,-102.4737337,-7.276865179,-6.683534383,-103.4197631,-102.2735382,-7.967288824,-7.332968131
12022.64435,-103.284617,-102.1378669,-6.70719343,-6.183636395,-103.3555393,-102.2084372,-6.731956223,-6.207459682,-103.136351,-102.0150826,-7.386021027,-6.822564468
12589.25412,-103.0232049,-101.8996662,-6.224109878,-5.758325453,-103.0937443,-101.9698842,-6.247264117,-5.780679708,-102.8818287,-101.7825561,-6.867192059,-6.363638308
13182.56739,-102.7882268,-101.685178,-5.791861177,-5.375083721,-102.8584259,-101.7550821,-5.813565741,-5.396101638,-102.6529069,-101.5730819,-6.401440268,-5.948928179
13803.84265,-102.5767087,-101.4918029,-5.40300459,-5.028110681,-102.6466046,-101.5614267,-5.423393051,-5.047906558,-102.4467325,-101.3841514,-5.981156235,-5.572458002
14454.39771,-102.3860656,-101.3172694,-5.051457969,-4.7126083,-102.4556909,-101.3866425,-5.070646572,-4.731281475,-102.2608203,-101.213569,-5.600103494,-5.22927016
15135.61248,-102.2140413,-101.159585,-4.732208274,-4.424577904,-102.2834244,-101.2287333,-4.750296813,-4.44221542,-102.0929966,-101.0594058,-5.253122147,-4.915221604
15848.93192,-102.0586585,-101.016996,-4.441091116,-4.160663875,-102.1278246,-101.0859424,-4.458166705,-4.177342574,-101.9413537,-100.9199618,-4.935913657,-4.62682641
16595.86907,-101.9181785,-100.8879534,-4.174622016,-3.918032124,-101.9871497,-100.9567185,-4.190761295,-3.933820306,-101.8042112,-100.7937342,-4.644870851,-4.361132963
17378.00829,-101.7910669,-100.7710859,-3.929865857,-3.694274694,-101.8598631,-100.8396876,-3.945136145,-3.709233442,-101.6800844,-100.6793906,-4.376946212,-4.11562728
18197.00859,-101.6759664,-100.6651757,-3.704334876,-3.487334207,-101.7446048,-100.7336302,-3.718797235,-3.501518468,-101.567658,-100.5757471,-4.1295513,-3.888156236
19054.60718,-101.571672,-100.569139,-3.495908208,-3.295443558,-101.6401683,-100.6374606,-3.509616833,-3.308903013,-101.4657638,-100.481749,-3.900472338,-3.676866122
19952.62315,-101.4771123,-100.4820089,-3.30276791,-3.11707739,-101.5454804,-100.5502105,-3.315772101,-3.129857174,-101.3733615,-100.3964548,-3.687807382,-3.480153103
20892.96131,-101.3913319,-100.4029216,-3.12334767,-2.950912799,-101.4595842,-100.4710147,-3.135691232,-2.963054095,-101.289523,-100.3190227,-3.489912727,-3.296623012
21877.61624,-101.3134774,-100.3311033,-2.956291399,-2.795797287,-101.3816251,-100.3990983,-2.968015224,-2.807337825,-101.2134186,-100.2486984,-3.305363602,-3.125058493
22908.67653,-101.242785,-100.2658603,-2.800419574,-2.650722491,-101.310838,-100.3337664,-2.811560916,-2.661696959,-101.1443052,-100.1848052,-3.132916382,-2.964392015
23988.32919,-101.1785701,-100.2065694,-2.654701708,-2.514802504,-101.2465374,-100.2743951,-2.665294018,-2.525242902,-101.0815163,-100.1267349,-2.971481679,-2.813683568
25118.86432,-101.1202178,-100.1526703,-2.518233702,-2.387255905,-101.1881074,-100.220423,-2.528308815,-2.397191842,-101.024453,-100.0739403,-2.820102933,-2.67210214
26302.67992,-101.0671754,-100.1036583,-2.39021911,-2.267390795,-101.1349946,-100.1713448,-2.399805238,-2.276849741,-100.9725767,-100.0259285,-2.677933345,-2.538910269
27542.28703,-101.0189452,-100.0590784,-2.269953576,-2.154592259,-101.0867006,-100.1267048,-2.279077689,-2.163599769,-100.9254023,-99.98225502,-2.544224099,-2.413451088
28840.31503,-100.9750788,-100.01852,-2.156811817,-2.048311846,-101.0427762,-100.0860919,-2.165499321,-2.056891745,-100.8824923,-99.94251848,-2.418308443,-2.295137422
30199.5172,-100.9351715,-99.9816123,-2.050236722,-1.94805868,-101.0028163,-100.0491347,-2.058510473,-1.956233227,-100.8434521,-99.90635632,-2.299590098,-2.183442578
31622.7766,-100.8988579,-99.94801997,-1.94973016,-1.853391934,-100.9664549,-100.0154973,-1.957611712,-1.861181967,-100.8079248,-99.87344068,-2.187535477,-2.077892533
33113.11215,-100.8658076,-99.91743969,-1.854845205,-1.763914434,-100.9333612,-99.98487617,-1.862355124,-1.771339492,-100.7755882,-99.84347482,-2.081664601,-1.978059281
34673.68505,-100.8357218,-99.88959679,-1.765179544,-1.679267204,-100.9032359,-99.95699609,-1.77233667,-1.686345641,-100.7461502,-99.81619006,-1.981544167,-1.88355516
36307.80548,-100.80833,-99.86424245,-1.680369858,-1.5991248,-100.8758083,-99.93160794,-1.687191855,-1.605873877,-100.7193469,-99.7913429,-1.886782126,-1.794027978
38018.93963,-100.7833872,-99.84115111,-1.600087022,-1.523191299,-100.8508329,-99.90848584,-1.606590699,-1.529627277,-100.6949387,-99.76871258,-1.797022577,-1.70915684
39810.71706,-100.7606713,-99.82011818,-1.524031992,-1.451196856,-100.8280873,-99.88742492,-1.530232856,-1.457335067,-100.6727087,-99.74809884,-1.711941392,-1.628648542
41686.93835,-100.7399808,-99.80095801,-1.451932264,-1.382894725,-100.8073698,-99.86823929,-1.457845499,-1.388749645,-100.65246,-99.72931993,-1.631242957,-1.552234455
43651.58322,-100.721133,-99.78350208,-1.383538827,-1.318058686,-100.7884974,-99.85076017,-1.389178402,-1.323643992,-100.634014,-99.71221084,-1.554656133,-1.479667828
45708.81896,-100.703962,-99.76759729,-1.318623524,-1.256480803,-100.7713041,-99.83483429,-1.324002535,-1.261809436,-100.6172084,-99.69662166,-1.481931882,-1.410721444
47863.00923,-100.6883171,-99.7531046,-1.256976768,-1.197969486,-100.7556388,-99.82032238,-1.262107626,-1.203053695,-100.6018961,-99.68241621,-1.412841379,-1.345185572
50118.72336,-100.6740615,-99.73989761,-1.198405548,-1.142347793,-100.7413647,-99.80709789,-1.203300284,-1.147199182,-100.587943,-99.66947068,-1.347173692,-1.282866188
52480.74602,-100.6610707,-99.72786141,-1.142731706,-1.089451942,-100.728357,-99.79504575,-1.147401461,-1.094081514,-100.5752277,-99.65767253,-1.284733113,-1.223583408
54954.08739,-100.6492317,-99.7168915,-1.089790415,-1.039130016,-100.7165026,-99.78406133,-1.094246007,-1.043548209,-100.5636395,-99.64691939,-1.225338906,-1.167170117
57543.99373,-100.6384417,-99.70689285,-1.039428858,-0.991240818,-100.7056986,-99.77404945,-1.043680242,-0.9954575398,-100.5530778,-99.63711815,-1.168822652,-1.113470762
60255.95861,-100.6286071,-99.69777897,-0.9915050635,-0.945652863,-100.6958513,-99.76492352,-0.9955616675,-0.9496775237,-100.5434511,-99.62818407,-1.115027921,-1.062340288
63095.73445,-100.6196429,-99.68947116,-0.9458868799,-0.902243492,-100.6868754,-99.75660473,-0.9497577892,-0.9060850331,-100.5346762,-99.62004006,-1.063809068,-1.013643194
66069.3448,-100.6114715,-99.6818978,-0.9024510715,-0.8608980839,-100.6786935,-99.74902137,-0.9061450598,-0.8645650054,-100.5266774,-99.61261592,-1.015029919,-0.9672526983
69183.09709,-100.6040227,-99.67499369,-0.8610825194,-0.8215093574,-100.671235,-99.74210814,-0.8646076031,-0.8250097427,-100.5193857,-99.60584776,-0.9685629646,-0.9230499963
72443.59601,-100.5972321,-99.66869945,-0.821673512,-0.7839767505,-100.6644356,-99.73580559,-0.8250375317,-0.78731829,-100.5127383,-99.59967739,-0.9242889811,-0.8809236004
75857.7575,-100.5910414,-99.66296101,-0.784123115,-0.748205867,-100.6582369,-99.73005958,-0.7873335066,-0.7513958793,-100.506678,-99.59405185,-0.8820959839,-0.8407687482
79432.82347,-100.5853974,-99.65772914,-0.7483366098,-0.7141079816,-100.6525856,-99.72482081,-0.7514003148,-0.7171534339,-100.5011529,-99.58892285,-0.8418786779,-0.8024868739
83176.37711,-100.5802517,-99.65295899,-0.7142249917,-0.6815995969,-100.6474332,-99.72004437,-0.7171488863,-0.6845071235,-100.4961155,-99.58424646,-0.8035383825,-0.7659851341
87096.359,-100.5755601,-99.6486097,-0.6817045211,-0.6506020449,-100.6427355,-99.71568935,-0.684494894,-0.6533779648,-100.4915226,-99.57998263,-0.7669817571,-0.7311759803
91201.08394,-100.5712824,-99.64464405,-0.6506963199,-0.621041129,-100.6384523,-99.71171847,-0.6533591694,-0.6236914624,-100.487335,-99.57609487,-0.7321209194,-0.6979767739
95499.2586,-100.5673821,-99.64102812,-0.6211260088,-0.5928468001,-100.634547,-99.70809777,-0.6236672512,-0.5953772835,-100.4835167,-99.57254994,-0.6988731467,-0.6663094379
100000,-100.5638258,-99.637731,-0.5929233805,-0.5659528642,-100.6309861,-99.70479631,-0.5953483991,-0.5683689651,-100.4800351,-99.56931755,-0.6671599206,-0.6361001408
