f_hz,group_delay_ms_pre_ideal,group_delay_ms_pre_mim,group_delay_ms_post_lumped,group_delay_ms_post_pex
0.1,1.64641219,1.646982105,1.650847349,1.650635958
0.1047128548,1.646412195,1.64698211,1.650847355,1.650635964
0.1096478196,1.646412207,1.646982122,1.650847368,1.650635977
0.1148153621,1.64641222,1.646982135,1.650847382,1.650635991
0.1202264435,1.646412234,1.64698215,1.650847397,1.650636007
0.1258925412,1.64641225,1.646982166,1.650847414,1.650636024
0.1318256739,1.646412267,1.646982183,1.650847433,1.650636042
0.1380384265,1.646412285,1.646982202,1.650847453,1.650636063
0.1445439771,1.646412306,1.646982223,1.650847476,1.650636085
0.1513561248,1.646412328,1.646982246,1.6508475,1.65063611
0.1584893192,1.646412353,1.646982271,1.650847527,1.650636137
0.1659586907,1.64641238,1.646982299,1.650847557,1.650636166
0.1737800829,1.646412409,1.646982329,1.650847589,1.650636199
0.1819700859,1.646412442,1.646982362,1.650847625,1.650636234
0.1905460718,1.646412478,1.646982398,1.650847663,1.650636273
0.1995262315,1.646412517,1.646982438,1.650847706,1.650636316
0.2089296131,1.646412559,1.646982482,1.650847753,1.650636363
0.2187761624,1.646412606,1.64698253,1.650847804,1.650636414
0.2290867653,1.646412658,1.646982582,1.65084786,1.65063647
0.2398832919,1.646412714,1.64698264,1.650847922,1.650636532
0.2511886432,1.646412776,1.646982703,1.650847989,1.6506366
0.2630267992,1.646412844,1.646982772,1.650848063,1.650636674
0.2754228703,1.646412918,1.646982848,1.650848145,1.650636755
0.2884031503,1.646413,1.646982932,1.650848234,1.650636844
0.301995172,1.646413089,1.646983023,1.650848331,1.650636942
0.316227766,1.646413188,1.646983123,1.650848438,1.650637049
0.3311311215,1.646413295,1.646983233,1.650848556,1.650637167
0.3467368505,1.646413413,1.646983353,1.650848685,1.650637296
0.3630780548,1.646413542,1.646983485,1.650848826,1.650637437
0.3801893963,1.646413684,1.64698363,1.65084898,1.650637592
0.3981071706,1.64641384,1.646983788,1.65084915,1.650637762
0.4168693835,1.64641401,1.646983962,1.650849336,1.650637949
0.4365158322,1.646414197,1.646984153,1.65084954,1.650638153
0.4570881896,1.646414402,1.646984362,1.650849764,1.650638377
0.4786300923,1.646414626,1.646984591,1.650850009,1.650638623
0.5011872336,1.646414873,1.646984843,1.650850278,1.650638892
0.5248074602,1.646415143,1.646985118,1.650850573,1.650639187
0.5495408739,1.646415439,1.646985421,1.650850896,1.650639511
0.5754399373,1.646415764,1.646985752,1.650851251,1.650639866
0.6025595861,1.64641612,1.646986115,1.65085164,1.650640256
0.6309573445,1.646416511,1.646986514,1.650852066,1.650640683
0.660693448,1.646416939,1.646986951,1.650852533,1.650641151
0.6918309709,1.646417408,1.64698743,1.650853046,1.650641664
0.7244359601,1.646417923,1.646987955,1.650853608,1.650642227
0.758577575,1.646418487,1.646988531,1.650854224,1.650642844
0.7943282347,1.646419106,1.646989162,1.650854899,1.650643521
0.8317637711,1.646419785,1.646989855,1.65085564,1.650644263
0.87096359,1.646420529,1.646990614,1.650856452,1.650645076
0.9120108394,1.646421345,1.646991446,1.650857343,1.650645968
0.954992586,1.646422239,1.646992359,1.650858319,1.650646946
1,1.64642322,1.64699336,1.65085939,1.650648019
1.047128548,1.646424295,1.646994458,1.650860564,1.650649195
1.096478196,1.646425475,1.646995661,1.650861852,1.650650484
1.148153621,1.646426768,1.64699698,1.650863263,1.650651898
1.202264435,1.646428185,1.646998427,1.650864811,1.650653448
1.258925412,1.64642974,1.647000013,1.650866508,1.650655147
1.318256739,1.646431445,1.647001753,1.650868368,1.650657011
1.380384265,1.646433314,1.64700366,1.650870409,1.650659055
1.445439771,1.646435363,1.647005751,1.650872646,1.650661295
1.513561248,1.64643761,1.647008044,1.650875099,1.650663752
1.584893192,1.646440074,1.647010558,1.650877788,1.650666446
1.659586907,1.646442775,1.647013315,1.650880737,1.6506694
1.737800829,1.646445738,1.647016337,1.650883971,1.650672639
1.819700859,1.646448986,1.647019652,1.650887517,1.65067619
1.905460718,1.646452547,1.647023286,1.650891405,1.650680084
1.995262315,1.646456452,1.647027271,1.650895667,1.650684354
2.089296131,1.646460734,1.64703164,1.650900342,1.650689036
2.187761624,1.646465429,1.647036431,1.650905467,1.650694169
2.290867653,1.646470578,1.647041684,1.650911087,1.650699798
2.398832919,1.646476223,1.647047444,1.650917249,1.65070597
2.511886432,1.646482412,1.64705376,1.650924005,1.650712737
2.630267992,1.646489199,1.647060686,1.650931414,1.650720158
2.754228703,1.646496641,1.647068279,1.650939537,1.650728294
2.884031503,1.646504801,1.647076606,1.650948445,1.650737216
3.01995172,1.646513749,1.647085736,1.650958212,1.650746998
3.16227766,1.64652356,1.647095747,1.650968921,1.650757725
3.311311215,1.646534318,1.647106724,1.650980664,1.650769486
3.467368505,1.646546114,1.647118761,1.65099354,1.650782383
3.630780548,1.646559049,1.647131959,1.651007659,1.650796525
3.801893963,1.646573232,1.647146432,1.651023141,1.650812031
3.981071706,1.646588784,1.647162301,1.651040116,1.650829034
4.168693835,1.646605837,1.647179702,1.65105873,1.650847678
4.365158322,1.646624537,1.647198782,1.651079141,1.650868121
4.570881896,1.646645042,1.647219705,1.651101522,1.650890538
4.786300923,1.646667526,1.647242647,1.651126063,1.650915118
5.011872336,1.646692182,1.647267804,1.651152974,1.650942072
5.248074602,1.646719218,1.647295391,1.651182482,1.650971627
5.495408739,1.646748865,1.647325641,1.65121484,1.651004036
5.754399373,1.646781375,1.647358812,1.651250321,1.651039575
6.025595861,1.646817025,1.647395186,1.651289229,1.651078545
6.309573445,1.646856118,1.647435074,1.651331894,1.651121278
6.60693448,1.646898989,1.647478815,1.651378679,1.651168138
6.918309709,1.646946001,1.647526782,1.651429983,1.651219524
7.244359601,1.646997556,1.647579382,1.651486243,1.651275874
7.58577575,1.647054093,1.647637066,1.651547939,1.651337668
7.943282347,1.647116096,1.647700325,1.651615595,1.651405433
8.317637711,1.647184093,1.647769699,1.65168979,1.651479746
8.7096359,1.647258665,1.64784578,1.651771155,1.651561242
9.120108394,1.64734045,1.647929218,1.651860386,1.651650616
9.54992586,1.647430147,1.648020726,1.651958245,1.651748631
10,1.647528524,1.648121088,1.652065567,1.651856124
10.47128548,1.647636424,1.648231162,1.65218327,1.651974016
10.96478196,1.647754772,1.648351891,1.652312361,1.652103313
11.48153621,1.647884584,1.648484311,1.652453946,1.652245125
12.02264435,1.648026974,1.648629559,1.652609238,1.652400665
12.58925412,1.648183168,1.648788882,1.652779569,1.652571268
13.18256739,1.648354512,1.648963651,1.652966401,1.652758399
13.80384265,1.648542482,1.649155371,1.65317134,1.652963667
14.45439771,1.648748703,1.649365697,1.653396151,1.653188837
15.13561248,1.648974959,1.649596447,1.653642771,1.653435852
15.84893192,1.649223211,1.649849616,1.653913328,1.653706841
16.59586907,1.649495617,1.650127401,1.654210161,1.65400415
17.37800829,1.649794548,1.650432216,1.654535842,1.654330352
18.19700859,1.650122613,1.650766716,1.654893197,1.654688279
19.05460718,1.650482685,1.651133821,1.655285333,1.655081043
19.95262315,1.650877923,1.651536748,1.655715671,1.65551207
20.89296131,1.651311809,1.651979035,1.656187973,1.655985128
21.87761624,1.65178818,1.652464581,1.656706379,1.656504364
22.90867653,1.652311263,1.652997682,1.65727545,1.657074346
23.98832919,1.652885721,1.653583074,1.657900211,1.657700108
25.11886432,1.653516703,1.654225982,1.6585862,1.658387195
26.30267992,1.65420989,1.654932172,1.659339525,1.659141727
27.54228703,1.654971563,1.655708014,1.660166928,1.659970455
28.84031503,1.655808669,1.65656055,1.661075851,1.660880834
30.1995172,1.656728897,1.65749757,1.662074521,1.661881103
31.6227766,1.657740765,1.658527697,1.663172038,1.662980378
33.11311215,1.658853725,1.659660495,1.664378475,1.664188747
34.67368505,1.660078268,1.660906573,1.665704997,1.665517394
36.30780548,1.661426064,1.662277719,1.667163992,1.666978725
38.01893963,1.662910105,1.66378705,1.668769222,1.668586524
39.81071706,1.664544878,1.665449181,1.670535998,1.670356127
41.68693835,1.66634657,1.667280424,1.672481379,1.672304619
43.65158322,1.668333295,1.669299019,1.674624408,1.674451074
45.70881896,1.670525366,1.671525399,1.676986379,1.676816817
47.86300923,1.672945612,1.673982507,1.679591156,1.67942575
50.11872336,1.675619752,1.676696164,1.682465539,1.682304713
52.48074602,1.678576831,1.6796955,1.685639703,1.685483928
54.95408739,1.681849742,1.683013471,1.689147715,1.68899751
57.54399373,1.685475842,1.686687465,1.693028139,1.692884081
60.25595861,1.689497688,1.690760034,1.697324769,1.697187498
63.09573445,1.693963915,1.695279754,1.702087495,1.701957722
66.0693448,1.698930287,1.700302273,1.707373343,1.707251857
69.18309709,1.704460957,1.705891548,1.71324772,1.713135397
72.44359601,1.710629975,1.712121345,1.719785911,1.719683727
75.8577575,1.717523106,1.71907703,1.727074869,1.726983909
79.43282347,1.725239992,1.726857718,1.735215366,1.73513684
83.17637711,1.733896746,1.735578834,1.744324557,1.744259809
87.096359,1.743629014,1.745375162,1.754539015,1.754489547
91.20108394,1.754595588,1.756404421,1.766018317,1.765985799
95.4992586,1.766982592,1.768851428,1.778949178,1.778935468
100,1.781008242,1.782932827,1.793550157,1.793557322
104.7128548,1.796928085,1.79890231,1.81007681,1.810107139
109.6478196,1.815040486,1.817056072,1.828827028,1.828883052
114.8153621,1.835691816,1.837738002,1.850146012,1.850230505
120.2264435,1.859280402,1.861343624,1.874429834,1.874545809
125.8925412,1.886257467,1.888321076,1.902125767,1.902276446
131.8256739,1.917122125,1.91916618,1.933726266,1.933915006
138.0384265,1.952405563,1.954406755,1.969751529,1.96998168
144.5439771,1.992636639,1.994568471,2.010712571,2.010987228
151.3561248,2.038277079,2.040110444,2.057042612,2.057364192
158.4893192,2.089609175,2.091313585,2.108979342,2.109348915
165.9586907,2.14655356,2.148099348,2.166375558,2.166791832
173.7800829,2.208392538,2.209754423,2.228414403,2.228872293
181.9700859,2.273383447,2.274545806,2.293216384,2.293705173
190.5460718,2.33828131,2.339245102,2.357363396,2.357864742
199.5262315,2.397869605,2.398659953,2.415448715,2.415935207
208.9296131,2.444729768,2.445401473,2.459895086,2.460330593
218.7761624,2.469618623,2.470255092,2.481412862,2.481756251
229.0867653,2.462823515,2.463524393,2.470444865,2.470657868
239.8832919,2.416522889,2.417379752,2.419568783,2.419626554
251.1886432,2.327471838,2.328539406,2.32611479,2.326014758
263.0267992,2.198709327,2.199986162,2.193692996,2.193456941
275.4228703,2.039175902,2.040605642,2.03161109,2.03127861
288.4031503,1.861283146,1.862775215,1.852345314,1.851962061
301.995172,1.677688603,1.679146205,1.668362976,1.667969605
316.227766,1.498761409,1.500103662,1.489721419,1.489347338
331.1311215,1.331467011,1.332639334,1.323079247,1.32274158
346.7368505,1.179494207,1.180468557,1.171892575,1.171598389
363.0780548,1.044031044,1.044800679,1.037204945,1.036954525
380.1893963,0.9246630895,0.9252359005,0.9185293465,0.9183191426
398.1071706,0.8201140441,0.8205066753,0.8145645086,0.8143892564
416.8693835,0.7287531681,0.7289866355,0.7236813595,0.7235353926
436.5158322,0.6488983003,0.6489950601,0.6442116662,0.6440896245
457.0881896,0.5789737978,0.5789559348,0.5745974777,0.5744946263
478.6300923,0.5175780034,0.5174661966,0.5134542128,0.5133665367
501.1872336,0.4634998096,0.4633128049,0.4595853486,0.4595095303
524.8074602,0.4157095354,0.4154639336,0.4119727893,0.4119061334
549.5408739,0.3733388176,0.3730490539,0.3697569158,0.3696972571
575.4399373,0.335657444,0.3353358782,0.3322138458,0.3321594582
602.5595861,0.3020510273,0.3017080954,0.2987336001,0.298683114
630.9573445,0.2720011748,0.2716455702,0.26880073,0.2687530617
660.693448,0.2450686299,0.2447074954,0.2419778479,0.2419321408
691.8309709,0.2208792981,0.220518416,0.2178919633,0.2178475394
724.4359601,0.1991128255,0.1987567993,0.196223299,0.19617962
758.577575,0.1794933354,0.1791457584,0.176696204,0.17665284
794.3282347,0.1617819348,0.1614455434,0.1590717866,0.1590283906
831.7637711,0.1457706507,0.145447462,0.1431419387,0.1430982264
870.96359,0.1312775097,0.1309689435,0.1287244739,0.1286802075
912.0108394,0.118142527,0.1178495119,0.1156591528,0.1156141274
954.992586,0.1062244169,0.1059474826,0.103804414,0.1037584468
1000,0.09539787629,0.09513723331,0.09303466559,0.09298758652
1047.128548,0.0855513233,0.08530693026,0.08323802305,0.08318966676
1096.478196,0.0765849974,0.07635661851,0.07431440211,0.07426460067
1148.153621,0.0684093473,0.06819660067,0.06617389345,0.06612246942
1202.264435,0.06094364679,0.06074604498,0.0587353605,0.05868212006
1258.925412,0.05411478997,0.05393177397,0.05192521123,0.05186993687
1318.256739,0.04785622482,0.0476871925,0.04567630223,0.0456187446
1380.384265,0.04210698897,0.04195131921,0.03992693707,0.03986680549
1445.439771,0.03681081432,0.03666788766,0.03461992287,0.03455687373
1513.561248,0.03191526634,0.03178448328,0.02970164654,0.02963526881
1584.893192,0.02737088032,0.02725167836,0.02512112653,0.02505092312
1659.586907,0.02313024862,0.02302211927,0.02082898407,0.02075434721
1737.800829,0.01914699742,0.01904950485,0.01677625706,0.01669643512
1819.700859,0.0153745653,0.01528736872,0.01291294416,0.01282699615
1905.460718,0.01176465057,0.01168753365,0.009186106183,0.009092837748
1995.262315,0.008265115528,0.008198028077,0.005537245462,0.005435116991
2089.296131,0.004816995234,0.004760115636,0.001898493975,0.001785485185
2187.761624,0.001349997957,0.001303831757,-0.001813213807,-0.00193980905
2290.867653,-0.002224618032,-0.002259075058,-0.005705497534,-0.005849392283
2398.832919,-0.006025928738,-0.006046907161,-0.009926347047,-0.0100927827
2511.886432,-0.0102243336,-0.01022876955,-0.01469241484,-0.0148890456
2630.267992,-0.01508111203,-0.01506362486,-0.02034304072,-0.02058151346
2754.228703,-0.02102896194,-0.02097967783,-0.02745180083,-0.02775075712
2884.031503,-0.02885242924,-0.02875184586,-0.03708028412,-0.03747150794
3019.95172,-0.03348295021,-0.03334923182,-0.0428526956,-0.04330176539
3162.27766,,,,
3311.311215,,,,
3467.368505,,,,
3630.780548,,,,
3801.893963,,,,
3981.071706,,,,
4168.693835,,,,
4365.158322,,,,
4570.881896,,,,
4786.300923,,,,
5011.872336,,,,
5248.074602,,,,
5495.408739,,,,
5754.399373,,,,
6025.595861,,,,
6309.573445,,,,
6606.93448,,,,
6918.309709,,,,
7244.359601,,,,
7585.77575,,,,
7943.282347,,,,
8317.637711,,,,
8709.6359,,,,
9120.108394,,,,
9549.92586,,,,
10000,,,,
10471.28548,,,,
10964.78196,,,,
11481.53621,,,,
12022.64435,,,,
12589.25412,,,,
13182.56739,,,,
13803.84265,,,,
14454.39771,,,,
15135.61248,,,,
15848.93192,,,,
16595.86907,,,,
17378.00829,,,,
18197.00859,,,,
19054.60718,,,,
19952.62315,,,,
20892.96131,,,,
21877.61624,,,,
22908.67653,,,,
23988.32919,,,,
25118.86432,,,,
26302.67992,,,,
27542.28703,,,,
28840.31503,,,,
30199.5172,,,,
31622.7766,,,,
33113.11215,,,,
34673.68505,,,,
36307.80548,,,,
38018.93963,,,,
39810.71706,,,,
41686.93835,,,,
43651.58322,,,,
45708.81896,,,,
47863.00923,,,,
50118.72336,,,,
52480.74602,,,,
54954.08739,,,,
57543.99373,,,,
60255.95861,,,,
63095.73445,,,,
66069.3448,,,,
69183.09709,,,,
72443.59601,,,,
75857.7575,,,,
79432.82347,,,,
83176.37711,,,,
87096.359,,,,
91201.08394,,,,
95499.2586,,,,
100000,,,,
