corner,process,temp_c,vdd_v,fc_hz,imd3_db_a10p9375mv,iip3_dbv_a10p9375mv,imd3_db_a21p875mv,iip3_dbv_a21p875mv,imd3_slope_db_per_decade,iip3_dbv,oip3_dbv,trusted
tt_27c_1v500,mos_tt,27,1.5,249.7745963,-71.94801779,-3.247629786,-59.76456122,-3.318758158,40.47256667,-3.247629786,-3.259762475,1
ss_27c_1v500,mos_ss,27,1.5,247.3648603,-71.24297338,-3.600151987,-58.61720816,-3.892434686,41.94188422,-3.600151987,-3.623058869,1
ff_27c_1v500,mos_ff,27,1.5,252.5020843,-72.12476167,-3.159257845,-59.95695792,-3.222559807,40.42056913,-3.159257845,-3.170850927,1
sf_27c_1v500,mos_sf,27,1.5,249.8902805,-66.99077042,-5.726253471,-54.48964194,-5.956217797,41.52784991,-5.726253471,-5.767946056,1
fs_27c_1v500,mos_fs,27,1.5,248.836411,-72.10575825,-3.168759552,-59.73440874,-3.333834397,41.09673353,-3.168759552,-3.186043849,1
tt_27c_1v400,mos_tt,27,1.4,249.6130897,-70.8390345,-3.802121427,-58.22068402,-4.090696757,41.91725299,-3.802121427,-3.828570944,1
tt_27c_1v650,mos_tt,27,1.65,249.9203892,-71.77084044,-3.336218457,-59.7822319,-3.309922817,39.82529555,-3.336218457,-3.348231542,1
tt_0c_1v500,mos_tt,0,1.5,249.4488605,-70.28573063,-4.078773366,-58.04375611,-4.179160711,40.66695908,-4.078773366,-4.085297563,1
tt_70c_1v500,mos_tt,70,1.5,247.0563544,-64.35564859,-7.043814383,-52.76687246,-6.817602537,38.49708102,-7.043814383,-7.184533532,1
