f_hz,inoise_v_per_rthz_pre_ideal,inoise_v_per_rthz_pre_mim,inoise_v_per_rthz_post_lumped,inoise_v_per_rthz_post_pex
0.1,1.748185287e-05,1.74818527e-05,1.748185157e-05,1.748191115e-05
0.1047128548,1.703379698e-05,1.703379675e-05,1.703379566e-05,1.703385325e-05
0.1096478196,1.659754814e-05,1.659754787e-05,1.659754682e-05,1.659760246e-05
0.1148153621,1.617280261e-05,1.617280228e-05,1.617280128e-05,1.617285499e-05
0.1202264435,1.575926463e-05,1.575926425e-05,1.575926328e-05,1.57593151e-05
0.1258925412,1.535664626e-05,1.535664583e-05,1.53566449e-05,1.535669485e-05
0.1318256739,1.496466715e-05,1.496466667e-05,1.496466577e-05,1.496471389e-05
0.1380384265,1.458305436e-05,1.458305383e-05,1.458305298e-05,1.458309927e-05
0.1445439771,1.421154218e-05,1.42115416e-05,1.421154078e-05,1.421158529e-05
0.1513561248,1.384987189e-05,1.384987127e-05,1.384987049e-05,1.384991323e-05
0.1584893192,1.349779166e-05,1.349779099e-05,1.349779024e-05,1.349783123e-05
0.1659586907,1.315505628e-05,1.315505557e-05,1.315505485e-05,1.315509412e-05
0.1737800829,1.282142706e-05,1.282142631e-05,1.282142562e-05,1.282146319e-05
0.1819700859,1.249667163e-05,1.249667083e-05,1.249667017e-05,1.249670606e-05
0.1905460718,1.218056376e-05,1.218056293e-05,1.21805623e-05,1.218059652e-05
0.1995262315,1.187288325e-05,1.187288237e-05,1.187288177e-05,1.187291435e-05
0.2089296131,1.157341572e-05,1.15734148e-05,1.157341423e-05,1.157344518e-05
0.2187761624,1.128195249e-05,1.128195153e-05,1.128195099e-05,1.128198032e-05
0.2290867653,1.099829041e-05,1.099828941e-05,1.099828889e-05,1.099831663e-05
0.2398832919,1.072223174e-05,1.072223071e-05,1.072223021e-05,1.072225636e-05
0.2511886432,1.045358399e-05,1.045358292e-05,1.045358245e-05,1.045360703e-05
0.2630267992,1.019215979e-05,1.019215868e-05,1.019215823e-05,1.019218125e-05
0.2754228703,9.937776745e-06,9.937775598e-06,9.937775173e-06,9.937796647e-06
0.2884031503,9.690257326e-06,9.690256141e-06,9.690255738e-06,9.690275677e-06
0.301995172,9.449428717e-06,9.449427495e-06,9.449427113e-06,9.449445527e-06
0.316227766,9.215122706e-06,9.215121448e-06,9.215121086e-06,9.215137984e-06
0.3311311215,8.987175557e-06,8.987174262e-06,8.98717392e-06,8.987189311e-06
0.3467368505,8.765427892e-06,8.765426561e-06,8.765426237e-06,8.765440129e-06
0.3630780548,8.549724575e-06,8.549723207e-06,8.549722901e-06,8.549735301e-06
0.3801893963,8.339914597e-06,8.339913193e-06,8.339912904e-06,8.339923819e-06
0.3981071706,8.135850967e-06,8.135849527e-06,8.135849255e-06,8.135858691e-06
0.4168693835,7.937390602e-06,7.937389126e-06,7.937388868e-06,7.937396831e-06
0.4365158322,7.744394218e-06,7.744392706e-06,7.744392463e-06,7.744398957e-06
0.4570881896,7.556726232e-06,7.556724684e-06,7.556724455e-06,7.556729484e-06
0.4786300923,7.374254656e-06,7.374253071e-06,7.374252855e-06,7.374256423e-06
0.5011872336,7.196850996e-06,7.196849375e-06,7.196849171e-06,7.19685128e-06
0.5248074602,7.02439016e-06,7.024388501e-06,7.024388309e-06,7.024388962e-06
0.5495408739,6.856750355e-06,6.856748659e-06,6.856748477e-06,6.856747677e-06
0.5754399373,6.693812999e-06,6.693811267e-06,6.693811094e-06,6.693808842e-06
0.6025595861,6.535462629e-06,6.53546086e-06,6.535460696e-06,6.535456992e-06
0.6309573445,6.381586807e-06,6.381585e-06,6.381584843e-06,6.381579689e-06
0.660693448,6.232076033e-06,6.232074188e-06,6.232074038e-06,6.232067434e-06
0.6918309709,6.086823661e-06,6.086821777e-06,6.086821633e-06,6.086813579e-06
0.7244359601,5.945725809e-06,5.945723887e-06,5.945723747e-06,5.945714243e-06
0.758577575,5.808681281e-06,5.80867932e-06,5.808679183e-06,5.808668229e-06
0.7943282347,5.67559148e-06,5.675589479e-06,5.675589345e-06,5.675576939e-06
0.8317637711,5.546360329e-06,5.546358288e-06,5.546358155e-06,5.546344296e-06
0.87096359,5.420894192e-06,5.42089211e-06,5.420891977e-06,5.420876664e-06
0.9120108394,5.299101797e-06,5.299099673e-06,5.299099539e-06,5.299082771e-06
0.954992586,5.180894156e-06,5.180891991e-06,5.180891854e-06,5.180873629e-06
1,5.066184494e-06,5.066182287e-06,5.066182146e-06,5.066162464e-06
1.047128548,4.954888174e-06,4.954885924e-06,4.954885778e-06,4.954864636e-06
1.096478196,4.846922622e-06,4.846920329e-06,4.846920176e-06,4.846897573e-06
1.148153621,4.74220726e-06,4.742204923e-06,4.742204761e-06,4.742180695e-06
1.202264435,4.640663432e-06,4.64066105e-06,4.640660877e-06,4.640635349e-06
1.258925412,4.542214338e-06,4.542211912e-06,4.542211727e-06,4.542184734e-06
1.318256739,4.44678497e-06,4.446782497e-06,4.446782299e-06,4.44675384e-06
1.380384265,4.35430204e-06,4.354299521e-06,4.354299306e-06,4.354269382e-06
1.445439771,4.264693922e-06,4.264691355e-06,4.264691122e-06,4.264659733e-06
1.513561248,4.177890586e-06,4.177887971e-06,4.177887718e-06,4.177854862e-06
1.584893192,4.093823539e-06,4.093820875e-06,4.093820599e-06,4.093786279e-06
1.659586907,4.012425767e-06,4.012423053e-06,4.012422753e-06,4.012386969e-06
1.737800829,3.933631676e-06,3.933628912e-06,3.933628584e-06,3.933591338e-06
1.819700859,3.857377038e-06,3.857374222e-06,3.857373864e-06,3.857335158e-06
1.905460718,3.783598936e-06,3.783596068e-06,3.783595677e-06,3.783555514e-06
1.995262315,3.712235716e-06,3.712232794e-06,3.712232367e-06,3.712190751e-06
2.089296131,3.643226933e-06,3.643223957e-06,3.643223491e-06,3.643180425e-06
2.187761624,3.576513309e-06,3.576510278e-06,3.576509769e-06,3.576465259e-06
2.290867653,3.512036686e-06,3.512033598e-06,3.512033044e-06,3.511987095e-06
2.398832919,3.449739984e-06,3.449736838e-06,3.449736234e-06,3.449688852e-06
2.511886432,3.389567159e-06,3.389563954e-06,3.389563296e-06,3.38951449e-06
2.630267992,3.33146317e-06,3.331459905e-06,3.331459189e-06,3.331408966e-06
2.754228703,3.275373941e-06,3.275370615e-06,3.275369837e-06,3.275318205e-06
2.884031503,3.221246331e-06,3.221242942e-06,3.221242097e-06,3.221189067e-06
3.01995172,3.169028103e-06,3.169024649e-06,3.169023732e-06,3.168969315e-06
3.16227766,3.118667895e-06,3.118664376e-06,3.118663382e-06,3.118607589e-06
3.311311215,3.070115203e-06,3.070111616e-06,3.07011054e-06,3.070053383e-06
3.467368505,3.023320351e-06,3.023316695e-06,3.02331553e-06,3.023257023e-06
3.630780548,2.978234478e-06,2.978230751e-06,2.978229491e-06,2.978169649e-06
3.801893963,2.93480952e-06,2.934805719e-06,2.934804358e-06,2.934743195e-06
3.981071706,2.892998194e-06,2.892994317e-06,2.892992848e-06,2.892930381e-06
4.168693835,2.852753991e-06,2.852750036e-06,2.852748451e-06,2.852684697e-06
4.365158322,2.814031163e-06,2.814027128e-06,2.814025418e-06,2.813960395e-06
4.570881896,2.776784719e-06,2.776780599e-06,2.776778758e-06,2.776712484e-06
4.786300923,2.740970417e-06,2.74096621e-06,2.740964228e-06,2.740896722e-06
5.011872336,2.706544764e-06,2.706540467e-06,2.706538334e-06,2.706469617e-06
5.248074602,2.673465013e-06,2.673460623e-06,2.673458329e-06,2.673388421e-06
5.495408739,2.641689167e-06,2.641684679e-06,2.641682213e-06,2.641611135e-06
5.754399373,2.611175973e-06,2.611171383e-06,2.611168733e-06,2.611096508e-06
6.025595861,2.581884932e-06,2.581880235e-06,2.58187739e-06,2.58180404e-06
6.309573445,2.553776302e-06,2.553771493e-06,2.553768438e-06,2.553693986e-06
6.60693448,2.526811096e-06,2.52680617e-06,2.526802892e-06,2.526727362e-06
6.918309709,2.500951098e-06,2.500946048e-06,2.500942531e-06,2.500865946e-06
7.244359601,2.476158856e-06,2.476153676e-06,2.476149904e-06,2.476072288e-06
7.58577575,2.452397698e-06,2.45239238e-06,2.452388337e-06,2.452309713e-06
7.943282347,2.429631732e-06,2.429626269e-06,2.429621934e-06,2.429542328e-06
8.317637711,2.407825852e-06,2.407820234e-06,2.407815588e-06,2.407735024e-06
8.7096359,2.386945744e-06,2.386939962e-06,2.386934982e-06,2.386853486e-06
9.120108394,2.366957888e-06,2.366951932e-06,2.366946595e-06,2.366864191e-06
9.54992586,2.347829566e-06,2.347823423e-06,2.347817705e-06,2.347734417e-06
10,2.329528859e-06,2.329522518e-06,2.329516391e-06,2.329432243e-06
10.47128548,2.312024655e-06,2.312018101e-06,2.312011536e-06,2.311926553e-06
10.96478196,2.295286643e-06,2.295279863e-06,2.295272827e-06,2.295187034e-06
11.48153621,2.279285319e-06,2.279278296e-06,2.279270757e-06,2.279184176e-06
12.02264435,2.263991983e-06,2.263984698e-06,2.263976618e-06,2.263889274e-06
12.58925412,2.249378733e-06,2.249371168e-06,2.249362506e-06,2.249274421e-06
13.18256739,2.235418465e-06,2.235410598e-06,2.235401312e-06,2.235312509e-06
13.80384265,2.222084866e-06,2.222076673e-06,2.222066716e-06,2.221977218e-06
14.45439771,2.209352409e-06,2.209343866e-06,2.209333187e-06,2.209243015e-06
15.13561248,2.197196345e-06,2.197187422e-06,2.197175966e-06,2.197085142e-06
15.84893192,2.185592692e-06,2.18558336e-06,2.185571067e-06,2.185479611e-06
16.59586907,2.174518228e-06,2.174508454e-06,2.17449526e-06,2.174403192e-06
17.37800829,2.16395048e-06,2.163940227e-06,2.16392606e-06,2.1638334e-06
18.19700859,2.153867708e-06,2.153856936e-06,2.153841721e-06,2.153748487e-06
19.05460718,2.144248895e-06,2.14423756e-06,2.144221214e-06,2.144127425e-06
19.95262315,2.135073731e-06,2.135061787e-06,2.135044219e-06,2.134949891e-06
20.89296131,2.1263226e-06,2.126309994e-06,2.126291106e-06,2.126196256e-06
21.87761624,2.117976559e-06,2.117963235e-06,2.11794292e-06,2.117847564e-06
22.90867653,2.110017326e-06,2.110003221e-06,2.109981363e-06,2.109885515e-06
23.98832919,2.102427255e-06,2.102412302e-06,2.102388775e-06,2.10229245e-06
25.11886432,2.095189327e-06,2.095173451e-06,2.095148118e-06,2.095051328e-06
26.30267992,2.088287119e-06,2.08827024e-06,2.08824295e-06,2.088145708e-06
27.54228703,2.081704792e-06,2.081686821e-06,2.081657412e-06,2.081559729e-06
28.84031503,2.075427065e-06,2.075407906e-06,2.0753762e-06,2.075278086e-06
30.1995172,2.069439195e-06,2.069418743e-06,2.069384546e-06,2.069286011e-06
31.6227766,2.063726954e-06,2.063705094e-06,2.063668195e-06,2.063569248e-06
33.11311215,2.058276604e-06,2.058253209e-06,2.05821338e-06,2.058114027e-06
34.67368505,2.053074872e-06,2.053049806e-06,2.053006797e-06,2.052907044e-06
36.30780548,2.048108929e-06,2.048082042e-06,2.048035581e-06,2.047935434e-06
38.01893963,2.043366359e-06,2.043337487e-06,2.043287279e-06,2.043186741e-06
39.81071706,2.038835133e-06,2.038804099e-06,2.038749821e-06,2.038648895e-06
41.68693835,2.034503583e-06,2.034470193e-06,2.034411494e-06,2.034310182e-06
43.65158322,2.03036037e-06,2.030324412e-06,2.030260911e-06,2.030159214e-06
45.70881896,2.026394455e-06,2.026355697e-06,2.026286981e-06,2.026184897e-06
47.86300923,2.022595065e-06,2.022553257e-06,2.022478875e-06,2.022376402e-06
50.11872336,2.018951663e-06,2.01890653e-06,2.018825994e-06,2.01872313e-06
52.48074602,2.015453909e-06,2.015405154e-06,2.015317936e-06,2.015214674e-06
54.95408739,2.01209163e-06,2.012038928e-06,2.011944453e-06,2.01184079e-06
57.54399373,2.008854776e-06,2.008797776e-06,2.008695424e-06,2.008591352e-06
60.25595861,2.005733387e-06,2.005671705e-06,2.005560809e-06,2.005456319e-06
63.09573445,2.002717553e-06,2.002650773e-06,2.002530611e-06,2.002425694e-06
66.0693448,1.999797372e-06,1.999725043e-06,1.999594841e-06,1.999489489e-06
69.18309709,1.996962919e-06,1.996884552e-06,1.996743482e-06,1.996637683e-06
72.44359601,1.994204206e-06,1.994119272e-06,1.993966451e-06,1.993860194e-06
75.8577575,1.99151116e-06,1.991419085e-06,1.991253577e-06,1.991146851e-06
79.43282347,1.988873597e-06,1.988773761e-06,1.98859458e-06,1.988487374e-06
83.17637711,1.986281223e-06,1.986172957e-06,1.985979074e-06,1.985871378e-06
87.096359,1.98372365e-06,1.983606232e-06,1.983396583e-06,1.983288389e-06
91.20108394,1.981190444e-06,1.981063097e-06,1.9808366e-06,1.980727901e-06
95.4992586,1.978671221e-06,1.978533108e-06,1.978288686e-06,1.97817948e-06
100,1.976155808e-06,1.976006031e-06,1.975742641e-06,1.975632931e-06
104.7128548,1.973634492e-06,1.973472087e-06,1.973188768e-06,1.973078564e-06
109.6478196,1.971098405e-06,1.970922339e-06,1.970618269e-06,1.970507589e-06
114.8153621,1.96854007e-06,1.968349239e-06,1.968023824e-06,1.9679127e-06
120.2264435,1.965954208e-06,1.965747432e-06,1.965400414e-06,1.965288892e-06
125.8925412,1.963338859e-06,1.963114879e-06,1.962746493e-06,1.962634639e-06
131.8256739,1.960696961e-06,1.960454437e-06,1.960065617e-06,1.959953523e-06
138.0384265,1.958038548e-06,1.957776052e-06,1.957368702e-06,1.957256494e-06
144.5439771,1.955383762e-06,1.955099774e-06,1.954677138e-06,1.954564981e-06
151.3561248,1.952766988e-06,1.952459891e-06,1.952027041e-06,1.951915154e-06
158.4893192,1.950242492e-06,1.94991056e-06,1.949475043e-06,1.94936371e-06
165.9586907,1.947892045e-06,1.947533437e-06,1.947106129e-06,1.946995714e-06
173.7800829,1.945835222e-06,1.945447963e-06,1.945044199e-06,1.94493517e-06
181.9700859,1.944243203e-06,1.943825163e-06,1.943466214e-06,1.943359166e-06
190.5460718,1.94335717e-06,1.942906036e-06,1.942621039e-06,1.942516723e-06
199.5262315,1.943512636e-06,1.943025873e-06,1.942854328e-06,1.942753689e-06
208.9296131,1.945171322e-06,1.944646114e-06,1.944641078e-06,1.944545297e-06
218.7761624,1.948962365e-06,1.948395546e-06,1.948627664e-06,1.948538206e-06
229.0867653,1.955734726e-06,1.95512268e-06,1.955685158e-06,1.955603826e-06
239.8832919,1.966622277e-06,1.965960808e-06,1.966975383e-06,1.966904369e-06
251.1886432,1.983122092e-06,1.98240626e-06,1.984030057e-06,1.983971994e-06
263.0267992,2.007184466e-06,2.006408378e-06,2.008841327e-06,2.00879932e-06
275.4228703,2.041309877e-06,2.040466425e-06,2.043958566e-06,2.043936188e-06
288.4031503,2.088643653e-06,2.087724195e-06,2.092581786e-06,2.092583034e-06
301.995172,2.153054394e-06,2.152048366e-06,2.158637481e-06,2.158666658e-06
316.227766,2.239179749e-06,2.238074194e-06,2.246820573e-06,2.246882106e-06
331.1311215,2.352426348e-06,2.351205355e-06,2.362590076e-06,2.362688272e-06
346.7368505,2.498922444e-06,2.497566471e-06,2.51211848e-06,2.512257276e-06
363.0780548,2.685440629e-06,2.683925713e-06,2.702213975e-06,2.702396726e-06
380.1893963,2.919326563e-06,2.917623405e-06,2.94025246e-06,2.940481839e-06
398.1071706,3.208477064e-06,3.206550003e-06,3.234162318e-06,3.234440342e-06
416.8693835,3.561401431e-06,3.559207318e-06,3.592494073e-06,3.592822256e-06
436.5158322,3.987378301e-06,3.984865257e-06,4.024585152e-06,4.024964732e-06
457.0881896,4.496698918e-06,4.493804945e-06,4.540809287e-06,4.541241478e-06
478.6300923,5.100976695e-06,5.097628082e-06,5.152890238e-06,5.153376466e-06
501.1872336,5.813504203e-06,5.809613654e-06,5.874261706e-06,5.874803806e-06
524.8074602,6.649647607e-06,6.645112e-06,6.720464441e-06,6.721064809e-06
549.5408739,7.627279185e-06,7.621976871e-06,7.70958209e-06,7.710243805e-06
575.4399373,8.76725736e-06,8.761044887e-06,8.862725853e-06,8.863452776e-06
602.5595861,1.009396986e-05,1.008667799e-05,1.020458401e-05,1.020538087e-05
630.9573445,1.163595992e-05,1.162738882e-05,1.176405659e-05,1.17649291e-05
660.693448,1.342665924e-05,1.341657255e-05,1.357499922e-05,1.357595415e-05
691.8309709,1.550525513e-05,1.549337282e-05,1.567710419e-05,1.567814949e-05
724.4359601,1.791772478e-05,1.790371435e-05,1.811695208e-05,1.811809706e-05
758.577575,2.071807618e-05,2.070154186e-05,2.094927463e-05,2.09505301e-05
794.3282347,2.396984431e-05,2.395031375e-05,2.423847839e-05,2.42398569e-05
831.7637711,2.774790366e-05,2.772481143e-05,2.80604919e-05,2.806200794e-05
870.96359,3.214067358e-05,3.211334061e-05,3.250501491e-05,3.250668526e-05
912.0108394,3.725281442e-05,3.722042232e-05,3.767827045e-05,3.768011449e-05
954.992586,4.320854005e-05,4.317009878e-05,4.370638896e-05,4.37084291e-05
1000,5.015570939e-05,5.011001625e-05,5.073959215e-05,5.074185431e-05
