n_draws,se_sigma_frac,sigma_fc_hz,sigma_q_lo,sigma_q_hi,sigma_offset_out_uv,n_draws_rejection,sigma_offset_in_uv,sigma_cmrr_db_dc,sigma_psrr_db_dc
8,0.2672612419,3.304492209,0.001254623674,0.01507438809,1733.39417,8,1735.018419,6.817941439,10.01190184
9,0.25,3.593587172,0.001262489501,0.01491238457,1629.166988,9,1630.693581,7.551111305,9.707920949
10,0.2357022604,3.438957297,0.001204643653,0.01406124703,1536.914489,10,1538.354679,7.161227906,9.166554162
11,0.2236067977,3.266739952,0.001278233457,0.01408873831,1488.968403,11,1490.363589,6.931407513,9.170024664
12,0.2132007164,3.285246553,0.001292762359,0.0146707435,1788.486754,12,1790.164583,6.620273097,8.988949006
13,0.2041241452,3.716201443,0.001253037736,0.01408321449,1747.464678,13,1749.104682,6.585929114,8.712820344
15,0.1889822365,3.584348783,0.001304118758,0.01587200821,1665.052363,15,1666.615191,6.519057652,8.461326572
16,0.1825741858,3.616434807,0.001307652925,0.01598160488,1935.935184,16,1937.744872,6.318681506,8.550814983
17,0.1767766953,3.517720042,0.001285927693,0.01602108383,1887.514025,17,1889.278839,6.165337075,9.983704362
19,0.1666666667,3.42477513,0.00122564876,0.0155165115,1904.545131,19,1906.324135,6.315763956,10.24194564
21,0.158113883,3.283726034,0.001258436677,0.01611114533,1881.704854,21,1883.462333,6.002657035,9.767016092
23,0.1507556723,3.419832915,0.001253542955,0.01601611864,1866.084526,23,1867.826771,6.018228629,9.46716269
25,0.1443375673,3.388841843,0.001326235423,0.01661706329,1804.128399,25,1805.813081,5.98164425,9.174418263
27,0.1386750491,3.338166618,0.001354083152,0.01661830203,1889.377172,27,1891.144738,5.853862616,9.168801711
29,0.133630621,3.275381568,0.001305784603,0.01610702225,1951.039694,29,1952.867465,5.983106218,8.872206345
32,0.127000127,3.172860776,0.001313293159,0.01655547869,1923.087604,32,1924.889581,6.022398905,8.655236294
35,0.1212678125,3.248510302,0.00127389839,0.01619796917,1947.50574,35,1949.331727,6.001917885,8.825757803
38,0.1162476387,3.382759441,0.001224196632,0.0155873194,1909.883664,38,1911.67489,6.09173663,8.769363128
41,0.1118033989,3.430727505,0.001288805643,0.01596056875,1940.273676,41,1942.093243,5.980668763,8.835840257
45,0.1066003582,3.389940735,0.001330124389,0.01680325712,1970.415099,45,1972.259102,5.814204787,8.680677766
49,0.1020620726,3.31057915,0.001315031758,0.0166267561,1925.841534,49,1927.644382,6.031560022,9.889810357
54,0.09712858624,3.4800073,0.001332441366,0.01695242662,1978.445702,54,1980.300285,6.187724139,9.439141502
59,0.09284766909,3.429161879,0.001348191343,0.01711899692,2022.571809,59,2024.467896,6.813588243,9.116871103
64,0.08908708064,3.367295432,0.00130340557,0.01654898151,1974.859263,64,1976.71142,6.809950805,8.90315849
70,0.08512565308,3.327910522,0.001268683321,0.01599988615,1946.344268,70,1948.16955,6.83359856,8.737512951
76,0.08164965809,3.398318739,0.001243955086,0.01564161994,1974.083915,76,1975.937046,6.750006624,8.901118839
83,0.07808688094,3.460380634,0.001237387944,0.01542599114,1995.891024,83,1997.764856,7.130393358,8.816796659
91,0.07453559925,3.494197276,0.001272420599,0.01607202658,2080.551706,91,2082.503824,7.024913544,9.049686508
99,0.07142857143,3.776822208,0.001296361195,0.01607229488,2081.700309,99,2083.653692,6.891338637,8.819207338
108,0.0683585927,3.652390463,0.001267783972,0.01579219068,2103.467618,108,2105.441229,6.761094486,8.639623232
117,0.06565321643,3.756446976,0.001269122416,0.01577527108,2088.915216,117,2090.874805,6.763211331,8.5341668
128,0.06274558051,3.749055273,0.001280489804,0.01584158434,2088.791129,128,2090.749623,6.682813343,8.273918776
140,0.05997601439,3.789316725,0.001303575787,0.01609981823,2103.925279,140,2105.897489,6.600447514,8.227577649
152,0.05754353376,3.891180116,0.00131467834,0.01616588946,2101.895493,152,2103.86607,6.542405646,8.560475283
166,0.05504818826,4.042054335,0.001337121168,0.01626515974,2123.855445,166,2125.845441,6.457392292,8.720589607
181,0.05270462767,4.082493702,0.001370152353,0.01659898876,2113.395622,181,2115.37515,6.350216706,8.898782776
197,0.05050762723,4.076720789,0.001349464598,0.01631600556,2138.265129,197,2140.268601,6.47352827,8.974097399
215,0.04833682445,4.014495155,0.001351079568,0.01621236011,2174.387061,215,2176.425404,6.429227137,8.895259314
235,0.04622501635,3.962482097,0.001345550833,0.01624048827,2164.161722,235,2166.190307,6.360126053,8.787683175
256,0.04428074428,4.109494182,0.001364010192,0.01637806669,2220.419262,256,2222.50072,6.324154956,8.792735817
279,0.04240944648,4.05136033,0.001375626152,0.01659021448,2188.26795,279,2190.319308,6.621992353,8.686997071
304,0.04062222319,4.065920364,0.001402801946,0.01696491354,2150.43427,304,2152.449881,6.528413031,8.860184148
332,0.03886610372,4.100876304,0.001410188541,0.01693144665,2169.155758,332,2171.189941,6.394169411,8.664706359
362,0.03721614638,4.122198262,0.001393455287,0.01665126038,2173.647427,362,2175.687081,6.240272421,8.559196305
395,0.03562352499,4.08253103,0.001384068058,0.01655658057,2146.170088,395,2148.184579,6.220529187,8.574972401
431,0.03409971697,4.074074235,0.001377912541,0.01658058037,2143.329076,431,2145.341597,6.049445812,8.498749541
470,0.03265115742,4.042942017,0.001364387212,0.01637857867,2124.199327,470,2126.194441,6.165822364,8.592692923
512,0.03128056235,3.981056067,0.001355093923,0.01639810598,2118.809533,512,2120.799373,6.14143355,8.474843632
558,0.02996107589,3.927595136,0.001331642604,0.01614680627,2101.021114,558,2102.993839,6.05797189,8.386619971
609,0.02867696673,3.896528618,0.00134444377,0.01624623006,2124.149023,609,2126.144561,6.058035323,8.449967198
664,0.02746175182,3.888216065,0.001351477706,0.01637561251,2125.000481,664,2126.99644,5.998903508,8.48559824
724,0.02629758415,3.863795388,0.001352979122,0.01643391709,2141.713563,724,2143.725489,6.040442936,8.501210437
790,0.02517366802,3.854718542,0.001350331446,0.01635088103,2124.830436,790,2126.826331,6.000584778,8.400646964
861,0.02411214111,3.873467249,0.001346137911,0.01622252634,2128.30923,861,2130.308094,5.929570441,8.366520931
939,0.02308785483,3.893963863,0.001343574846,0.01613180963,2096.094265,939,2098.062944,5.86675497,8.418316138
1024,0.02210788441,3.907093166,0.001345371017,0.01613032544,2105.971014,1024,2107.949338,5.885389197,8.401302879
