seed,fc_hz,ph_max_deg,irn_uv,f0_loq_hz,q_lo,f0_hiq_hz,q_hi,n_complex_pairs,offset_out_uv
1,252.2764734,332.3399332,29.12278479,253.5405081,0.5433754659,253.7282411,1.299629169,2,-188.5621328
2,243.343921,331.9797767,29.36387278,239.0971817,0.5402871089,246.1012211,1.333918868,2,1246.706294
3,244.3225766,332.0750076,29.47207827,244.471279,0.5425187233,246.0980343,1.307387568,2,-1585.660116
4,248.9593241,332.4144008,29.19875128,248.2507383,0.5425829321,250.0915503,1.313103411,2,3027.993162
5,250.7179898,332.1360059,29.29797452,254.1769059,0.5444146252,251.7124261,1.28602049,2,-1055.543047
6,245.0836116,332.3975257,29.48548203,246.0971327,0.5433380154,246.485835,1.300202771,2,-631.8259754
7,245.5710449,332.4093695,29.43438992,246.5727439,0.5435463946,247.3697013,1.301058892,2,1221.279189
8,244.8117568,332.2571858,29.34882312,242.4272475,0.5418959819,246.6086571,1.323176898,2,-2181.167022
9,252.3842395,332.3385197,29.14408862,254.8221691,0.5441409837,253.4853296,1.293504781,2,457.0521715
10,249.3607259,332.3252277,29.21952033,249.7979538,0.5434864073,250.9402296,1.305750096,2,-133.7668908
11,247.1301213,332.3947598,29.42783836,249.3809989,0.5448576483,248.3285678,1.291341891,2,1018.872373
12,251.2518389,332.1546666,29.27678173,254.869094,0.5446248383,252.3941264,1.284578366,2,-3659.415039
13,255.0701015,332.3328194,28.98496909,256.4449949,0.5439598923,255.7578506,1.299625419,2,1051.471081
14,250.3245482,332.4649348,28.99867377,245.2740786,0.5410270493,251.7805574,1.337673097,2,-1168.898555
15,252.0473052,332.4021923,29.11408151,253.5017364,0.5435195692,253.4888113,1.299644959,2,-1282.854956
16,244.672282,332.0584065,29.34001249,242.3416156,0.5417710683,246.6265543,1.323123665,2,4051.01615
17,247.1959714,332.3666982,29.41967725,250.1629683,0.5440109613,249.5382091,1.289120815,2,-901.992246
18,247.5520296,332.4069941,29.30992784,248.0733028,0.5429505955,248.8179035,1.305834382,2,-19.23120859
19,252.0493518,332.4095125,28.98295032,250.0201699,0.5423671994,253.5083113,1.320725505,2,-2998.480273
20,247.3667062,332.2494851,29.50772155,252.5194884,0.545128742,248.5993822,1.277021441,2,-50.38399751
21,246.8004165,332.3764153,29.31768391,245.7585756,0.5423466557,248.6992928,1.312274439,2,2214.986346
22,250.6899668,332.264876,29.29008023,252.8708573,0.5440343463,251.3532442,1.290782793,2,-876.8542887
23,254.8111833,332.2671582,28.85304345,253.0975428,0.5416908442,256.2470553,1.320808694,2,2215.848819
24,253.188009,332.2345449,29.24080972,257.6544539,0.5455005313,253.2313467,1.278633751,2,609.6549191
25,248.4117374,332.1840821,29.17969082,245.9035534,0.5416979792,249.9971407,1.322058599,2,-1073.492905
26,251.3476694,332.3321935,29.11787765,251.931421,0.5432645411,252.9258253,1.305870239,2,-3925.882965
27,246.0693199,332.4529442,29.25238782,243.0135565,0.5407882117,247.6447207,1.328667219,2,119.6953575
28,251.3128142,332.4049634,29.10003941,249.7579573,0.5428112421,252.0817318,1.314303165,2,-223.1692965
29,251.4561868,332.4203976,29.10892259,251.0957789,0.5430376976,252.7525949,1.309300663,2,3607.413808
30,245.9620377,332.1651008,29.47626115,248.7580455,0.5439338826,247.8646625,1.291232934,2,-2780.856214
31,249.9782716,332.4041033,29.00016499,245.9283947,0.5411325157,251.5469838,1.335619934,2,-1022.586677
32,248.0722098,332.315795,29.3560785,250.4133726,0.5441766281,249.4033576,1.294273738,2,-307.1821237
33,246.2932559,332.3577018,29.30297782,244.2159133,0.5421664361,247.4176275,1.31947299,2,1193.691574
34,245.3989256,331.8081046,29.41456339,245.4535,0.5426225526,247.1610947,1.308769901,2,908.0664235
35,254.133131,332.1804623,28.88005717,251.837561,0.5421524122,255.2332841,1.322540367,2,-3531.418323
36,255.341378,332.3229179,28.87166976,254.3915981,0.5434189537,256.2198085,1.314567974,2,-966.056404
37,253.0302659,332.2936153,29.02644398,253.7010064,0.5431156667,254.3958935,1.305908245,2,1299.141473
38,245.8876042,332.3775121,29.42689667,245.8292006,0.54270159,248.2217263,1.303669972,2,1642.70257
39,254.9128088,332.3168104,29.05741967,258.5058962,0.5451134673,255.4999968,1.288289235,2,-371.5660009
40,246.7188562,332.4677615,29.1521423,242.8471779,0.5407603523,248.7104715,1.335926332,2,-3328.832867
41,246.2651476,331.5989273,29.37437751,245.5488459,0.5417645795,247.1684547,1.311717021,2,2182.768541
42,251.7570903,332.1779634,29.05440809,249.4345783,0.5419453203,252.5129492,1.319721158,2,-745.2308478
43,254.6268727,332.3878426,28.95825528,254.7506532,0.5437383185,255.5884436,1.306745981,2,1135.445764
44,249.54855,332.3748006,28.92937349,243.2308552,0.5399941026,251.0821968,1.351200423,2,-3986.213568
45,250.0739794,332.3018655,29.08801455,247.3852855,0.541838317,251.0851335,1.324489783,2,1736.734947
46,249.6043197,332.4260301,29.00853491,245.4418585,0.5408973068,251.836713,1.336400335,2,598.8734609
47,245.3191414,332.1398122,29.43397749,244.8497927,0.542771336,246.9523564,1.30789947,2,-652.3949103
48,250.40443,331.873466,29.22321968,251.3632564,0.5438767988,251.287442,1.301161244,2,-2690.267946
49,247.64951,332.3776891,29.31824595,248.4465401,0.5433627137,249.4858607,1.302839727,2,-629.059461
50,242.1976894,332.3687155,29.64013341,243.5495589,0.5436722438,243.8445169,1.297981156,2,2627.89269
51,256.2333983,332.4426887,29.05405546,261.7739612,0.545715219,257.4478721,1.27697517,2,1930.906135
52,249.3729213,332.3564186,29.30732968,252.3585216,0.5436050239,250.8417828,1.291557146,2,3810.235432
53,245.4106307,332.3523078,29.49564345,246.700455,0.5431537355,246.6964793,1.298051227,2,-471.5228076
54,250.7715804,332.3273488,28.99481269,247.6521674,0.5414884226,252.6518682,1.329182708,2,1219.896962
55,249.5296409,332.3904325,29.15866603,247.9260834,0.541937982,250.5821543,1.317018901,2,-1828.775183
56,248.6512914,332.4157616,29.23484929,247.8007575,0.5432491209,249.7821039,1.311195356,2,2303.079149
57,250.7161571,332.2498153,29.18894196,251.3974036,0.5430409889,251.7941887,1.302804154,2,-197.9410735
58,253.8589047,332.2399585,29.01353687,254.9804113,0.5434863405,255.1255114,1.302518482,2,4478.651509
59,245.1934073,332.3768584,29.67820821,251.6583538,0.5461040508,246.5677026,1.267789181,2,1084.879134
60,250.1723426,331.9749008,29.12842288,249.9916655,0.5424327737,251.870813,1.311858268,2,-294.9770562
61,251.5275507,332.3760025,29.09684607,251.6817439,0.5428418568,252.8820918,1.308413794,2,323.7265855
62,247.6183268,332.2301507,29.28320844,247.5091963,0.5424432878,249.3483776,1.309380666,2,-553.0497597
63,252.1037921,332.2680014,29.00452884,249.2234618,0.5420622836,253.0373068,1.322627335,2,202.7608192
64,253.4140544,332.4366617,28.99219303,252.6653107,0.5424702835,254.5656839,1.312408764,2,2875.114859
