seed,fc_hz,ph_max_deg,irn_uv,f0_loq_hz,q_lo,f0_hiq_hz,q_hi,n_complex_pairs,offset_in_uv,offset_out_uv,dc_gain_db
1,247.2288067,330.7310582,29.55396679,,,,,,3628.510333,3625.038688,-0.00831436553
2,247.9241383,331.1896881,29.18464967,,,,,,335.9888663,335.67563,-0.008101474514
3,243.377982,330.7576936,29.35062827,,,,,,534.2848345,533.7914426,-0.008024796283
4,247.0596966,331.1493621,29.25780692,,,,,,-509.171821,-508.6898455,-0.008225845449
5,247.4219488,331.2520747,29.24188847,,,,,,542.2449099,541.7382816,-0.008119163029
6,248.6183232,330.8400039,29.14594078,,,,,,1416.564096,1415.24056,-0.008119266578
7,246.1580201,331.086416,29.30174835,,,,,,-250.8603256,-250.6246627,-0.008163525509
8,247.4645915,331.0885491,29.26719836,,,,,,-1411.90313,-1410.570546,-0.008201797119
9,253.6133247,331.1757555,28.98683903,,,,,,-1202.613039,-1201.484714,-0.008153166523
10,248.9805715,331.1769107,29.20053163,,,,,,-1408.739889,-1407.419008,-0.008147995941
11,248.2135056,331.0924681,29.28674751,,,,,,1851.73308,1849.99194,-0.008170975841
12,244.5572247,331.268359,29.34470278,,,,,,2938.231032,2935.490095,-0.008106437251
13,252.4936575,331.2558225,28.92433462,,,,,,-181.8165367,-181.6483744,-0.008037304666
14,241.8268677,331.2532761,29.47409171,,,,,,-1948.383793,-1946.554179,-0.008160247585
15,246.9473137,331.2450341,29.13840197,,,,,,1252.858524,1251.7022,-0.008020329097
16,252.5519982,331.121114,29.0801439,,,,,,-513.3131061,-512.8303276,-0.008173051386
17,246.0608885,331.2591324,29.38186112,,,,,,1072.199519,1071.186781,-0.008208070038
18,247.4726158,331.1953157,29.32073397,,,,,,-361.5590878,-361.2194905,-0.008162126028
19,251.8849167,331.1270676,29.07361184,,,,,,1143.752083,1142.680402,-0.008142384877
20,245.3959856,331.3142441,29.2028381,,,,,,2595.492033,2593.086128,-0.008055166061
21,246.6457349,331.2170982,29.28953104,,,,,,-507.8969924,-507.4169592,-0.008213253118
22,254.0279336,331.1832625,29.06192481,,,,,,658.0405662,657.4219153,-0.008169801792
23,249.8594168,331.1664873,29.12447529,,,,,,648.2100311,647.6032203,-0.008134956792
24,253.643029,331.109913,28.86185134,,,,,,-1114.173901,-1113.128001,-0.008157467451
25,246.6602836,331.1394935,29.27076416,,,,,,-431.0943713,-430.6875476,-0.008200742678
26,250.7410887,331.2448505,29.06076404,,,,,,-751.2541125,-750.5482874,-0.008164481178
27,246.5540962,331.2630725,29.22834574,,,,,,-982.7278452,-981.8033051,-0.008175440528
28,246.1607369,331.1978119,29.40525615,,,,,,-941.0109516,-940.131983,-0.00811700666
29,252.4751419,330.7054958,29.14502493,,,,,,-3926.382086,-3922.66697,-0.008222418494
30,252.4455587,330.9453252,28.99296877,,,,,,3595.838946,3592.450167,-0.008189585954
31,254.0948383,330.9871273,29.06017784,,,,,,-2115.222726,-2113.197423,-0.008320631173
32,250.6401975,331.1314712,29.13027924,,,,,,1662.837144,1661.264281,-0.008219797315
33,247.7153757,331.1984217,29.22380814,,,,,,701.1394507,700.4869193,-0.008087485915
34,251.8331547,331.2803495,29.07505548,,,,,,-436.5815681,-436.1728035,-0.008136274464
35,246.2703577,331.1778493,29.43930867,,,,,,1120.201575,1119.13772,-0.008252907128
36,249.2370864,331.0925043,29.0556985,,,,,,569.6056391,569.0727746,-0.008129429593
37,246.910582,331.2374175,29.17202482,,,,,,3681.683084,3678.272455,-0.008050142668
38,245.4322309,331.2404348,29.31863557,,,,,,1028.620388,1027.661342,-0.008102169988
39,251.0790161,330.6339417,29.01736019,,,,,,2172.734177,2170.703432,-0.008122060286
40,249.546851,331.2563118,29.03099884,,,,,,850.4647484,849.6759871,-0.008059442707
41,248.1191406,331.1096933,29.37771483,,,,,,4495.533435,4491.26188,-0.008257061008
42,245.5680009,331.1911853,29.47595164,,,,,,1170.977203,1169.87466,-0.008182123797
43,242.879769,331.2912368,29.35299216,,,,,,4429.82156,4425.697582,-0.008089964372
44,250.0049163,331.1293964,29.05582583,,,,,,417.2019367,416.8121037,-0.008119879908
45,243.5275571,330.6098995,29.61432533,,,,,,324.0763644,323.7711214,-0.008184973843
46,250.1349579,330.7689089,29.09102398,,,,,,2650.40273,2647.90391,-0.008192985935
47,245.7536896,331.2541058,29.35903098,,,,,,1977.737362,1975.870627,-0.008202257722
48,245.2464721,331.2181967,29.2907262,,,,,,-4147.024081,-4143.193835,-0.008026109997
49,242.134299,331.038698,29.46038339,,,,,,2209.684057,2207.614296,-0.008139688684
50,244.1145357,331.2209797,29.51541327,,,,,,738.1990137,737.4967711,-0.008266747525
51,252.6862043,331.000155,28.97307734,,,,,,2831.5578,2828.911379,-0.008121771549
52,244.3943338,330.9853585,29.46428199,,,,,,-2696.788026,-2694.236666,-0.008221381963
53,249.7552697,331.3001134,28.93225207,,,,,,-932.622764,-931.7540524,-0.008094430022
54,248.0770571,331.0923934,29.35443922,,,,,,375.7104701,375.3541489,-0.008241545477
55,245.7646863,330.8380295,29.49061546,,,,,,-475.3453049,-474.8907811,-0.008309395955
56,245.4927037,331.3077241,29.26777632,,,,,,-271.7126305,-271.4593739,-0.008099674876
57,241.2557311,330.9818987,29.53635633,,,,,,1378.652548,1377.382921,-0.008002683752
58,248.0492137,330.622462,29.11229635,,,,,,5128.150507,5123.380657,-0.008082773294
59,245.8264789,331.2438846,29.30181053,,,,,,-1917.565101,-1915.776993,-0.008103271076
60,251.8724638,331.2602453,28.96807869,,,,,,568.5863066,568.0557578,-0.008108601518
61,245.4238836,331.2064078,29.16843471,,,,,,-2741.592283,-2739.053291,-0.008047739414
62,249.907017,331.2031844,29.1319207,,,,,,1752.033422,1750.390981,-0.008146391506
63,249.2154229,331.1703927,29.00564342,,,,,,2209.042725,2206.992406,-0.008065538434
64,250.6342038,330.9913611,29.09174826,,,,,,-1940.763989,-1938.953299,-0.008107526137
65,249.3873055,331.1391265,29.08097737,,,,,,-1611.462877,-1609.942209,-0.008200371347
66,248.1636151,331.1435535,29.20804166,,,,,,-1221.756794,-1220.619293,-0.008090651027
67,245.5449233,331.0726562,29.35047829,,,,,,642.1541887,641.5524363,-0.008143224714
68,251.3629309,331.0772755,29.03415298,,,,,,1172.652782,1171.557186,-0.008118924617
69,247.7429078,331.0219245,29.18681301,,,,,,562.5239025,562.0005078,-0.008085459225
70,250.8090371,330.9328791,29.11460485,,,,,,2407.047651,2404.7853,-0.008167589667
71,247.9521861,331.271064,29.26852813,,,,,,1996.079256,1994.212863,-0.008125363695
72,247.4641866,331.1543647,29.23023691,,,,,,-342.5681639,-342.2470721,-0.008145170016
73,248.9244478,331.1647185,29.13918512,,,,,,-3644.97008,-3641.543046,-0.008170393026
74,251.8554894,331.1456835,28.93606741,,,,,,881.8017154,880.9763933,-0.00813336278
75,250.3465106,331.1892956,29.15265556,,,,,,-300.9751164,-300.6927878,-0.008151591375
76,253.428628,331.2285997,28.90864417,,,,,,-1774.941703,-1773.291122,-0.008081071583
77,248.2078908,331.2014915,29.3280256,,,,,,-2696.967637,-2694.406427,-0.008252588422
78,249.3440744,330.2580467,29.29099628,,,,,,-3539.477175,-3536.158048,-0.008148973039
79,246.9534355,331.0951138,29.30645151,,,,,,2220.316125,2218.237778,-0.008134312942
80,242.3021121,331.2837572,29.4745932,,,,,,-2098.373756,-2096.404496,-0.008155272585
81,247.381376,331.2184177,29.22032021,,,,,,-190.8787716,-190.6986812,-0.008198838082
82,245.535643,331.1903714,29.288204,,,,,,1151.164311,1150.091696,-0.008096987607
83,250.3956769,331.2129706,29.09873282,,,,,,376.4377697,376.0856314,-0.008129007944
84,250.0410959,331.1548769,29.1821041,,,,,,1008.536884,1007.585528,-0.008197288862
85,247.9977404,331.168435,29.21164161,,,,,,3238.317955,3235.292596,-0.008118478009
86,245.1384337,331.1956164,29.27325656,,,,,,-1094.773279,-1093.745913,-0.008154909741
87,245.2546282,331.2249251,29.32671468,,,,,,-3549.982089,-3546.701173,-0.008031265261
88,248.2763354,331.2122169,29.17483315,,,,,,1293.636273,1292.423497,-0.00814679105
89,246.0486711,331.2896112,29.27857711,,,,,,-775.8241603,-775.096826,-0.008146831225
90,248.3345782,331.1915128,29.24205794,,,,,,-809.5450841,-808.7827412,-0.008183294701
91,248.4220573,331.2068012,29.25635856,,,,,,-894.5289823,-893.688053,-0.008169276324
92,248.0517698,331.2292985,29.17882976,,,,,,6.6787875,6.672507152,-0.008171554794
93,245.6342054,331.238303,29.24112193,,,,,,-2589.016286,-2586.583924,-0.008164165968
94,251.1596996,331.2352271,29.09930802,,,,,,2320.036869,2317.859887,-0.008154138504
95,254.6651606,331.1422444,28.93756332,,,,,,2313.170365,2310.997161,-0.008164156956
96,250.0182083,331.2569262,29.01817413,,,,,,-1538.353315,-1536.924859,-0.008069130723
97,248.6186023,330.4547695,29.27983053,,,,,,-432.8281715,-432.4218368,-0.008158054334
98,244.4494018,331.1565966,29.3314896,,,,,,-3834.172503,-3830.569847,-0.008165252326
99,241.7251833,331.1116267,29.44176189,,,,,,-2232.527634,-2230.460621,-0.008045662747
100,244.1863067,331.1195035,29.52844719,,,,,,1744.260529,1742.635112,-0.008097858942
101,240.2093986,331.1872487,29.63582757,,,,,,-1226.160591,-1225.019242,-0.008088861173
102,246.7609633,331.0193924,29.20794581,,,,,,-16.40033181,-16.38501679,-0.008114878881
103,253.8590928,331.1224337,28.94930898,,,,,,915.7834325,914.918511,-0.008207358177
104,247.3600677,331.1298372,29.26857844,,,,,,39.15709419,39.12033469,-0.008157879682
105,245.6379368,331.2661865,29.37083247,,,,,,-579.6998916,-579.15332,-0.008193377233
106,249.2094053,330.4752698,29.09118237,,,,,,7701.027963,7693.855134,-0.008093911195
107,242.6155179,331.1521575,29.49959265,,,,,,381.6676858,381.3106085,-0.008130072745
108,247.08612,331.2710311,29.27816552,,,,,,-255.686975,-255.4471614,-0.00815047984
109,248.0879131,330.9719449,29.37442717,,,,,,-4362.092522,-4357.918856,-0.008314670169
110,252.1375002,331.3032592,29.03648566,,,,,,2556.407924,2553.987195,-0.00822879279
111,252.1253218,330.7929274,28.97474966,,,,,,-2604.143292,-2601.702676,-0.00814427818
112,252.3871548,330.9397183,28.9951023,,,,,,2477.538105,2475.215042,-0.008148145624
113,249.7639024,331.2101306,29.2260827,,,,,,-2127.31062,-2125.27754,-0.008305112428
114,249.2943376,331.1777514,29.14266953,,,,,,-396.5668193,-396.1951413,-0.008144574257
115,249.0703552,331.2583907,29.20270804,,,,,,-1148.565643,-1147.491374,-0.008127831212
116,253.5311452,330.9875038,28.9856041,,,,,,3055.78191,3052.903638,-0.008185181874
117,254.097278,330.7280928,28.77929457,,,,,,-3318.934882,-3315.837572,-0.008109665585
118,250.9715183,331.0644614,29.10956678,,,,,,827.2189711,826.4452506,-0.008127951564
119,252.888581,331.16219,29.01289138,,,,,,1086.895621,1085.877492,-0.008140159863
120,246.595907,331.0268304,29.45666903,,,,,,-1924.658001,-1922.82698,-0.008267243719
121,243.8794765,331.1579695,29.45041933,,,,,,-3396.505638,-3393.296388,-0.008210899081
122,252.1286679,331.3036283,29.07115963,,,,,,4094.851947,4091.010866,-0.008151421761
123,249.474959,331.1141579,29.15325189,,,,,,-762.6442073,-761.9292076,-0.008147077903
124,250.3486144,331.2150563,29.13717018,,,,,,1478.592769,1477.197582,-0.008199797507
125,240.2619538,331.016276,29.46210229,,,,,,-1070.49914,-1069.521309,-0.007937622807
126,248.5140725,331.1190404,29.11052313,,,,,,3483.371201,3480.119341,-0.008112397489
127,247.7046138,331.0205001,29.19105026,,,,,,2062.325841,2060.406574,-0.008087132679
128,245.2165033,331.1105454,29.36261436,,,,,,-2720.669672,-2718.103036,-0.008197996125
129,254.1119838,330.2324741,28.82766368,,,,,,2514.250372,2511.911797,-0.008082752731
130,248.8471595,331.1879013,29.19485294,,,,,,1921.452824,1919.657685,-0.008118681565
131,246.7785863,331.2016054,29.25390432,,,,,,507.2641758,506.7883116,-0.008152051909
132,244.7715769,331.2664498,29.2357766,,,,,,-1829.340281,-1827.645358,-0.008051394045
133,246.7462126,331.1099835,29.31771453,,,,,,76.06837659,75.9975885,-0.008086722046
134,249.1584344,331.2175663,29.13095617,,,,,,-2988.243687,-2985.445297,-0.008137854475
135,253.3708633,330.8502852,28.96933652,,,,,,790.1682775,789.420755,-0.008220997133
136,249.3975453,331.2354167,29.17948049,,,,,,1536.196961,1534.760429,-0.008126172385
137,248.7040372,331.2470869,29.15995892,,,,,,1287.945084,1286.739958,-0.008131163121
138,259.6734772,331.1391982,28.68046452,,,,,,-2296.320185,-2294.171098,-0.008132782651
139,248.4867889,331.1711164,29.38173891,,,,,,-1526.82496,-1525.365263,-0.008307978127
140,246.3668939,331.2071226,29.43545933,,,,,,459.2097928,458.7706479,-0.008310337827
141,246.7565145,331.2430617,29.21983992,,,,,,1390.277084,1388.97015,-0.00816903575
142,247.9509295,331.2588574,29.20825426,,,,,,-3350.885178,-3347.737086,-0.008164061549
143,248.7971559,331.0167086,29.3171117,,,,,,2951.251221,2948.476703,-0.008169583731
144,247.0365391,331.292486,29.25776901,,,,,,-2436.938677,-2434.667087,-0.008100320104
145,247.1203619,331.2241795,29.25799602,,,,,,-622.5159676,-621.9301744,-0.008177349225
146,249.0629508,331.1404406,29.07943487,,,,,,-2642.505257,-2640.031563,-0.008134815123
147,248.2197829,331.2116321,29.1801703,,,,,,4682.630726,4678.273287,-0.008086450065
148,253.0201876,331.0962967,29.10273651,,,,,,388.6035117,388.2343576,-0.008255087031
149,246.5617625,330.6155995,29.31581125,,,,,,-3364.15384,-3360.986118,-0.008182576238
150,250.365304,331.0129278,29.19406334,,,,,,3100.029171,3097.114214,-0.008171181347
151,246.7540795,331.2129275,29.18675903,,,,,,451.9213153,451.5027721,-0.008048092836
152,250.6236517,331.209875,29.11152019,,,,,,1136.592968,1135.522858,-0.008181677325
153,252.0557317,331.1741025,29.07889449,,,,,,1192.145667,1191.013028,-0.008256246907
154,248.2108256,331.1701669,29.29335448,,,,,,-2880.917712,-2878.203194,-0.008188055588
155,249.0597269,330.814022,29.18246359,,,,,,380.9747745,380.6169646,-0.00816158617
156,241.0310364,331.1913988,29.58112398,,,,,,-1433.246492,-1431.902853,-0.008146663696
157,249.0350841,330.7719752,29.13306732,,,,,,2133.291213,2131.294366,-0.008134152546
158,250.7375821,330.7149855,29.24443861,,,,,,-2115.168191,-2113.16621,-0.00822498203
159,250.3354735,331.1227548,29.15667643,,,,,,-488.5816709,-488.1204222,-0.008203843875
160,253.3367901,331.1498637,29.03142355,,,,,,991.6237517,990.6818717,-0.008254092012
161,245.7099681,331.2273042,29.24891659,,,,,,-37.4464547,-37.41162135,-0.008083525842
162,247.2946169,331.2111524,29.33633096,,,,,,998.8725086,997.929197,-0.00820662464
163,252.4724314,331.1601178,29.08687032,,,,,,-223.7303318,-223.5192528,-0.008198595213
164,244.2537684,331.2185209,29.36147433,,,,,,-155.7494215,-155.6041682,-0.008104317992
165,249.7867347,331.2242561,29.1747635,,,,,,-430.5481856,-430.1416081,-0.008206179951
166,247.2382823,331.1692134,29.17865962,,,,,,27.64626657,27.62043537,-0.00811942673
167,244.3230615,331.24703,29.43475577,,,,,,-2634.090791,-2631.626686,-0.008129168763
168,249.3695735,331.2273542,29.13970942,,,,,,-1085.610887,-1084.583177,-0.008226525534
169,253.7536398,331.1997502,29.05455425,,,,,,-343.7778123,-343.4512792,-0.008254106217
170,246.9971484,330.9364369,29.25104604,,,,,,405.7300323,405.3446152,-0.008254950356
171,248.1926218,331.2794362,29.09415317,,,,,,2305.016614,2302.851591,-0.008162189485
172,247.3897718,330.8061941,29.32174507,,,,,,-2209.193328,-2207.098426,-0.008240436858
173,248.3390706,331.1930765,29.15035116,,,,,,-6167.261464,-6161.516286,-0.008095204296
174,252.7505555,331.1669896,29.070045,,,,,,1222.588619,1221.421495,-0.008295803684
175,251.0704215,331.2240104,29.06242031,,,,,,984.2432534,983.3069362,-0.008266878028
176,246.4922752,331.2814874,29.27393718,,,,,,-2968.20544,-2965.419044,-0.008157687169
177,244.6354042,331.2764614,29.38589753,,,,,,738.4293258,737.7320841,-0.008205288176
178,247.5347447,331.1447359,29.26054032,,,,,,421.6599237,421.2648881,-0.008141260784
179,254.2746419,331.2074839,28.92317852,,,,,,-1981.70326,-1979.848243,-0.008134425919
180,246.1850499,331.2448755,29.4255342,,,,,,54.84040029,54.78877012,-0.008181288827
181,249.3728816,331.1695363,29.1209512,,,,,,4036.78537,4033.03882,-0.008065138322
182,245.7272543,330.9441917,29.19947519,,,,,,1946.743047,1944.934011,-0.008075230134
183,251.1961513,331.1629097,29.01581577,,,,,,62.41503278,62.35680672,-0.008106719141
184,255.0951814,331.2163034,28.88764232,,,,,,2062.796,2060.829767,-0.008283235577
185,252.352493,331.0065043,29.00445298,,,,,,-1964.418728,-1962.580193,-0.008133087787
186,243.696568,331.1842967,29.35425146,,,,,,-781.9761326,-781.2462248,-0.008111321382
187,254.1007359,331.1205638,29.02040987,,,,,,1498.225707,1496.807148,-0.008227923359
188,249.38866,331.2485081,29.18487794,,,,,,-0.1898824072,-0.189703288,-0.008197413109
189,248.2655329,331.2167805,29.28588024,,,,,,2469.73635,2467.421147,-0.008146225569
190,253.1674707,331.151377,29.11662007,,,,,,-1120.027854,-1118.95906,-0.008292526584
191,255.2170079,331.1995733,28.87416311,,,,,,3198.452378,3195.439313,-0.008186298311
192,246.4825389,331.2095744,29.31058019,,,,,,2923.825139,2921.084766,-0.008144721903
193,247.035614,331.2085145,29.26162039,,,,,,-3180.226056,-3177.263865,-0.008094159049
194,248.6126944,331.1398182,29.17362585,,,,,,-391.6567555,-391.2887691,-0.008164781578
195,252.2618442,331.1237556,29.04352408,,,,,,1651.933591,1650.388476,-0.008128039097
196,251.1236255,331.1473142,29.12342738,,,,,,-1812.220489,-1810.514806,-0.008179111228
197,247.7050638,330.874627,29.19559807,,,,,,-2900.750105,-2898.046529,-0.008099254047
198,247.1243872,331.0210663,29.24122138,,,,,,1842.455261,1840.730022,-0.008137109
199,253.1367031,330.8161083,29.06877355,,,,,,713.9159517,713.2362,-0.008274169417
200,249.7288311,331.13425,29.20845684,,,,,,-2955.244437,-2952.467985,-0.008164230243
201,253.3471977,331.2174622,28.99109421,,,,,,827.4284505,826.6502557,-0.008172905901
202,250.8838369,331.2510525,29.17696321,,,,,,-1892.361578,-1890.578865,-0.008186459814
203,252.1010299,331.2492214,29.03670296,,,,,,981.059075,980.1307467,-0.008222924623
204,242.9292525,331.1059758,29.41129761,,,,,,1440.889758,1439.539327,-0.008144410772
205,254.134162,331.2763088,28.66644172,,,,,,1642.299801,1640.791241,-0.007982222891
206,252.6701624,331.0015402,29.06666935,,,,,,575.8118499,575.2657875,-0.008241039482
207,251.3544006,331.1010549,29.19469528,,,,,,4853.38494,4848.788865,-0.008229291349
208,252.2664789,331.2440643,29.06184399,,,,,,-105.8538335,-105.7543208,-0.008169404812
209,242.8778594,331.3020016,29.45873956,,,,,,-754.7289831,-754.0220056,-0.008140148927
210,244.2242645,331.0960594,29.38473994,,,,,,-30.13289958,-30.1049541,-0.008059097379
211,255.9347459,330.7513041,28.90998908,,,,,,-1163.966332,-1162.85081,-0.008328378344
212,246.0375239,330.9290045,29.20116642,,,,,,-3161.300112,-3158.335481,-0.008149350131
213,246.4450615,331.0486078,29.39896356,,,,,,2733.266078,2730.703998,-0.008145705855
214,245.474047,331.1267445,29.19849648,,,,,,4.885089657,4.880563764,-0.008050953704
215,246.9687445,331.2319992,29.20023056,,,,,,-2054.862455,-2052.949042,-0.008091754082
216,247.4066148,331.2615576,29.18462816,,,,,,-757.9082349,-757.1996725,-0.008124167751
217,242.7041408,331.2659715,29.43632068,,,,,,1655.44038,1653.901226,-0.008079505239
218,252.1402912,331.1926765,28.99001045,,,,,,4333.880682,4329.806841,-0.008168563163
219,247.202114,331.2092594,29.23942215,,,,,,751.2394438,750.5299168,-0.008207483035
220,247.0489687,331.0756602,29.17284751,,,,,,1933.643444,1931.812959,-0.008226398025
221,250.1703749,331.0445713,29.1229616,,,,,,-442.2516391,-441.8364573,-0.008158064316
222,246.6549981,331.3073544,29.15404523,,,,,,1447.590607,1446.245276,-0.008076063
223,243.3276944,331.2930625,29.38375205,,,,,,-1263.167873,-1261.992393,-0.008086686157
224,245.6831532,330.7624054,29.27171716,,,,,,1150.827452,1149.754877,-0.008099053188
225,238.6107991,331.0288066,29.86810886,,,,,,1773.774763,1772.094298,-0.00823286641
226,248.9886052,331.1615329,29.15683268,,,,,,3732.392067,3728.90261,-0.008124338051
227,245.4756896,331.2995765,29.2422938,,,,,,-2255.785641,-2253.701668,-0.008028034893
228,246.3361654,331.102804,29.31877798,,,,,,1853.309359,1851.571028,-0.008150847755
229,243.3787095,331.2491657,29.57858255,,,,,,-1114.461154,-1113.420479,-0.008114603182
230,255.2501474,330.9369165,28.83842634,,,,,,-816.7796763,-816.0155894,-0.008129341543
231,245.0626528,330.9923793,29.40383436,,,,,,72.27231737,72.20458685,-0.008143859768
232,244.1119063,331.2001723,29.4052783,,,,,,-705.6248942,-704.9629548,-0.008151967411
233,245.4631217,331.2269479,29.33646188,,,,,,2558.054446,2555.663079,-0.008123699902
234,242.7829451,331.0735457,29.50071269,,,,,,4159.188316,4155.250613,-0.008227243236
235,243.7376372,330.6118285,29.45426344,,,,,,3753.80871,3750.275127,-0.008180162628
236,256.9791547,331.1812114,28.80713649,,,,,,36.58576823,36.55112916,-0.008227614938
237,250.6376341,331.1916229,29.03131962,,,,,,1409.36097,1408.053633,-0.008060859443
238,244.9224411,330.7404805,29.43988767,,,,,,-551.8664025,-551.3461174,-0.008192689572
239,247.3304807,330.7492894,29.21980652,,,,,,-126.3302963,-126.2119691,-0.008139447353
240,248.7481052,330.8965665,29.19014133,,,,,,823.3418055,822.5738539,-0.008105328414
241,247.3716381,331.2828653,29.20569555,,,,,,585.9504856,585.4023162,-0.00812964226
242,249.1011178,331.2378333,29.15191879,,,,,,-257.770778,-257.5289871,-0.008151252539
243,248.708932,331.076537,29.19621766,,,,,,2916.636078,2913.889947,-0.008181969546
244,247.5463441,331.0950682,29.24695289,,,,,,-787.0664844,-786.3320728,-0.008108585874
245,250.2138592,331.2176587,29.10371054,,,,,,-1864.229227,-1862.47902,-0.008158459164
246,246.4101782,331.1701053,29.43829543,,,,,,1088.477362,1087.435698,-0.008316304973
247,249.591837,331.23426,29.27717897,,,,,,2413.367893,2411.072587,-0.008264906005
248,247.3826595,331.2376384,29.33374931,,,,,,2104.190483,2102.212846,-0.008167327882
249,246.2890274,331.1123577,29.30974364,,,,,,2228.156144,2226.075758,-0.008113633554
250,249.8913458,331.1431953,29.07401759,,,,,,291.1053879,290.8326709,-0.00814103897
251,247.1148513,331.2184647,29.35598238,,,,,,593.5188187,592.9610164,-0.008167033666
252,247.2970527,330.4540032,29.20077994,,,,,,551.6030597,551.0861806,-0.008142920423
253,253.3927942,331.256915,28.82932979,,,,,,-1213.742875,-1212.60799,-0.008125363539
254,250.032472,330.8685971,29.18094541,,,,,,-4312.048747,-4308.026332,-0.008106253451
255,250.8542981,331.2564441,29.0317843,,,,,,2161.881823,2159.886294,-0.008021231034
256,246.3093159,331.2602769,29.27637413,,,,,,-1478.033236,-1476.657481,-0.0080886011
257,245.5068366,331.2302946,29.33880412,,,,,,3941.27561,3937.587193,-0.008132439147
258,244.1963845,330.9350508,29.17338231,,,,,,1731.394664,1729.797973,-0.008013816909
259,250.999163,331.1515659,28.99817388,,,,,,1884.05809,1882.297278,-0.008121496007
260,250.1432198,331.2230324,29.05511824,,,,,,-341.8232128,-341.5045675,-0.008100705385
261,246.7928537,331.1867554,29.1658687,,,,,,-796.0807794,-795.3357026,-0.008133201559
262,254.5220148,331.1673968,28.76771184,,,,,,-1167.881864,-1166.799035,-0.008057061645
263,254.4913701,331.1171248,28.86473211,,,,,,73.93629772,73.86677909,-0.008170752974
264,240.0226312,331.2583859,29.8115787,,,,,,140.0876946,139.9555986,-0.008194241851
265,248.1696119,331.2149609,29.2588149,,,,,,488.4209879,487.9621148,-0.008164257084
266,248.1749422,331.1821543,29.27475802,,,,,,1465.000138,1463.621554,-0.008177382016
267,247.7261119,331.2357102,29.10646559,,,,,,-1046.690927,-1045.717471,-0.008081906435
268,250.5121292,331.0393743,29.32632694,,,,,,-820.6531792,-819.8739034,-0.008251866022
269,254.7180177,331.0495181,29.0062527,,,,,,841.8948335,841.1000674,-0.008203532411
270,250.7753855,331.1424512,29.1288432,,,,,,209.2439724,209.0480063,-0.008138526596
271,251.779807,331.2704171,29.03855754,,,,,,2416.751342,2414.463354,-0.008227005953
272,253.7578473,331.2290313,28.92672267,,,,,,-1792.158921,-1790.476345,-0.008158618046
273,250.4536356,331.2752712,29.13725189,,,,,,1303.560411,1302.336277,-0.008160490071
274,249.0373034,331.2462784,29.08597663,,,,,,-1093.626503,-1092.606996,-0.008100992533
275,250.7305552,331.2608003,28.97364308,,,,,,2713.263015,2710.729541,-0.008114125163
276,245.0802887,331.1374393,29.43521994,,,,,,-1628.990146,-1627.46678,-0.008126498161
277,244.9727664,331.1882396,29.49399666,,,,,,-1145.546414,-1144.450751,-0.008311634912
278,244.7572057,331.2289051,29.45400493,,,,,,2286.216104,2284.067692,-0.008166177006
279,251.7518242,330.5091577,29.03004678,,,,,,11.64417599,11.63331544,-0.008105130726
280,245.6205,331.1883108,29.22725216,,,,,,-1569.932333,-1568.479915,-0.008039442887
281,253.6907145,331.2310637,28.93278842,,,,,,-3729.747018,-3726.217256,-0.008224054107
282,253.7916049,331.2930192,28.77878706,,,,,,-4400.193941,-4396.060872,-0.008162424451
283,244.4057655,330.4996535,29.46975233,,,,,,-2929.150222,-2926.406129,-0.008140947006
284,249.5470705,331.1579694,29.18155314,,,,,,-3353.527923,-3350.366184,-0.00819300301
285,244.818584,331.2177471,29.43303101,,,,,,-350.6890871,-350.3604473,-0.008143589518
286,246.4405271,330.900609,29.43909998,,,,,,3835.257751,3831.659944,-0.008151948947
287,255.3611783,331.1666404,28.74614447,,,,,,276.0247721,275.7654988,-0.00816259168
288,252.7680656,331.1752011,28.93012452,,,,,,-1064.770665,-1063.767945,-0.008183569022
289,253.0526617,331.1537295,28.88180648,,,,,,3266.885615,3263.813257,-0.008172529254
290,247.4416079,331.1810823,29.23486617,,,,,,1728.872454,1727.2539,-0.008135455936
291,252.4534553,331.1664463,28.99353778,,,,,,-1796.492128,-1794.798429,-0.00819275897
292,246.5041709,331.2860356,29.37206988,,,,,,-2394.507812,-2392.229321,-0.008268980002
293,248.2163042,331.0199711,29.07944916,,,,,,-76.11065208,-76.03957132,-0.008115658499
294,239.3591778,331.2185232,29.62795947,,,,,,2934.417599,2931.686851,-0.008086788236
295,247.8250991,331.2393461,29.1915772,,,,,,-51.44419895,-51.39598787,-0.008143823203
296,256.5371428,331.136381,29.00531545,,,,,,1472.940585,1471.525592,-0.008348183161
297,246.4815715,331.060723,29.22830379,,,,,,-1870.528258,-1868.777564,-0.008133237174
298,254.8220285,331.2538296,28.84482641,,,,,,-557.5690552,-557.0447623,-0.008171351286
299,246.6460537,330.8685411,29.2743369,,,,,,2026.61042,2024.723955,-0.008089003618
300,253.4530438,331.232764,28.94668254,,,,,,2864.110952,2861.413829,-0.008183323986
301,252.5065349,331.019473,28.97671335,,,,,,266.0813948,265.832731,-0.008121109566
302,241.7722516,330.7977883,29.61702444,,,,,,3823.449378,3819.85969,-0.008158675158
303,241.7782645,331.2113862,29.57182977,,,,,,271.0999518,270.8463194,-0.00813004213
304,246.8928016,331.2172229,29.37668601,,,,,,-1249.11046,-1247.938839,-0.008150878555
305,248.0085244,330.6914481,29.12272073,,,,,,-7007.426222,-7000.944752,-0.008037670089
306,251.3021341,331.1868001,29.11093754,,,,,,1727.216247,1725.581636,-0.008224088347
307,255.6353355,331.2067138,28.87006729,,,,,,1212.27172,1211.134062,-0.008155107732
308,247.50402,331.1189684,29.2121395,,,,,,-1036.223525,-1035.256283,-0.008111459033
309,254.1873286,330.8193876,29.04526754,,,,,,-361.2127339,-360.8696371,-0.008254186364
310,246.1939443,330.7554792,29.42703476,,,,,,1202.193968,1201.05754,-0.008214612427
311,252.958537,330.8829191,29.07395798,,,,,,-56.27420794,-56.22068384,-0.008265343109
312,250.8554981,330.5252981,29.19609062,,,,,,1534.685545,1533.226751,-0.008260292375
313,252.5783437,331.125715,29.19225398,,,,,,-3377.188935,-3373.978745,-0.008260306815
314,250.3193886,331.2271707,29.09267667,,,,,,3191.117155,3188.117091,-0.008169705576
315,251.2605427,331.0333862,29.08553567,,,,,,1483.810888,1482.410571,-0.008201007004
316,243.2837972,331.1675942,29.49976319,,,,,,-1834.743004,-1833.011539,-0.008200829861
317,244.9132507,330.9904086,29.39379689,,,,,,1337.662979,1336.404503,-0.008175548276
318,248.4867426,331.1583926,29.21381533,,,,,,-4126.079685,-4122.185449,-0.008201701708
319,252.7751537,330.0126801,28.92449207,,,,,,-1824.188713,-1822.485715,-0.008112625024
320,249.7605419,330.9721305,29.23413892,,,,,,-614.1995597,-613.6130502,-0.008298265079
321,243.8804629,331.3076291,29.45628459,,,,,,260.9752521,260.7279668,-0.00823415679
322,247.6123192,331.2301157,29.14404934,,,,,,2756.088123,2753.539103,-0.008037024346
323,247.6902014,331.2442872,29.26519357,,,,,,567.3135328,566.7785604,-0.008194593257
324,252.7796114,331.1730773,29.00348631,,,,,,860.9422914,860.1264439,-0.008234839251
325,249.6411158,331.0724481,29.25667039,,,,,,3377.541997,3374.354895,-0.008200013762
326,246.6486473,330.9796433,29.45313692,,,,,,1498.709197,1497.285674,-0.008254058128
327,251.9609622,331.1726217,29.0121073,,,,,,-813.0130219,-812.2447787,-0.00821146797
328,246.341072,331.2706435,29.44435209,,,,,,-256.7535247,-256.5123046,-0.008164232348
329,249.0501793,331.0620386,29.25425835,,,,,,-1528.733854,-1527.293909,-0.008185265474
330,254.0850083,331.1902753,28.98574757,,,,,,2800.303157,2797.667292,-0.00817969141
331,247.197702,331.2058211,29.36448783,,,,,,1671.591409,1670.002215,-0.008261667219
332,247.9014772,331.1899941,29.31217421,,,,,,-504.4567793,-503.9806372,-0.008202231857
333,254.9188607,331.17349,28.9225447,,,,,,-623.2512568,-622.6610582,-0.008229150821
334,239.1030846,331.095092,29.62426741,,,,,,-3714.743033,-3711.295591,-0.008064623592
335,250.8781018,331.1783634,29.0878508,,,,,,1294.956812,1293.733528,-0.008209021487
336,248.3007954,330.3941585,29.30753031,,,,,,812.7583129,811.9786884,-0.008335789524
337,249.9247375,331.2693084,29.10902867,,,,,,-980.5433085,-979.6237827,-0.008149203084
338,251.8160509,331.0053693,29.10326051,,,,,,43.32082988,43.27959119,-0.008272355393
339,253.350415,331.0233024,28.91210564,,,,,,1600.07939,1598.577662,-0.008155825363
340,248.2451165,330.9009065,29.27686406,,,,,,1306.576121,1305.338343,-0.008232429098
341,248.8143194,331.0980191,29.37053078,,,,,,-2574.739112,-2572.300656,-0.00823003554
342,247.4671166,330.9977197,29.24406046,,,,,,839.6704852,838.8856753,-0.008122185134
343,249.402725,331.1996318,29.2634752,,,,,,-3236.298996,-3233.237051,-0.008221833377
344,248.6638001,331.1360974,29.33403804,,,,,,-1916.961275,-1915.148599,-0.008217249253
345,251.5763078,331.0858076,29.19603534,,,,,,5780.756004,5775.28619,-0.008222573259
346,250.8614538,331.0670682,29.17481271,,,,,,2606.78102,2604.331491,-0.00816575644
347,250.2374295,330.9435167,29.16788238,,,,,,-1481.939742,-1480.529415,-0.008270096541
348,250.3109317,331.2379121,29.07836924,,,,,,-778.3809554,-777.6496324,-0.008164609527
349,250.8603163,331.162364,29.12389597,,,,,,-1005.578948,-1004.636434,-0.008144970328
350,247.6790187,331.2482963,29.0962169,,,,,,-3156.52025,-3153.579858,-0.008094934671
351,244.8530253,331.1986245,29.37613893,,,,,,-3108.201891,-3105.276045,-0.008180146912
352,248.0466853,330.6650687,29.20585937,,,,,,-2305.572762,-2303.414104,-0.008136224045
353,258.0508644,331.1697663,28.84858048,,,,,,-1918.924762,-1917.116401,-0.008189288344
354,258.8568777,331.2045467,28.72504964,,,,,,248.4628781,248.2246267,-0.008332907668
355,248.2582453,330.7566973,29.26397965,,,,,,-3175.804,-3172.830553,-0.008136248053
356,252.1192363,331.2046727,29.01704827,,,,,,-3729.082664,-3725.604408,-0.008105437962
357,239.4653075,331.1404,29.67408663,,,,,,808.1617185,807.4036575,-0.008151244844
358,249.4278484,331.2087235,29.27228213,,,,,,-3459.601868,-3456.346618,-0.008176677707
359,253.5257216,331.1271383,29.0194165,,,,,,459.5132408,459.079056,-0.008211000917
360,251.0441964,331.0583868,29.15021518,,,,,,1183.02071,1181.909326,-0.00816376345
361,239.2248101,331.1852707,29.6259791,,,,,,-6929.547849,-6923.086314,-0.008103033684
362,246.7435668,331.1305271,29.28299075,,,,,,-2042.094881,-2040.185724,-0.008124245255
363,248.470357,331.0940402,29.29990115,,,,,,-2421.873549,-2419.601211,-0.008153413416
364,248.4931929,331.1560476,29.18951207,,,,,,2439.437445,2437.140822,-0.008181234457
365,246.3631825,331.0673072,29.31563003,,,,,,-1846.918913,-1845.175914,-0.00820103348
366,249.7189256,330.9058372,29.03883347,,,,,,-1393.071408,-1391.768094,-0.008130047506
367,252.8825632,330.9781175,29.15283094,,,,,,3909.261813,3905.536666,-0.008280755344
368,247.637892,330.1469709,29.20195093,,,,,,4307.623873,4303.572814,-0.008172395416
369,253.7932394,330.8413833,28.91603481,,,,,,3086.071211,3083.164996,-0.008183529068
370,245.5975611,331.1896262,29.27995178,,,,,,-2304.965814,-2302.812799,-0.008117078662
371,254.6293336,331.010747,29.02163924,,,,,,6198.344801,6192.476349,-0.008227497789
372,243.2834961,331.3202253,29.24030795,,,,,,1610.56307,1609.065586,-0.008079805352
373,254.9090282,330.6770592,28.79560348,,,,,,-1651.744805,-1650.196672,-0.008144851592
374,242.6951053,331.1239213,29.37003803,,,,,,2644.696867,2642.223272,-0.008127745845
375,252.2806638,330.858005,29.18353738,,,,,,3066.461207,3063.528311,-0.008311534749
376,247.0816426,331.1187279,29.28816745,,,,,,4346.115173,4342.021497,-0.008185235026
377,250.6530377,330.8388533,29.07145211,,,,,,-5881.942907,-5876.425304,-0.008151691126
378,253.1877931,331.2320362,28.9400713,,,,,,-889.6942618,-888.8635252,-0.008114087998
379,247.9335441,331.2261774,29.22624348,,,,,,2624.176054,2621.692103,-0.008225645952
380,252.6155038,331.0810556,28.88036332,,,,,,-139.5063131,-139.3772792,-0.008037574129
381,254.3586632,331.1899419,29.00687052,,,,,,1621.076661,1619.534743,-0.008265680783
382,244.3069535,331.240842,29.39667545,,,,,,-1031.368992,-1030.398301,-0.008178719877
383,244.5817913,331.046378,29.30667312,,,,,,4476.78535,4472.634026,-0.008058164002
384,252.3689469,331.1517312,29.2217165,,,,,,-736.3395088,-735.6337278,-0.008329412022
385,247.6425206,331.2011494,29.24747865,,,,,,-1034.302275,-1033.336714,-0.008112399599
386,249.8802497,330.4251075,29.26421298,,,,,,2120.533215,2118.522993,-0.008237954063
387,243.6873237,330.7529081,29.49763479,,,,,,222.5280531,222.3201881,-0.008117338944
388,250.0819777,331.228379,29.23056887,,,,,,1076.143337,1075.129734,-0.008184959924
389,241.3946455,331.3095574,29.28574063,,,,,,-4836.36668,-4831.902135,-0.008021818595
390,253.0864901,331.1607305,28.97759129,,,,,,-2028.935593,-2027.026249,-0.008177764567
391,251.3631165,331.2461422,29.05638009,,,,,,2578.089971,2575.675418,-0.008138723959
392,251.5821577,331.1768332,29.03568628,,,,,,29.92204103,29.89402458,-0.008136537149
393,250.6474948,331.0771915,29.16660386,,,,,,610.0470027,609.4793739,-0.00808569945
394,247.6943677,331.2233205,29.24947223,,,,,,-276.1212394,-275.862243,-0.00815102013
395,245.9652383,331.2605531,29.23449875,,,,,,-453.9522319,-453.5301123,-0.008080564778
396,254.0391581,331.2254845,28.91369515,,,,,,-2047.700739,-2045.788009,-0.008117164499
397,247.4449862,330.8457059,29.38727606,,,,,,3786.745991,3783.113141,-0.008336886775
398,251.0042645,331.1783736,29.12374521,,,,,,-2647.226585,-2644.752953,-0.008120100106
399,242.2003866,330.7794698,29.52815327,,,,,,-1735.964444,-1734.334725,-0.008158122113
400,241.4229928,331.3138994,29.61087441,,,,,,2466.007236,2463.708883,-0.008099144951
401,250.0212505,331.215706,29.19478652,,,,,,716.1724598,715.4943436,-0.008228231006
402,253.1774308,331.21049,29.18127372,,,,,,-1394.748227,-1393.418771,-0.00828322348
403,244.1568258,331.1621439,29.53562013,,,,,,-2220.959597,-2218.872111,-0.008167730127
404,243.7183051,331.0999549,29.50710351,,,,,,201.3459861,201.1554192,-0.008224783211
405,244.0336249,331.2317269,29.49140935,,,,,,-1371.418643,-1370.134334,-0.008137990032
406,256.7609423,331.2633332,28.72736794,,,,,,-1842.515491,-1840.783079,-0.008170685788
407,242.8678472,331.2507293,29.50368404,,,,,,-1516.229679,-1514.805121,-0.008164576124
408,245.8117077,331.15913,29.38103753,,,,,,1434.471648,1433.137425,-0.008082633624
409,250.7148774,331.1293483,29.22192235,,,,,,-1473.811192,-1472.417218,-0.008219259096
410,254.4988517,331.3578269,28.80911454,,,,,,-1857.424412,-1855.676349,-0.008178328912
411,249.8735026,331.113977,29.12023364,,,,,,4898.080399,4893.509354,-0.008109733197
412,248.972284,330.6875127,29.24176252,,,,,,-119.1594012,-119.0466507,-0.008222617794
413,244.009163,331.1527889,29.55259656,,,,,,484.8786878,484.4196107,-0.008227587352
414,250.5488532,331.2292735,29.23970944,,,,,,-325.0896747,-324.7826805,-0.008206282447
415,252.5510006,330.7589312,29.07712715,,,,,,-2393.361609,-2391.071092,-0.008316631675
416,244.7766526,331.2906849,29.17149568,,,,,,-1917.895712,-1916.12411,-0.008027050864
417,248.5690622,331.0759089,29.27323182,,,,,,214.4454743,214.2444216,-0.00814724768
418,247.5427184,330.2398383,29.22596906,,,,,,-1913.276756,-1911.476882,-0.008174911342
419,250.3847169,331.2106108,29.06783386,,,,,,-1520.442614,-1519.019607,-0.008133066919
420,255.1460263,330.8308599,28.75248855,,,,,,1120.535089,1119.487428,-0.00812479903
421,251.7602565,331.2022557,29.17931986,,,,,,500.1179915,499.639191,-0.008319636558
422,249.8572756,331.2046871,29.15392222,,,,,,-1720.258117,-1718.641515,-0.008166345551
423,252.4657005,331.1946429,29.00929634,,,,,,3709.902051,3706.403288,-0.008195421114
424,250.6096836,331.2255079,29.1976161,,,,,,-968.6678535,-967.7519338,-0.008216791
425,245.6945994,331.2503397,29.24269792,,,,,,-2266.357348,-2264.235471,-0.008135970642
426,253.2425488,331.2368063,29.08430091,,,,,,-1386.834942,-1385.523561,-0.008217195314
427,245.784807,331.2499728,29.2880412,,,,,,-844.8758964,-844.081998,-0.008165644271
428,252.735619,331.2736057,28.90996475,,,,,,-2524.58358,-2522.218438,-0.008141140698
429,251.2903326,331.2026164,29.24068046,,,,,,-3309.519321,-3306.375885,-0.008253921231
430,253.6177739,330.8651746,29.19494688,,,,,,1694.83704,1693.220054,-0.008290865242
431,249.6138179,331.2177691,29.10013783,,,,,,-2094.064148,-2092.097072,-0.008162996456
432,250.7354947,331.2551162,29.06136997,,,,,,181.3974352,181.2269626,-0.00816661153
433,243.3536871,331.0497366,29.60891521,,,,,,4762.687269,4758.236829,-0.008120226527
434,251.8442861,331.18056,28.98800008,,,,,,-33.17926362,-33.14810573,-0.008160554832
435,249.8637616,331.1441186,29.22857253,,,,,,1541.884517,1540.438674,-0.008148681164
436,245.9688859,331.2461587,29.32950991,,,,,,2860.384913,2857.717092,-0.008104925137
437,239.9852299,330.8727219,29.56846481,,,,,,1294.754065,1293.5385,-0.008158479781
438,246.6717095,331.3106607,29.21662801,,,,,,-3444.22962,-3441.004745,-0.00813651518
439,242.9906932,331.2281528,29.55822172,,,,,,-2077.359533,-2075.397379,-0.008208065953
440,253.9007274,331.1479358,28.92723479,,,,,,-1775.74748,-1774.097531,-0.008074314698
441,254.1781358,330.4651832,28.93663521,,,,,,889.1291094,888.2946859,-0.008155299325
442,245.3600622,331.2377838,29.29779484,,,,,,-594.6800226,-594.1247669,-0.008113846838
443,250.1221912,331.1575874,29.20969836,,,,,,-2399.606875,-2397.349307,-0.008175595847
444,249.9508128,331.2132344,29.19341499,,,,,,-1998.333867,-1996.446891,-0.00820574187
445,245.8159434,330.8656431,29.33444077,,,,,,497.5719628,497.1067879,-0.008124146098
446,248.3636998,331.1522688,29.23712804,,,,,,136.9462429,136.8179586,-0.008140310216
447,252.446528,331.2257006,29.01553213,,,,,,-2917.945745,-2915.211033,-0.008144272339
448,252.5331557,331.2599288,29.06857066,,,,,,-2107.378258,-2105.407856,-0.00812511779
449,251.3167312,331.1444527,29.12136565,,,,,,1979.54742,1977.686566,-0.008168926864
450,256.2729602,331.194542,28.70405086,,,,,,914.4485431,913.5925014,-0.008134920006
451,243.3762468,331.1987192,29.29047109,,,,,,1411.100969,1409.790923,-0.008067601703
452,248.1605388,331.0481692,29.316225,,,,,,-309.9445948,-309.6515562,-0.008215998441
453,248.8416868,331.0429331,29.19344707,,,,,,2195.063047,2193.023704,-0.008073451774
454,249.6325364,331.2118589,29.08740848,,,,,,-1690.928844,-1689.351366,-0.008106904499
455,241.9248461,331.1514028,29.62012333,,,,,,-420.8130032,-420.418088,-0.008155167015
456,245.3109445,331.1579611,29.45494258,,,,,,-3431.249425,-3428.006821,-0.008212230647
457,246.8896341,330.4001921,29.22069834,,,,,,-6178.040371,-6172.279992,-0.008102464907
458,246.7701766,331.1734509,29.24672754,,,,,,2720.818651,2718.281778,-0.008102442417
459,250.3326121,330.9622091,29.07391294,,,,,,-4623.460123,-4619.126941,-0.008144374623
460,245.2007056,331.2817282,29.36934552,,,,,,-2508.407162,-2506.035172,-0.008217404545
461,241.5276669,331.083028,29.36022328,,,,,,1004.462216,1003.535908,-0.008013760194
462,247.5941868,331.2307804,29.24572267,,,,,,5310.000644,5304.974782,-0.008224999529
463,245.8276868,331.2586511,29.41903141,,,,,,-2306.846677,-2304.691363,-0.008119123205
464,253.8035339,330.75597,28.87986549,,,,,,-1318.797681,-1317.570732,-0.008084709691
465,251.8556673,331.2207275,28.93873727,,,,,,4218.110747,4214.187904,-0.008081635177
466,243.0267893,331.0513377,29.49532374,,,,,,-1996.366102,-1994.493325,-0.00815199855
467,244.4441335,330.8842797,29.38544568,,,,,,-2080.421565,-2078.49168,-0.008061126314
468,253.1682074,331.2207832,28.96725338,,,,,,4513.899696,4509.625111,-0.008229284813
469,247.4027733,331.2551542,29.16380355,,,,,,1272.730154,1271.551483,-0.008047703063
470,248.8769033,330.8790372,29.12501869,,,,,,-1748.893627,-1747.254844,-0.00814283802
471,252.2822676,331.165224,28.95673427,,,,,,-537.7745675,-537.2692915,-0.008164823215
472,241.8104563,331.2630042,29.4941039,,,,,,-1465.642609,-1464.270762,-0.008133829992
473,255.9188757,331.1379811,28.91655212,,,,,,1467.291528,1465.899629,-0.008243504129
474,243.8669479,331.3334125,29.38528337,,,,,,-2094.789492,-2092.827905,-0.008137387826
475,243.5771632,331.262649,29.32768548,,,,,,257.5540538,257.3159799,-0.008032646714
476,242.549796,331.2442134,29.61560252,,,,,,-92.92355314,-92.83757875,-0.008040047656
477,245.9606826,331.2448643,29.27831988,,,,,,3966.670619,3962.957621,-0.008134226368
478,250.9501192,331.1767503,29.08399819,,,,,,-745.7505117,-745.0543267,-0.008112377538
479,245.5052862,330.859433,29.45138945,,,,,,-325.6135479,-325.3058507,-0.008211844528
480,251.2206424,330.9719177,29.04522148,,,,,,3719.052372,3715.549927,-0.008183854243
481,246.724993,331.1828698,29.1206038,,,,,,-298.188334,-297.9115619,-0.00806580185
482,242.3700532,330.9779062,29.40677837,,,,,,-2453.925085,-2451.641307,-0.008087402518
483,248.2760893,331.1337954,29.16197137,,,,,,-1698.734308,-1697.158512,-0.008061027804
484,245.9800446,331.2327643,29.39516397,,,,,,-2210.946992,-2208.877851,-0.008132599236
485,251.9120686,331.2011596,29.13697534,,,,,,1390.961732,1389.643773,-0.008233921592
486,247.1044065,330.8918273,29.22319431,,,,,,3082.849939,3079.995716,-0.008045460991
487,247.0830353,331.1509557,29.32367114,,,,,,423.7668381,423.3655509,-0.008229024495
488,249.9838008,331.1569497,29.15879605,,,,,,-4194.501087,-4190.530287,-0.008226547092
489,248.2696564,331.2013259,29.39525608,,,,,,-2093.8713,-2091.874902,-0.00828549654
490,245.0129761,331.1033533,29.42773613,,,,,,1550.717812,1549.26254,-0.008155103713
491,244.9134923,330.9014594,29.32317173,,,,,,-110.409207,-110.3073578,-0.008016166208
492,249.0512646,330.970371,29.14584084,,,,,,-870.8864061,-870.070425,-0.008142099965
493,252.3292802,331.1165144,29.07457982,,,,,,3311.39175,3308.294461,-0.008128092521
494,253.5243965,331.0535289,28.93902811,,,,,,3587.564434,3584.192031,-0.008168799895
495,246.5889147,331.0143339,29.27181481,,,,,,-2199.64359,-2197.584075,-0.00813636256
496,251.234751,331.1129419,29.09567096,,,,,,-2058.736381,-2056.79783,-0.008182676781
497,247.2157938,331.2137339,29.23520379,,,,,,804.2861378,803.5308413,-0.008160658405
498,249.4454853,330.8522055,29.22531237,,,,,,-1427.423839,-1426.074951,-0.008211877599
499,252.5168753,331.1190396,29.11169545,,,,,,552.4713773,551.9545054,-0.008130001141
500,246.2263981,331.2996579,29.13616872,,,,,,3168.138139,3165.172199,-0.008135344977
501,252.5252095,331.2516899,29.05184096,,,,,,2552.584057,2550.163407,-0.008240853552
502,251.1169487,330.9747058,29.13441914,,,,,,3224.020235,3220.968141,-0.008226594217
503,253.8033519,331.2077813,29.00582392,,,,,,-1769.192925,-1767.515079,-0.008241327901
504,250.0803288,330.8047636,29.18608762,,,,,,2020.775706,2018.888117,-0.008117202746
505,242.322268,331.1563091,29.53765864,,,,,,1119.397323,1118.348421,-0.008142695129
506,248.7406352,331.113951,29.06826442,,,,,,30.00286837,29.97501545,-0.008067218082
507,251.9942144,330.9574709,28.91172218,,,,,,-3321.247973,-3318.163367,-0.008070759368
508,245.0580906,331.3281081,29.35168506,,,,,,5111.217317,5106.431268,-0.008137115766
509,251.0403806,331.1583823,29.23950659,,,,,,2188.133177,2186.042069,-0.008304714687
510,247.9569117,330.8035457,29.16349748,,,,,,-5216.577739,-5211.69703,-0.008130453581
511,249.5875514,330.4024764,29.29010419,,,,,,-4488.009567,-4483.730172,-0.00828609743
512,250.120121,331.2418571,29.26182024,,,,,,-4040.600515,-4036.758638,-0.008262631891
513,243.2811689,331.265322,29.47858941,,,,,,507.1983424,506.7224161,-0.008154176168
514,251.6756671,331.1386725,29.14248749,,,,,,-1724.956037,-1723.318356,-0.008250339303
515,251.3346806,331.0364487,29.10709725,,,,,,1208.230057,1207.101746,-0.008115148514
516,250.6267052,331.2160053,29.05639804,,,,,,531.2672992,530.7624335,-0.008258163109
517,245.5372858,331.1764054,29.3220292,,,,,,1484.45232,1483.059749,-0.008152092047
518,248.6358539,330.8706652,29.37378351,,,,,,2208.668379,2206.566401,-0.008270250146
519,246.9074596,331.2632479,29.27008829,,,,,,-2935.114695,-2932.37363,-0.008115428301
520,252.2573503,331.1169253,29.03611569,,,,,,-466.3239767,-465.8879369,-0.008125607468
521,247.9068019,330.7750245,29.33496496,,,,,,1694.89874,1693.303541,-0.0081788044
522,245.9612485,331.1844072,29.41652859,,,,,,649.9504086,649.3357673,-0.008217908901
523,250.2410144,331.2226586,28.93085222,,,,,,-4129.760627,-4125.886861,-0.008151293591
524,249.9489625,331.340563,28.99045293,,,,,,2484.873405,2482.581713,-0.008014319038
525,251.3158397,330.8649756,29.14144127,,,,,,1691.66831,1690.062543,-0.008248744131
526,252.7454958,330.655566,28.95381299,,,,,,925.5196859,924.6483534,-0.008181201014
527,250.4677584,331.1781422,29.08220291,,,,,,-245.8089671,-245.5772526,-0.008191709871
528,244.2850289,330.8580349,29.36391293,,,,,,-2928.393547,-2925.659448,-0.008113381632
529,247.6048442,331.0569565,29.12333777,,,,,,-3481.354011,-3478.112238,-0.008091909678
530,252.9825781,331.1782346,28.99280392,,,,,,-2130.995904,-2128.983533,-0.008206250419
531,249.5293193,331.2258997,29.21566344,,,,,,-686.5193009,-685.8645684,-0.008287672941
532,248.120886,331.3064437,28.96917233,,,,,,310.0918488,309.8028877,-0.008097778062
533,247.3583717,331.172388,29.2658513,,,,,,289.3948598,289.1245648,-0.008116419191
534,250.5703532,331.2449917,29.17458375,,,,,,266.9404354,266.6890173,-0.008184668025
535,251.2655043,331.259294,29.0352912,,,,,,-3017.599127,-3014.779236,-0.008120598334
536,243.7204357,331.0984992,29.2882965,,,,,,-1365.597388,-1364.329876,-0.008065760557
537,252.9949449,331.2578327,28.82631436,,,,,,3013.456624,3010.632244,-0.00814471881
538,244.8305446,331.2600822,29.39740062,,,,,,523.8568354,523.368871,-0.008094540357
539,250.6218144,331.2744873,29.20642785,,,,,,1196.891616,1195.753237,-0.008265197098
540,252.7432527,331.2311814,29.09921209,,,,,,-1486.603445,-1485.193433,-0.008242288426
541,248.467971,331.1991061,29.15600511,,,,,,80.51168121,80.43599724,-0.008168897916
542,245.3807798,331.240223,29.27545384,,,,,,-1244.960133,-1243.802372,-0.00808127877
543,247.0527886,331.044714,29.33805829,,,,,,1378.082731,1376.778817,-0.008222303462
544,242.2125147,331.2365957,29.68112549,,,,,,-1541.069067,-1539.608146,-0.008238059887
545,249.0298975,331.1383001,29.21907168,,,,,,1096.872832,1095.847988,-0.008119299056
546,247.8748553,331.1181067,29.17978247,,,,,,1816.448545,1814.75483,-0.008102778474
547,245.7476686,331.1334979,29.35411446,,,,,,2619.204475,2616.7329,-0.008200185655
548,253.8429591,331.0432239,28.97715715,,,,,,-681.9249071,-681.2843653,-0.008162614436
549,251.5878299,331.2019723,29.16116341,,,,,,1309.520693,1308.274271,-0.008271301434
550,249.7060349,331.2384873,29.1732282,,,,,,479.1602447,478.707606,-0.008209003267
551,242.4018487,331.1110224,29.56102024,,,,,,183.6030598,183.4314321,-0.008123156452
552,244.4012551,331.3071934,29.36243041,,,,,,-2313.339428,-2311.174626,-0.00813198281
553,244.2539746,331.2831535,29.41145641,,,,,,-991.3718091,-990.4415695,-0.008154106176
554,248.1032382,331.2625078,29.09811516,,,,,,-372.0519362,-371.7040799,-0.00812482012
555,254.945873,331.211311,28.93995871,,,,,,4072.910896,4069.057313,-0.00822204242
556,243.8699705,331.2847686,29.31582571,,,,,,-349.5983479,-349.2700797,-0.008159764869
557,246.7695424,331.2635266,29.27031923,,,,,,4288.943536,4284.940326,-0.008111011683
558,244.4926996,331.2279963,29.41626949,,,,,,601.3130103,600.7472487,-0.008176201099
559,248.6805046,331.294806,29.08716038,,,,,,-742.3999951,-741.7139795,-0.008029917659
560,241.5224645,331.2633995,29.45314719,,,,,,-2712.944693,-2710.461416,-0.007954216776
561,251.8477972,331.121719,29.05987645,,,,,,-3740.068441,-3736.534259,-0.008211622381
562,241.7555605,331.1653016,29.53829385,,,,,,-2808.56943,-2805.953624,-0.008093512645
563,252.2448179,331.2235365,29.15069448,,,,,,-1591.248198,-1589.737787,-0.008248551947
564,241.3383191,331.1261236,29.5607555,,,,,,-364.9681567,-364.629252,-0.008069353146
565,254.4705247,331.2323278,28.79952702,,,,,,903.8772486,903.0330627,-0.008116070602
566,247.1038638,331.0186966,29.29400872,,,,,,1118.733701,1117.682176,-0.00816791708
567,250.7016873,331.0208248,29.17272499,,,,,,2184.778296,2182.707429,-0.008236924401
568,245.1432442,331.2469082,29.33598642,,,,,,1250.402204,1249.243901,-0.008049849978
569,251.9946436,331.0916588,29.10922199,,,,,,3642.469836,3639.019036,-0.00823273144
570,249.9333494,331.2604573,28.98654551,,,,,,838.1825852,837.3957849,-0.008157257215
571,247.7237609,331.1718604,29.21414159,,,,,,-396.8174154,-396.4453195,-0.008148585779
572,250.5312189,331.2298967,29.2140089,,,,,,-1440.77527,-1439.419649,-0.008176373928
573,248.4890448,330.9454077,29.10635652,,,,,,478.9162728,478.4697855,-0.008101517425
574,253.3587523,331.2552415,28.88425016,,,,,,2359.660911,2357.426126,-0.00823011928
575,245.0695713,331.1826737,29.29102704,,,,,,-1672.14634,-1670.602515,-0.008023033885
576,247.0553724,331.1786863,29.32786632,,,,,,-161.4457435,-161.2938166,-0.008177614687
577,241.6982169,331.1361771,29.60445422,,,,,,-18.81786631,-18.80042739,-0.008053134044
578,246.6160573,331.257921,29.29878034,,,,,,-2940.119801,-2937.393916,-0.008056718795
579,258.409269,331.090005,28.79047611,,,,,,645.9582404,645.3450285,-0.008249481897
580,253.0863119,331.1957916,29.15170814,,,,,,2587.104632,2584.6399,-0.008278980619
581,248.8998245,331.2177714,29.11010484,,,,,,411.5175855,411.1332248,-0.008116481507
582,246.9379365,331.1598188,29.38797121,,,,,,-1834.26407,-1832.542262,-0.008157200952
583,248.5464437,331.1032474,29.15365496,,,,,,-25.63224629,-25.60819,-0.008155678228
584,244.2372453,331.2729601,29.28453615,,,,,,-1946.288386,-1944.481241,-0.008068667663
585,247.2714779,331.1248768,29.24070518,,,,,,-1028.322933,-1027.362496,-0.008116273074
586,252.8645969,331.2138512,28.94679868,,,,,,1333.096006,1331.850648,-0.008118017125
587,250.9693012,330.8521593,29.03544101,,,,,,-2098.949324,-2096.970769,-0.008191536376
588,243.6817309,331.0682743,29.45716966,,,,,,-1278.148006,-1276.952612,-0.008127318922
589,244.384868,330.9782315,29.49185286,,,,,,-56.43480872,-56.38128987,-0.008241003428
590,253.1939315,330.8843644,29.10236491,,,,,,2470.229316,2467.890385,-0.008228109705
591,248.5712145,331.1999086,29.11689462,,,,,,-7.93796269,-7.930559387,-0.008104633534
592,251.6355161,331.210119,28.95705189,,,,,,-419.6611905,-419.2717177,-0.008064812148
593,247.8065524,330.976384,29.24764368,,,,,,136.3651685,136.2366517,-0.008189841622
594,241.0288569,331.0493623,29.5109893,,,,,,1413.133995,1411.817792,-0.008093871636
595,249.0517432,331.0916059,29.19994531,,,,,,2333.038279,2330.857469,-0.008122939322
596,245.0639561,331.1881126,29.20341489,,,,,,2526.365283,2524.020988,-0.008063656137
597,245.8808746,330.9870615,29.23116441,,,,,,4243.093666,4239.129027,-0.008119668861
598,245.9396792,331.2277826,29.27871036,,,,,,2453.154986,2450.840774,-0.008197802628
599,249.6063097,330.7316947,29.02400472,,,,,,1095.962999,1094.934869,-0.008152113869
600,246.7713669,331.2665094,29.15197687,,,,,,2358.80854,2356.636662,-0.008001237035
601,253.2372501,330.8838433,29.15817413,,,,,,-135.901594,-135.772354,-0.008264058667
602,248.3305224,331.1401887,29.26505869,,,,,,-583.6225917,-583.076219,-0.008135319589
603,250.1448873,331.1778788,29.05306424,,,,,,962.0713381,961.1689434,-0.008150932343
604,241.9549508,331.2469688,29.48155462,,,,,,1370.391587,1369.118741,-0.008071366053
605,253.6532764,330.7033068,29.05226071,,,,,,834.4175529,833.6361052,-0.00813831037
606,248.5485472,331.2159581,29.19542069,,,,,,2678.276164,2675.773268,-0.008120910834
607,251.3702194,331.2260054,29.06782802,,,,,,-662.8722426,-662.2493169,-0.008166291336
608,249.3742816,330.7207605,29.20505625,,,,,,600.5246348,599.961349,-0.008151096463
609,251.0133955,331.2618176,28.97509089,,,,,,-1316.487975,-1315.275293,-0.008004684906
610,242.5731656,331.2079905,29.54142616,,,,,,1107.484959,1106.447457,-0.008140832278
611,248.6296879,331.2355582,29.21872166,,,,,,1449.308408,1447.9587,-0.008092743978
612,250.095348,331.2702844,28.9518535,,,,,,-3823.714988,-3820.138004,-0.008129222971
613,254.619701,331.1049935,28.98177945,,,,,,-2879.736518,-2877.012991,-0.008218614984
614,244.3872144,331.2501977,29.41096266,,,,,,768.5006146,767.781278,-0.008134026884
615,253.9062752,331.1470659,28.91442399,,,,,,-2817.945838,-2815.311796,-0.00812282953
616,245.0795195,331.1913089,29.34660303,,,,,,-3639.275757,-3635.884214,-0.008098399871
617,247.6846941,331.2647307,29.20669548,,,,,,128.4255469,128.3044977,-0.008190863832
618,250.3512683,331.2177036,29.21408364,,,,,,382.2862695,381.9248264,-0.008216197828
619,246.1822654,331.1334046,29.27371187,,,,,,1097.455205,1096.438623,-0.008049539376
620,246.3859781,331.1681267,29.35275882,,,,,,-103.1110315,-103.0137622,-0.008197658548
621,247.7761289,331.1873237,29.26121069,,,,,,421.8308005,421.4361251,-0.008130539369
622,252.5700946,331.0037984,28.94182278,,,,,,1624.477519,1622.947058,-0.008187052488
623,246.233542,331.2406695,29.17486482,,,,,,-1372.964917,-1371.692452,-0.008053824498
624,253.1655612,331.1198229,28.85961904,,,,,,-6067.024175,-6061.402011,-0.00805273581
625,250.320822,331.1786406,29.17588559,,,,,,-205.0312842,-204.8372486,-0.008223964283
626,244.2309282,331.0647925,29.39585932,,,,,,1189.099139,1187.988055,-0.0081198184
627,255.2445164,331.1526069,29.01238295,,,,,,1016.282675,1015.298553,-0.00841510123
628,249.4399212,331.1871292,29.145224,,,,,,2254.609501,2252.469284,-0.008249107504
629,254.3469853,331.2400017,28.84245609,,,,,,693.436187,692.7892111,-0.008107717224
630,246.3048873,331.2762027,29.44851805,,,,,,993.2780756,992.3458114,-0.008156171798
631,248.4402624,331.1902371,29.27721898,,,,,,-3774.976812,-3771.44441,-0.008131552968
632,244.9835609,331.0999795,29.47722681,,,,,,3006.346489,3003.497381,-0.008235501312
633,249.3127842,330.776177,29.08293449,,,,,,3143.322057,3140.39769,-0.00808461608
634,248.5435592,331.1357277,29.26028003,,,,,,-96.43349409,-96.34233429,-0.008214764586
635,248.1875274,331.1826801,29.26875002,,,,,,-385.6091253,-385.2409802,-0.008296470107
636,251.9417289,331.1919856,28.95402758,,,,,,-776.5900061,-775.8653488,-0.008108823459
637,249.8073259,331.2225935,29.16073945,,,,,,603.6683466,603.1023442,-0.008147752695
638,244.1128526,331.1930977,29.46968999,,,,,,-2135.766197,-2133.764406,-0.008144845676
639,249.7854983,330.9152388,29.13302988,,,,,,-3284.01922,-3280.941062,-0.008145226035
640,240.4411547,331.2047549,29.58819154,,,,,,555.8980662,555.3809014,-0.008084445284
641,253.5707916,331.1391468,28.95166195,,,,,,-452.0580408,-451.6290171,-0.008247220029
642,254.7007266,331.2012476,28.95433597,,,,,,2905.152301,2902.395703,-0.008245650432
643,253.740557,331.1344875,28.91901201,,,,,,3641.937826,3638.524543,-0.008144372982
644,245.9992208,331.1890534,29.4795487,,,,,,3276.058544,3272.965001,-0.008205855753
645,247.0053723,329.3225934,29.30580887,,,,,,2021.130071,2019.246285,-0.00809942072
646,250.6331634,330.9781833,29.06725664,,,,,,155.5369696,155.3916572,-0.008118698218
647,255.06957,331.2665078,28.9165077,,,,,,2077.825186,2075.860344,-0.008217473353
648,253.603615,331.1471565,28.97744253,,,,,,-5139.603334,-5134.785305,-0.008146250598
649,251.673601,331.1660701,29.07200747,,,,,,-56.24644786,-56.19343845,-0.008189868061
650,242.4612635,331.2266678,29.27167319,,,,,,-1968.701893,-1966.880796,-0.008038378357
651,242.4202704,331.2106227,29.75847562,,,,,,516.2805039,515.7910143,-0.008239066175
652,253.0018333,330.9526988,28.99983028,,,,,,-2188.355479,-2186.305943,-0.008138706473
653,250.3956286,331.2307768,29.01576652,,,,,,-961.8724148,-960.9695896,-0.008156510098
654,247.3980619,331.2378183,29.28842614,,,,,,-2072.311803,-2070.362405,-0.008174552851
655,250.489178,330.8534036,29.19365523,,,,,,2083.577352,2081.630711,-0.008118830311
656,249.5678089,331.2128459,29.19866831,,,,,,-1808.336761,-1806.645736,-0.008126214585
657,242.6968142,331.2352705,29.30981493,,,,,,417.5271391,417.143925,-0.007975730621
658,246.994141,331.2474154,29.26139226,,,,,,1871.768594,1870.015542,-0.008138799786
659,247.140254,331.220087,29.10282906,,,,,,1969.684152,1967.845369,-0.008112433506
660,246.3078045,331.2056763,29.34222251,,,,,,-2523.288821,-2520.901162,-0.008222906083
661,252.8395564,331.2556586,28.98121942,,,,,,-1470.504552,-1469.128874,-0.008129575879
662,243.6953235,331.2285041,29.45037486,,,,,,-345.9454208,-345.6227672,-0.008104866983
663,251.0547707,331.2025529,29.18571716,,,,,,3308.675652,3305.547045,-0.008217061072
664,247.1591195,331.2044602,29.1076774,,,,,,955.8216742,954.9302599,-0.008104376661
665,246.0903699,331.1649769,29.4062095,,,,,,-1523.926581,-1522.503416,-0.008115371219
666,250.6803027,331.1041129,29.1747512,,,,,,1774.95825,1773.272017,-0.008255628522
667,251.5550171,331.2199617,29.13676294,,,,,,367.9239892,367.5757703,-0.008224589584
668,250.0391226,331.2374961,29.11931366,,,,,,688.9793497,688.339216,-0.008073849211
669,247.7549926,331.1813898,29.15961179,,,,,,-248.8424235,-248.6106681,-0.008093235864
670,251.5817487,330.8697362,29.15467264,,,,,,1412.431785,1411.09324,-0.008235419011
671,250.8508505,331.2950644,29.00605224,,,,,,1346.230551,1344.975898,-0.008098805709
672,243.6049526,331.1091722,29.39143156,,,,,,-402.7506852,-402.3724232,-0.008161589859
673,253.2920206,330.9212893,28.97972142,,,,,,1465.101605,1463.729477,-0.008138501303
674,248.4274133,330.8415478,29.20125915,,,,,,2924.589624,2921.849882,-0.008140714737
675,243.4743974,330.9697489,29.50305902,,,,,,-3605.56703,-3602.199447,-0.00811637282
676,246.4360466,331.2473186,29.18501496,,,,,,-689.5794661,-688.9419499,-0.008033819475
677,249.1784019,331.2436814,29.13559971,,,,,,418.7029099,418.3057795,-0.008242282197
678,244.7244718,331.2256956,29.41213088,,,,,,1722.2704,1720.637752,-0.008237801362
679,243.390929,331.2405629,29.56545804,,,,,,2634.159705,2631.655036,-0.008262835269
680,254.6664748,331.0114915,28.93393336,,,,,,-1675.301574,-1673.720569,-0.008200863026
681,247.6466372,331.0256271,29.16657542,,,,,,-826.9176973,-826.1509609,-0.008057486094
682,248.8065502,331.0387566,29.10777769,,,,,,-1498.772789,-1497.361527,-0.008182591036
683,243.4518718,331.1263304,29.39493968,,,,,,-699.3282176,-698.6707772,-0.008169469112
684,243.5529879,331.0346903,29.2440791,,,,,,1044.533875,1043.574147,-0.007984349297
685,246.2401674,330.8581379,29.36531477,,,,,,1241.411802,1240.246438,-0.008157628848
686,257.0247278,331.2191855,28.71327862,,,,,,1265.437592,1264.255885,-0.008114951789
687,244.3439581,331.285616,29.46396976,,,,,,-2255.387501,-2253.272028,-0.00815087793
688,240.3593049,331.1418392,29.63815776,,,,,,-1592.573522,-1591.096829,-0.008057617012
689,241.9171831,330.9492788,29.61631237,,,,,,-1720.382418,-1718.770963,-0.008139747254
690,250.0160323,331.1773799,29.08145546,,,,,,-1931.255312,-1929.448681,-0.008129187272
691,247.3077121,331.0744478,29.32349072,,,,,,1972.510433,1970.650422,-0.008194366978
692,251.5352211,331.2035707,29.01549928,,,,,,-1488.137532,-1486.73385,-0.008196811488
693,252.9454325,331.2701212,28.92701032,,,,,,-2721.537013,-2718.985519,-0.008147010358
694,254.4009057,331.2259528,29.05550915,,,,,,-5025.062419,-5020.261743,-0.008302001042
695,249.205098,330.7167965,29.18493176,,,,,,-891.4442477,-890.6122818,-0.008110140485
696,249.6792139,331.2544242,29.05168476,,,,,,-922.033223,-921.1721597,-0.008115320614
697,248.3128721,331.1988896,29.21175686,,,,,,-760.0213741,-759.309689,-0.008137290186
698,247.0067298,331.1158064,29.10624172,,,,,,-272.435395,-272.1824534,-0.008068125812
699,256.1752906,331.1139615,28.88678024,,,,,,1422.878762,1421.545414,-0.008143169339
700,251.6261181,331.1810014,29.06970058,,,,,,-2399.136826,-2396.861468,-0.008241664904
701,249.0428803,331.0491227,29.05754157,,,,,,-806.159068,-805.4024258,-0.008156202664
702,246.9076733,331.2248263,29.27172264,,,,,,2797.967682,2795.377155,-0.008045645706
703,256.5861567,331.1851935,28.68901605,,,,,,3565.400776,3562.093576,-0.008060609453
704,248.308646,330.8016707,29.16782562,,,,,,5242.474192,5237.57186,-0.00812613089
705,252.2041384,331.1799599,28.99131439,,,,,,1812.684975,1810.989792,-0.008126653787
706,250.3758625,331.2409323,29.18310212,,,,,,478.2455772,477.7965468,-0.008159113729
707,246.8938208,331.2550575,29.32717602,,,,,,3577.910577,3574.494044,-0.008298086551
708,247.0831609,330.1886096,29.33324608,,,,,,3553.150046,3549.809776,-0.008169330309
709,252.9629725,331.1871747,29.06628166,,,,,,161.6042332,161.4512271,-0.008227655131
710,258.301144,331.1406893,28.88553282,,,,,,-571.6847071,-571.1435441,-0.008226052717
711,252.816365,331.2601685,28.82748951,,,,,,-2270.864837,-2268.758373,-0.008060808948
712,252.7646533,331.1189744,29.01600178,,,,,,2099.520429,2097.530848,-0.008234960716
713,248.541398,331.1959238,29.19923229,,,,,,-2650.026845,-2647.550812,-0.008119391687
714,250.8543406,330.632793,29.05176826,,,,,,-1275.960906,-1274.755852,-0.00820708349
715,249.2755169,331.2907655,28.94946312,,,,,,913.9291105,913.0832381,-0.008042807317
716,240.3746101,330.9940067,29.54759711,,,,,,2357.040505,2354.853192,-0.008064172572
717,243.9725778,330.9520673,29.45356696,,,,,,-3188.11624,-3185.13032,-0.008138828038
718,257.1318491,329.9998484,28.80826228,,,,,,5711.089034,5705.693656,-0.008209609216
719,245.9809845,331.0529711,29.26847791,,,,,,-807.6199873,-806.8686443,-0.008084395628
720,251.4544979,331.1938008,29.05156625,,,,,,309.0702876,308.7776912,-0.008226815258
721,248.924367,331.1602772,29.19528763,,,,,,-2784.449889,-2781.845287,-0.008128668576
722,255.4904839,330.8949077,28.85030363,,,,,,3344.800486,3341.638418,-0.008215248174
723,245.7672392,331.1981777,29.33271606,,,,,,424.0529089,423.6554567,-0.008144842769
724,252.4458584,331.2949813,29.20135987,,,,,,-709.669103,-708.9962261,-0.008239484499
725,250.3865795,330.9316596,29.21456797,,,,,,2554.670017,2552.216169,-0.008347103906
726,248.2626622,331.0474838,29.19613503,,,,,,-2525.415507,-2523.056928,-0.008115864229
727,257.7967458,331.215788,28.69938462,,,,,,964.8337057,963.9325036,-0.008116839207
728,250.0865665,330.5277098,29.12880148,,,,,,3606.89597,3603.54238,-0.008079650295
729,251.3047095,331.2692781,29.12755166,,,,,,-914.4691288,-913.6071201,-0.008191466729
730,247.6780147,331.088965,29.1687781,,,,,,2732.997063,2730.458254,-0.008072479463
731,242.5081374,331.1584603,29.66984848,,,,,,-699.5139435,-698.8475033,-0.008279155306
732,250.5582456,331.1922708,29.11468549,,,,,,-2142.829175,-2140.814644,-0.008169677249
733,251.1348393,330.8354355,29.22574866,,,,,,118.3392805,118.22822,-0.008155471003
734,248.2869933,331.2335862,29.20579048,,,,,,2384.898108,2382.624919,-0.008282985829
735,247.1992697,331.2128138,29.2163931,,,,,,1751.327723,1749.6985,-0.008084059449
736,253.4339479,331.2535398,29.04158366,,,,,,-654.5280524,-653.9070187,-0.008245316533
737,247.0199795,331.2368584,29.26488846,,,,,,2165.790859,2163.768805,-0.008113223316
738,250.3591798,331.1654744,29.01525884,,,,,,-5178.654778,-5173.783883,-0.008173543789
739,252.4340755,331.2062416,29.06429357,,,,,,272.1423079,271.8832135,-0.008273380846
740,252.9410848,331.0987915,28.95697923,,,,,,-636.313755,-635.7188403,-0.008124577099
741,245.7823035,331.243796,29.37032169,,,,,,1169.303161,1168.202666,-0.008178615011
742,249.7469622,331.0086438,29.14707513,,,,,,-1427.234845,-1425.877613,-0.008263791128
743,249.5673627,331.1993792,29.17862859,,,,,,-109.5019446,-109.3989826,-0.008170967274
744,245.9771415,331.260526,29.39882123,,,,,,-1901.332903,-1899.547174,-0.008161610815
745,240.5107054,331.0208365,29.6760275,,,,,,-1091.945846,-1090.925777,-0.008117940599
746,250.7565353,330.9281718,29.11217372,,,,,,1150.34809,1149.260724,-0.008214213264
747,255.3694834,331.2358167,28.82686957,,,,,,893.5949312,892.7609863,-0.008109865947
748,252.6066251,330.9165991,29.12232539,,,,,,-1481.796262,-1480.391976,-0.008235444254
749,250.8058391,331.1619219,29.15690864,,,,,,-184.6293366,-184.4550791,-0.008201818717
750,243.306936,331.3334146,29.32901932,,,,,,-4403.122126,-4399.032941,-0.008070345444
751,255.1715754,331.2412445,28.82722322,,,,,,-497.3707883,-496.9013542,-0.0082018861
752,250.6816494,331.1879022,29.1769073,,,,,,-1414.299227,-1412.961898,-0.008217064057
753,255.815014,331.2089319,28.83186416,,,,,,-744.6770937,-743.9743532,-0.008200612643
754,247.67808,331.1107939,29.30579287,,,,,,-190.8963001,-190.7161929,-0.00819884641
755,256.2109071,331.2011275,28.8669441,,,,,,1164.732586,1163.638927,-0.008159694495
756,248.1546431,330.9863105,29.3116633,,,,,,-514.1328948,-513.6481786,-0.008192779497
757,247.1656858,331.2300046,29.1933735,,,,,,-684.6869573,-684.0423024,-0.008181897453
758,243.0112421,331.2131438,29.55255931,,,,,,1578.431083,1576.945621,-0.008178141012
759,250.3967485,331.2305247,29.23180364,,,,,,-1238.695642,-1237.521528,-0.008236938708
760,244.6337306,330.9734311,29.32920703,,,,,,2888.574335,2885.884802,-0.008091144861
761,249.7522934,331.23398,29.13377997,,,,,,-419.2023795,-418.8099441,-0.008135085128
762,251.24931,331.1710277,29.044577,,,,,,3522.784983,3519.477323,-0.008159302058
763,248.7627974,330.8912186,29.29861079,,,,,,459.3690221,458.9341546,-0.008226501745
764,247.984903,331.0934421,29.21294643,,,,,,2527.796341,2525.443817,-0.008087391966
765,255.0305364,331.2648891,28.77522525,,,,,,-2898.905621,-2896.182327,-0.008163545797
766,251.767349,331.1730506,29.06725338,,,,,,-1818.096159,-1816.378919,-0.00820792977
767,246.9726993,331.1723996,29.1921832,,,,,,1430.361666,1429.03965,-0.008031671923
768,248.2512846,331.1947903,29.14653178,,,,,,-953.8403437,-952.9501916,-0.008109715116
769,250.5139348,331.0892565,29.26259609,,,,,,-297.9414718,-297.6568553,-0.008301392556
770,246.4174099,331.2151515,29.27737152,,,,,,-140.1036816,-139.9711065,-0.008223035027
771,247.1908163,331.1413065,29.34370768,,,,,,-433.4287789,-433.0218268,-0.008159129396
772,249.7232061,331.2188913,29.22807829,,,,,,3233.084627,3230.057434,-0.008136557912
773,245.6658119,330.9644154,29.17812343,,,,,,-1671.327717,-1669.776403,-0.008065920657
774,250.494027,331.2195166,29.12180416,,,,,,1520.30873,1518.872106,-0.008211655405
775,246.8339195,330.7301706,29.31660924,,,,,,-840.5263866,-839.7306418,-0.008227017824
776,249.1639735,331.2410185,29.07684292,,,,,,2902.482067,2899.783175,-0.008080390201
777,250.8484711,330.90798,28.98626703,,,,,,-1638.392887,-1636.828966,-0.008295042506
778,242.9295886,331.1195389,29.55967302,,,,,,-1031.212611,-1030.234893,-0.008239208986
779,242.0674669,331.010483,29.4829713,,,,,,-2514.177011,-2511.842978,-0.008067280476
780,252.6851606,331.2326882,28.96830173,,,,,,-274.4491771,-274.1915579,-0.008157075872
781,250.2384374,330.7910277,29.04507861,,,,,,-3087.103422,-3084.19674,-0.008182108122
782,248.9296349,330.7850415,29.23050722,,,,,,-1809.342213,-1807.621387,-0.00826488947
783,247.6904139,330.9639476,29.31817975,,,,,,-1209.414446,-1208.277462,-0.008169541632
784,242.4105741,330.7698843,29.4926484,,,,,,5618.062831,5612.811157,-0.008123226497
785,255.6899802,331.2013992,28.9745956,,,,,,1096.29245,1095.256976,-0.008207904759
786,248.2700616,331.0077987,29.26932038,,,,,,-334.0648262,-333.7497863,-0.008195096113
787,246.9216409,331.2578397,29.30673876,,,,,,790.7339749,789.9888741,-0.008188485993
788,247.3703254,331.0534342,29.38653169,,,,,,-1488.759564,-1487.357409,-0.00818446666
789,251.1000408,330.8642619,29.19501237,,,,,,925.0130021,924.1446128,-0.008158021187
790,250.4132437,331.1274471,29.1499174,,,,,,2742.273773,2739.685842,-0.008200894878
791,245.0708581,331.203059,29.25441468,,,,,,1838.870603,1837.158498,-0.008090879908
792,252.444644,331.202942,29.00081365,,,,,,772.3443646,771.6251968,-0.008091627017
793,247.6145118,331.262775,29.22721947,,,,,,3278.777468,3275.706206,-0.008139968388
794,250.1442465,331.2128018,29.2676676,,,,,,3338.96075,3335.807837,-0.008205783974
795,243.1173503,331.0090708,29.58386406,,,,,,877.9898851,877.1617651,-0.008196396191
796,245.4897127,331.1472825,29.38821274,,,,,,-1667.731996,-1666.171687,-0.008130213392
797,249.1778487,331.188084,29.25706103,,,,,,522.4078424,521.9140409,-0.008214145742
798,247.764695,331.1091527,29.14458108,,,,,,575.1960527,574.6598734,-0.008100482799
799,246.121268,331.0872587,29.24900616,,,,,,1839.258016,1837.540742,-0.008113609999
800,238.6772517,331.2688619,29.65493839,,,,,,-50.2029648,-50.15581264,-0.0081618863
801,250.6568266,331.1416607,29.04581382,,,,,,-1856.703832,-1854.954531,-0.008187303603
802,248.165986,331.2284452,29.20015568,,,,,,1317.329599,1316.095148,-0.008143238964
803,244.0967871,330.9037271,29.44613386,,,,,,401.9187602,401.5424657,-0.008135931784
804,244.2218073,331.2478369,29.32275755,,,,,,-1537.379367,-1535.951268,-0.008072225297
805,256.5116842,331.1576056,28.8917439,,,,,,-85.15676191,-85.07586729,-0.008255077076
806,248.8016652,331.0768666,29.15375402,,,,,,343.8193812,343.5012392,-0.008040924119
807,246.9065215,331.0097216,29.24300733,,,,,,-759.9085558,-759.191335,-0.008201832048
808,248.0768555,331.1655682,29.30409414,,,,,,2918.970388,2916.241054,-0.008125391689
809,243.4440347,330.4563105,29.49455571,,,,,,398.1597753,397.7864877,-0.008147121225
810,246.6672399,331.1392126,29.38121131,,,,,,-364.60276,-364.2555169,-0.008276274954
811,250.795743,331.1566216,28.98639335,,,,,,1443.935398,1442.58345,-0.008136353811
812,246.4144844,330.7422092,29.15289851,,,,,,374.4648704,374.1200686,-0.008001525561
813,251.8968937,330.7860375,29.1698332,,,,,,1802.054218,1800.350618,-0.0082152246
814,247.1528962,331.3230209,29.13856797,,,,,,-154.565018,-154.4221201,-0.008033963874
815,252.0238887,331.2003633,29.06018016,,,,,,1640.602543,1639.069484,-0.008120312977
816,243.0141054,329.9825589,29.34749307,,,,,,1415.283417,1413.978734,-0.008010802337
817,248.4265791,330.7410446,29.20011204,,,,,,90.25466928,90.17015691,-0.008137074992
818,244.8358157,331.2649798,29.29744389,,,,,,885.5292023,884.7021055,-0.008116534155
819,248.3126541,331.1009238,29.14238129,,,,,,3324.676074,3321.543388,-0.008188164255
820,248.6836781,331.0427476,29.21892688,,,,,,1400.627277,1399.326065,-0.008073125561
821,244.6327934,331.3294982,29.16303255,,,,,,-1142.810709,-1141.760084,-0.007988912022
822,248.0841254,331.1051506,29.15854121,,,,,,-1696.554443,-1694.97776,-0.008075935583
823,250.5219312,331.2620952,29.00674741,,,,,,-726.3569935,-725.6742042,-0.008168740383
824,247.0161225,331.2351919,29.2471643,,,,,,-1126.65656,-1125.596213,-0.008178534733
825,250.5365744,330.7682891,29.13161586,,,,,,3311.64559,3308.514055,-0.008217375588
826,244.2339429,331.3016436,29.34664499,,,,,,-572.340239,-571.8108156,-0.008038297155
827,247.7587664,331.265866,29.33084013,,,,,,-3809.089892,-3805.45146,-0.008300703225
828,251.4553632,331.2322878,29.00692116,,,,,,-1530.498162,-1529.056636,-0.008184808843
829,248.8138507,331.1711908,29.29639416,,,,,,-819.2211704,-818.4474063,-0.008207802886
830,250.208292,331.1221105,29.0375009,,,,,,2582.978686,2580.545947,-0.008184526725
831,246.338218,331.0171284,29.38575678,,,,,,-738.4765943,-737.7894958,-0.008085347411
832,249.3178328,331.1746362,29.15432506,,,,,,-1576.478194,-1574.998055,-0.008158924189
833,249.7382369,329.6333683,29.16281703,,,,,,1229.008444,1227.855912,-0.008149219345
834,248.0906973,331.1022473,29.03974899,,,,,,1093.660244,1092.647749,-0.008045002291
835,250.6313153,331.1043962,29.1970589,,,,,,182.2477112,182.0768584,-0.008146629612
836,246.1252858,331.2655689,29.27981584,,,,,,882.2160509,881.3833126,-0.008202627413
837,250.0776898,331.0518207,29.11360649,,,,,,296.3701445,296.0921902,-0.008149986731
838,250.0683837,331.1637209,29.01016561,,,,,,17.27804078,17.26203207,-0.008051512824
839,249.0877768,331.1794658,29.08169226,,,,,,-145.7509193,-145.6163489,-0.008023300959
840,245.7584606,331.2130977,29.27892159,,,,,,-1450.721646,-1449.365271,-0.008124806438
841,251.9030985,331.2089696,28.96840959,,,,,,-931.9618909,-931.0862063,-0.008165221653
842,251.4012984,331.0989026,28.88424665,,,,,,2401.591323,2399.367126,-0.008048032351
843,248.2625645,330.9696202,29.23974295,,,,,,5599.487617,5594.213384,-0.008185213448
844,255.7373729,330.750217,28.8384415,,,,,,-1819.833336,-1818.133934,-0.008114875086
845,251.4755947,331.0064732,28.99437159,,,,,,1372.931868,1371.643905,-0.008152155914
846,248.2699153,330.1593983,29.19147588,,,,,,2048.333594,2046.420794,-0.00811495126
847,253.132907,331.0296387,28.99968461,,,,,,-2418.960508,-2416.695722,-0.00813609843
848,256.6793846,331.0641399,28.96492364,,,,,,369.3463413,368.9945854,-0.008276158924
849,242.8441908,331.1591703,29.40749528,,,,,,1019.758728,1018.807154,-0.0081089075
850,246.3593901,330.910425,29.17693439,,,,,,-2905.635907,-2902.920593,-0.008120750984
851,246.9562159,331.2002731,29.2535596,,,,,,-1246.711309,-1245.541226,-0.008155842985
852,251.3002568,331.1220105,29.08538085,,,,,,865.9049061,865.0948421,-0.008129552768
853,250.8340262,331.2335507,29.01543702,,,,,,-1057.212371,-1056.225888,-0.008108574827
854,244.1610386,330.8172832,29.37344013,,,,,,-218.3222481,-218.121202,-0.008002248733
855,244.68977,331.2411623,29.47072075,,,,,,-587.4447053,-586.8959297,-0.00811792545
856,247.9898348,330.7769768,29.2188185,,,,,,2303.69276,2301.493249,-0.008297041125
857,248.2273709,330.9943517,29.27617592,,,,,,1301.137447,1299.922281,-0.008115768522
858,249.1724959,331.2489189,29.20358844,,,,,,-1112.551646,-1111.513942,-0.008105317273
859,245.0411865,331.2607019,29.39953031,,,,,,-2731.400429,-2728.840964,-0.008142947922
860,245.8501891,331.2585199,29.22350036,,,,,,-2376.019677,-2373.798536,-0.008123503096
861,250.9867352,331.0710672,29.23295631,,,,,,3329.896931,3326.703789,-0.008333166567
862,243.7866848,330.6411979,29.4440491,,,,,,-4716.294847,-4711.814086,-0.008256035927
863,242.6843166,331.298751,29.43721876,,,,,,-2774.1073,-2771.505437,-0.008150405309
864,246.3884188,331.0079129,29.36089935,,,,,,-1495.209876,-1493.801649,-0.008184446965
865,244.8023933,330.9069938,29.35852948,,,,,,1076.660425,1075.646542,-0.00818329077
866,251.7351661,330.9053925,29.05496433,,,,,,1716.237245,1714.622143,-0.008177892167
867,243.5866488,331.2045863,29.3998558,,,,,,933.7383367,932.8730622,-0.008052752343
868,240.7666155,331.1283598,29.49392572,,,,,,-283.5913213,-283.3282028,-0.008062585329
869,242.1421357,331.2283421,29.5636639,,,,,,1473.703108,1472.333028,-0.008078904292
870,247.0081452,330.3299866,29.19961948,,,,,,4318.64463,4314.611318,-0.008115803526
871,253.4385219,330.8953021,28.97006913,,,,,,-2813.334496,-2810.709958,-0.008106782025
872,252.5546643,331.0480719,29.04659766,,,,,,2105.183509,2103.213487,-0.008132024723
873,247.2243868,331.1753247,29.32132132,,,,,,-1294.120598,-1292.897981,-0.008209851959
874,252.4290061,330.6560141,29.06739921,,,,,,163.9261425,163.7713618,-0.008205179599
875,250.6543309,331.2170462,29.03950462,,,,,,-3395.024736,-3391.819385,-0.008204498657
876,247.5020463,331.221904,29.25776563,,,,,,-1228.37361,-1227.206965,-0.008253323615
877,248.8249132,331.1872943,29.11441271,,,,,,-2109.953,-2107.983677,-0.008110752716
878,247.7146969,330.9014855,29.27100912,,,,,,-1411.169423,-1409.841035,-0.008180211421
879,246.6823597,331.2063104,29.2863859,,,,,,2017.756012,2015.881641,-0.008072405515
880,241.0349799,331.0989714,29.51375236,,,,,,130.9793903,130.8575894,-0.008080972709
881,251.24484,331.1933139,29.1313207,,,,,,-3390.86676,-3387.66698,-0.008200279934
882,253.2293217,331.0337027,28.86509173,,,,,,-1785.003987,-1783.339973,-0.008100925848
883,253.8087274,330.0503408,28.87693558,,,,,,1020.242102,1019.282739,-0.008171434297
884,249.1774498,329.8334232,29.15850577,,,,,,-3834.01615,-3830.433145,-0.008121022033
885,248.1568497,331.2269647,29.17167649,,,,,,46.6318053,46.58842353,-0.0080842816
886,242.6035451,331.3228125,29.433273,,,,,,-2732.72044,-2730.208868,-0.007986644934
887,245.9495462,331.0999094,29.36463554,,,,,,-1128.950628,-1127.903402,-0.008060860225
888,249.9129821,330.9850236,29.2186455,,,,,,-3641.851051,-3638.432866,-0.008156267936
889,248.026276,331.1594848,29.22060293,,,,,,1004.952894,1003.998262,-0.008254886231
890,240.8301932,331.1775686,29.54992482,,,,,,-1906.656417,-1904.881792,-0.00808817796
891,245.5984583,331.1987287,29.47458421,,,,,,-1069.895893,-1068.884962,-0.008211070463
892,248.2027975,331.1738288,29.1725596,,,,,,-464.7938449,-464.362643,-0.008061876257
893,245.2749592,331.2267525,29.24315779,,,,,,-649.2222699,-648.6200282,-0.008061080475
894,249.3148829,331.2058282,29.2401629,,,,,,1951.801128,1949.97181,-0.008144634174
895,248.2451444,331.2218586,29.19422538,,,,,,-1629.463803,-1627.93693,-0.008142841101
896,249.718079,331.2333297,29.05941484,,,,,,-444.3906758,-443.9770115,-0.008089088541
897,249.8354787,330.9933638,29.04711975,,,,,,2252.234281,2250.120475,-0.008155858573
898,249.9681926,331.1223762,29.08571917,,,,,,-221.2555678,-221.0458081,-0.008238499332
899,250.9173047,330.8796406,29.00220114,,,,,,1695.808523,1694.242679,-0.0080239198
900,246.8048321,331.1845292,29.3984517,,,,,,1711.780794,1710.143593,-0.008311432851
901,249.4477571,331.2623188,29.08387248,,,,,,747.8324518,747.1346443,-0.008108646422
902,247.9270537,331.173035,29.29913587,,,,,,-679.7269513,-679.0843602,-0.008215232248
903,249.1948489,330.2341995,29.19474379,,,,,,5252.428601,5247.496496,-0.00816000522
904,249.1045315,330.5606578,29.17188312,,,,,,516.7817491,516.2983449,-0.008128692903
905,245.9749468,331.2604131,29.38993344,,,,,,1780.791754,1779.118598,-0.008164730117
906,249.0933904,331.2835854,29.07848357,,,,,,1950.556753,1948.734833,-0.008116857064
907,246.6182991,331.0945065,29.36490525,,,,,,-1167.091955,-1166.001564,-0.008118853259
908,248.4652284,331.2255311,29.22337812,,,,,,1819.627013,1817.939143,-0.008060694745
909,243.6270806,331.2142449,29.54507369,,,,,,2.744714949,2.74212574,-0.008197645934
910,247.3571883,331.1594395,29.21302862,,,,,,842.6025082,841.8088297,-0.008185416492
911,244.6434366,331.2694069,29.44726635,,,,,,1358.792824,1357.520259,-0.008138502044
912,250.2218363,331.2795936,28.98316106,,,,,,1461.681048,1460.310258,-0.008149604106
913,248.5753176,331.0303005,29.34240609,,,,,,-57.48758115,-57.43345204,-0.008182306142
914,250.3042173,331.1984209,29.29031332,,,,,,1049.439989,1048.454521,-0.008160245693
915,244.335639,331.2731842,29.25902471,,,,,,126.8638247,126.7466346,-0.008027270767
916,252.0490027,331.1986331,28.95040644,,,,,,1480.208366,1478.822253,-0.008137545605
917,247.9454631,331.2336116,29.11627001,,,,,,374.0238005,373.6742999,-0.008120186545
918,247.3449757,331.0665435,29.21158145,,,,,,-139.9438271,-139.8136319,-0.008084581148
919,249.5932175,330.8676868,29.06740094,,,,,,-3791.776589,-3788.237799,-0.008110154059
920,252.7304475,331.2532721,29.08855045,,,,,,4772.416673,4767.896065,-0.008231493595
921,245.7949066,331.3035567,29.1137018,,,,,,1576.363771,1574.919902,-0.007959477333
922,242.4161927,331.1247514,29.57027971,,,,,,1364.026356,1362.735919,-0.008221175986
923,244.5842072,331.2057745,29.42833486,,,,,,-2072.978175,-2071.00404,-0.00827567296
924,251.3361616,331.244021,29.05343687,,,,,,-665.8290907,-665.2060063,-0.008132080996
925,242.4658296,331.329136,29.48785872,,,,,,-230.5622425,-230.3466579,-0.008125443021
926,250.7201489,331.2372295,29.07891237,,,,,,-3779.109244,-3775.564284,-0.008151544365
927,247.3517276,331.2782855,29.25133714,,,,,,578.590813,578.048385,-0.008146826801
928,244.8682516,330.9352473,29.31269039,,,,,,846.609842,845.8114343,-0.008195218537
929,243.6673424,330.9488935,29.39426905,,,,,,1766.771744,1765.12104,-0.008119063175
930,252.5449225,330.9670137,29.1738764,,,,,,3172.213298,3169.195,-0.00826838629
931,251.9286314,330.6025983,28.91735195,,,,,,420.9653136,420.573744,-0.008083121195
932,244.9639334,331.0952955,29.47283357,,,,,,877.365863,876.5342897,-0.008236449063
933,250.3768506,331.2331874,28.97433657,,,,,,526.7137357,526.223103,-0.008094657685
934,251.553739,331.2447295,29.04790255,,,,,,-428.0912151,-427.6887269,-0.008170251882
935,249.0005487,331.2119729,29.10187956,,,,,,1461.479887,1460.124969,-0.008056305971
936,247.0026236,330.7317771,29.26379821,,,,,,-560.4242431,-559.9017083,-0.008102426872
937,252.3124673,330.6076374,29.11531224,,,,,,-873.9328398,-873.1054885,-0.00822681747
938,250.5081563,331.0281869,29.16481922,,,,,,-721.8589971,-721.174783,-0.008236824851
939,252.8846931,331.1250313,29.17016321,,,,,,-4042.420198,-4038.562452,-0.008293040364
940,245.3418801,330.9150323,29.36400505,,,,,,-2900.389147,-2897.694473,-0.008073577672
941,249.6910124,331.22348,29.21367617,,,,,,472.2301194,471.7886858,-0.008123236806
942,248.0725469,331.2316242,29.34807346,,,,,,-1125.301537,-1124.230498,-0.008270988901
943,250.5327533,331.3102015,29.17316246,,,,,,326.0231053,325.7168024,-0.00816433969
944,247.3022889,331.2284002,29.44810214,,,,,,2420.571974,2418.257209,-0.008310190031
945,244.5997973,329.2997244,29.25364396,,,,,,6339.242154,6333.294014,-0.008153835933
946,252.7434062,330.6452051,28.95436501,,,,,,-3695.095634,-3691.628572,-0.008153688758
947,247.9468862,331.1827375,29.24884395,,,,,,-1472.161906,-1470.781367,-0.008149126229
948,252.3326174,331.2160648,29.0882455,,,,,,1986.499133,1984.612173,-0.008254579414
949,251.0330024,331.1658241,29.05837286,,,,,,-316.0521498,-315.7591999,-0.008054718184
950,245.9490409,331.3219998,29.27642232,,,,,,-1475.1447,-1473.764503,-0.008130626291
951,247.8540813,331.0064457,29.28739272,,,,,,-2237.832794,-2235.721124,-0.008200071491
952,244.9050087,331.3127991,29.37311237,,,,,,-2450.345362,-2448.035952,-0.008190168995
953,241.3604746,331.1848801,29.53483473,,,,,,-70.57351854,-70.50768978,-0.008105705888
954,247.6912363,331.1266939,29.37714959,,,,,,1305.114148,1303.883695,-0.008192860734
955,251.4298969,331.205849,29.11512321,,,,,,-2011.622588,-2009.730238,-0.008174734052
956,248.7248059,331.1725557,29.16185079,,,,,,-1171.161877,-1170.065079,-0.008138187675
957,253.7920743,331.2482276,28.76195192,,,,,,1801.339073,1799.654904,-0.008124705944
958,249.4652599,331.2268217,29.15059026,,,,,,1122.758343,1121.707385,-0.008134232636
959,252.4658969,330.5474407,29.06016296,,,,,,4063.165156,4059.338124,-0.008184958325
960,245.1083539,331.3131296,29.35065676,,,,,,-889.0967069,-888.261385,-0.008164381448
961,246.4201854,331.3202966,29.33807225,,,,,,5584.650447,5579.382253,-0.00819756775
962,255.1718123,330.9463885,28.95448941,,,,,,-2722.811455,-2720.217624,-0.008278379781
963,249.6013358,331.1250986,29.14958595,,,,,,142.9663802,142.8330839,-0.008102161196
964,247.4505811,331.2353166,29.26996264,,,,,,1447.087755,1445.726265,-0.008175950966
965,246.2438621,331.1690155,29.20601088,,,,,,-306.4790407,-306.1947244,-0.008061515122
966,246.8527784,331.2542477,29.31250601,,,,,,-782.3849845,-781.6570589,-0.008085052988
967,244.3505495,331.1830854,29.48908639,,,,,,727.2755258,726.5850202,-0.008250662247
968,244.5424501,331.2497859,29.34018104,,,,,,1278.410895,1277.218372,-0.008106127605
969,250.576783,331.1744772,29.07228384,,,,,,-143.539572,-143.406135,-0.008078317147
970,247.756108,331.1812674,29.37604951,,,,,,6101.797047,6096.006261,-0.008247080118
971,251.2889902,331.2657654,29.07869336,,,,,,-3477.540436,-3474.284111,-0.008137169389
972,253.0185837,331.0919356,28.93398639,,,,,,-1038.130872,-1037.164565,-0.008088717035
973,250.4732485,331.2172877,29.19856368,,,,,,-235.4408244,-235.2187118,-0.008198050386
974,251.3245027,331.1849409,28.99704747,,,,,,1930.014725,1928.197027,-0.008184268027
975,248.3216609,331.2352815,29.08696861,,,,,,162.1152291,161.9640154,-0.008105584472
976,251.6723313,331.1046328,29.07828185,,,,,,717.2101297,716.5408387,-0.008109341641
977,251.9019994,331.0124468,29.08041896,,,,,,-902.9160538,-902.067264,-0.008169044936
978,251.408728,331.2518198,29.16392079,,,,,,-2041.127641,-2039.193833,-0.008233096696
979,248.3980421,331.271845,29.25957651,,,,,,-1635.166599,-1633.62129,-0.00821245601
980,247.3255395,331.2726601,29.16717435,,,,,,-4786.531199,-4782.043333,-0.008147736607
981,241.4321613,331.1323336,29.69383682,,,,,,229.8668826,229.6497469,-0.008208700635
982,248.9564183,331.1509703,29.30210368,,,,,,-1121.861245,-1120.79257,-0.008278043184
983,243.540594,330.9096088,29.38316876,,,,,,-3200.402916,-3197.416486,-0.008108950768
984,249.0432369,330.778872,29.25776951,,,,,,-2697.973695,-2695.421547,-0.008220303995
985,251.0098643,330.9432542,28.97871837,,,,,,713.3495713,712.6770462,-0.008192665067
986,249.8330495,331.2260834,29.2183208,,,,,,2076.542221,2074.570837,-0.008249943751
987,253.5039892,331.2115382,28.97818128,,,,,,-769.0544051,-768.3351191,-0.008127593517
988,245.6580769,330.8896987,29.54253679,,,,,,81.59774545,81.52004248,-0.008275240214
989,250.9994852,330.98864,29.12263972,,,,,,-3032.265048,-3029.418055,-0.008159010863
990,246.9565493,331.1295691,29.05831406,,,,,,992.2402097,991.3212739,-0.008047924023
991,252.9464104,331.2783642,28.81469582,,,,,,1750.694196,1749.072933,-0.00804745402
992,242.8672306,331.321774,29.38347715,,,,,,2464.15987,2461.884213,-0.00802514649
993,247.8577212,331.0720796,29.25707448,,,,,,806.6254972,805.8695602,-0.008143883252
994,248.8948155,331.2461374,29.12905403,,,,,,-152.6180374,-152.4736504,-0.008221327837
995,244.6123497,331.325947,29.39867223,,,,,,-1258.954638,-1257.778162,-0.008120641955
996,244.1377351,331.2175556,29.57294973,,,,,,-6138.156038,-6132.328493,-0.008250272789
997,253.7523352,331.0050264,29.12594768,,,,,,70.42829716,70.36148869,-0.008243368485
998,253.726402,331.1585571,29.0098377,,,,,,-1058.571439,-1057.57453,-0.0081837853
999,249.4855236,331.2327642,29.13527696,,,,,,371.4870975,371.1367509,-0.008195459006
1000,246.8186955,331.1519824,29.22868492,,,,,,650.8509605,650.2434567,-0.008111189044
1001,252.459264,331.1185501,28.94710679,,,,,,118.439587,118.329406,-0.008083993788
1002,246.9062563,331.1275489,29.21609633,,,,,,-1357.730199,-1356.459,-0.008136130634
1003,251.5751961,331.1784187,29.09331879,,,,,,115.4020165,115.292848,-0.008220602939
1004,250.6164077,331.203712,29.24781851,,,,,,-66.30375493,-66.2409818,-0.00822726732
1005,250.1423347,331.1632038,29.16489892,,,,,,-136.9697218,-136.8401939,-0.008217859424
1006,243.1929628,331.2176641,29.51426211,,,,,,-2350.343415,-2348.131523,-0.008178078581
1007,244.5378228,331.2706018,29.34555566,,,,,,-2415.643234,-2413.40808,-0.00804062763
1008,247.0097165,331.1656034,29.34597154,,,,,,-1335.144689,-1333.889829,-0.008167427153
1009,262.387835,331.1798312,28.65215444,,,,,,896.5118057,895.655404,-0.008301246277
1010,245.5768081,331.2023552,29.33695398,,,,,,-1120.558284,-1119.501616,-0.008194515234
1011,252.8893867,331.2092995,29.09876336,,,,,,3436.31597,3433.082465,-0.00817709611
1012,245.1186383,331.2351952,29.32738448,,,,,,-341.5723408,-341.2542694,-0.008092050016
1013,247.3741707,331.1140497,29.27455065,,,,,,-622.9396862,-622.3561919,-0.008139700115
1014,242.8282278,331.1652712,29.46512794,,,,,,205.1005792,204.9098212,-0.008082250712
1015,246.5264351,330.9105151,29.29561114,,,,,,-475.4523507,-475.0042288,-0.008190459446
1016,251.8486629,331.2181675,28.96740046,,,,,,-1478.003935,-1476.63748,-0.008034055054
1017,248.5659866,331.0360651,29.28018304,,,,,,-56.65612833,-56.60287432,-0.008168153623
1018,252.4561546,331.255504,28.81283294,,,,,,525.9303182,525.4409795,-0.008085329243
1019,242.9271201,331.2340351,29.58025089,,,,,,-2879.168716,-2876.453824,-0.008194162868
1020,249.2036852,331.1626876,29.19252908,,,,,,-2526.225548,-2523.83808,-0.008212682657
1021,247.4066296,331.0961556,29.26400551,,,,,,1535.290248,1533.861866,-0.008084818757
1022,240.0880002,330.6704665,29.51455257,,,,,,6174.112218,6168.441509,-0.007981354974
1023,255.5982827,331.208152,28.80596674,,,,,,2092.873247,2090.903351,-0.008179355423
1024,246.4628406,331.1660819,29.28822357,,,,,,-2641.25502,-2638.789056,-0.008113224746
