dut,device,role,generator,mechanism,port,irn_uv_rms,pct_of_power,id_na,gm_ns,z_dc_ohm,si_over_2qid,si_over_4ktgm
pre_ideal,m10,bias_a_int,idid,channel_thermal,d-b,10.53577678,13.01744839,0.6626337,18.60422,60058209.07,0.7191054048,0.4951233104
pre_ideal,m9,bias_a_int,idid,channel_thermal,g-d,10.53575548,13.01739576,0.6626337,18.60422,60057919.98,0.7191093076,0.4951259976
pre_ideal,m5,in_a,idid,channel_thermal,d-b,10.50405743,12.93918487,0.6626377,16.63112,60071861.82,0.7191200619,0.5538788939
pre_ideal,m2,in_a,idid,channel_thermal,d-b,10.50404728,12.93915986,0.6626391,16.63116,60071717.34,0.7191204855,0.5538790582
pre_ideal,m10,bias_a_int,igig,channel_thermal,d-b,7.017471493,5.775027506,0.6626337,18.60422,60058209.07,0.3190220757,0.2196552344
pre_ideal,m9,bias_a_int,igig,channel_thermal,g-d,7.017457308,5.77500416,0.6626337,18.60422,60057919.98,0.3190238071,0.2196564265
pre_ideal,m5,in_a,igig,channel_thermal,d-b,6.995768695,5.739362112,0.6626377,16.63112,60071861.82,0.3189804667,0.2456843543
pre_ideal,m2,in_a,igig,channel_thermal,d-b,6.99576192,5.739350996,0.6626391,16.63116,60071717.34,0.3189806533,0.2456844262
pre_ideal,m0,in_b,flicker,flicker_1_over_f,d-b,5.262907562,3.248210958,2.646239,62.03438,16115057.85,2.133916806,1.75967665
pre_ideal,m1,in_b,flicker,flicker_1_over_f,d-b,5.262907562,3.248210958,2.646239,62.03438,16115057.85,2.133916806,1.75967665
pre_ideal,m0,in_b,idid,channel_thermal,d-b,4.618492642,2.501458228,2.646239,62.03438,16115057.85,0.68796455,0.5673113175
pre_ideal,m1,in_b,idid,channel_thermal,d-b,4.61849264,2.501458227,2.646239,62.03438,16115057.85,0.6879645497,0.5673113172
pre_ideal,m15,gmf_b,idid,channel_thermal,d-b,3.26668441,1.251431558,2.646239,63.51318,7755105.811,0.6970575272,0.561426098
pre_ideal,m14,gmf_b,idid,channel_thermal,d-b,3.266682034,1.251429738,2.646239,63.51318,7755105.796,0.6970575275,0.5614260983
pre_ideal,m2,in_a,flicker,flicker_1_over_f,d-b,3.250826071,1.239310734,0.6626391,16.63116,60071717.34,0.2218510599,0.1708735304
pre_ideal,m5,in_a,flicker,flicker_1_over_f,d-b,3.250826018,1.239310693,0.6626377,16.63112,60071861.82,0.2218504608,0.1708731189
pre_ideal,m0,in_b,igig,channel_thermal,d-b,3.012603399,1.064330889,2.646239,62.03438,16115057.85,0.2927295995,0.2413915292
pre_ideal,m1,in_b,igig,channel_thermal,d-b,3.012603398,1.064330889,2.646239,62.03438,16115057.85,0.2927295994,0.2413915291
pre_ideal,mstn,bridge,idid,channel_thermal,d-b,2.672170396,0.8373770224,2.646239,58.78463,8373609.428,0.6665211737,0.5800133568
pre_ideal,mst,bridge,idid,channel_thermal,d-b,2.672169775,0.8373766329,2.646239,58.78463,8373609.411,0.6665211726,0.5800133559
pre_ideal,m10,bias_a_int,flicker,flicker_1_over_f,d-b,2.400027144,0.675499528,0.6626337,18.60422,60058209.07,0.1249891033,0.08605834161
pre_ideal,m9,bias_a_int,flicker,flicker_1_over_f,g-d,2.400022152,0.6754967183,0.6626337,18.60422,60057919.98,0.1249897816,0.08605880869
pre_ideal,m15,gmf_b,igig,channel_thermal,d-b,2.142631467,0.5383784904,2.646239,63.51318,7755105.811,0.3002417735,0.2418216012
pre_ideal,m14,gmf_b,igig,channel_thermal,d-b,2.142629908,0.538377707,2.646239,63.51318,7755105.796,0.3002417736,0.2418216013
pre_ideal,mstn,bridge,igig,channel_thermal,d-b,1.718652924,0.3463929988,2.646239,58.78463,8373609.428,0.2754506872,0.2396999286
pre_ideal,mst,bridge,igig,channel_thermal,d-b,1.718652516,0.3463928344,2.646239,58.78463,8373609.411,0.2754506867,0.2396999282
pre_ideal,mstn,bridge,flicker,flicker_1_over_f,d-b,1.609460053,0.3037757814,2.646239,58.78463,8373609.428,0.7134072903,0.620814122
pre_ideal,mst,bridge,flicker,flicker_1_over_f,d-b,1.609460006,0.3037757637,2.646239,58.78463,8373609.411,0.7134072888,0.6208141207
pre_ideal,m8,gmf_a,idid,channel_thermal,d-b,1.400187541,0.2299138644,1.983755,44.74811,14308.24986,0.6276799818,0.5379109477
pre_ideal,m4,gmf_a,idid,channel_thermal,d-b,1.400183868,0.2299126579,1.983758,44.74818,14308.21613,0.6276805146,0.5379113764
pre_ideal,m15,gmf_b,flicker,flicker_1_over_f,d-b,1.10867023,0.1441443139,2.646239,63.51318,7755105.811,0.3542894497,0.2853528376
pre_ideal,m14,gmf_b,flicker,flicker_1_over_f,d-b,1.108670029,0.1441442616,2.646239,63.51318,7755105.796,0.3542894497,0.2853528376
pre_ideal,m8,gmf_a,igig,channel_thermal,d-b,0.8657254371,0.08789275944,1.983755,44.74811,14308.24986,0.2399576591,0.2056395863
pre_ideal,m4,gmf_a,igig,channel_thermal,d-b,0.8657230816,0.08789228116,1.983758,44.74818,14308.21613,0.2399578162,0.2056397103
pre_ideal,m8,gmf_a,flicker,flicker_1_over_f,d-b,0.7196580438,0.06073584959,1.983755,44.74811,14308.24986,2.212806771,1.89633734
pre_ideal,m4,gmf_a,flicker,flicker_1_over_f,d-b,0.7196566309,0.06073561111,1.983758,44.74818,14308.21613,2.212811683,1.896341452
pre_ideal,m10,bias_a_int,ibd,bulk_junction_shot,d-b,0.03689951633,0.0001596739578,0.6626337,18.60422,60058209.07,8.820653837e-06,6.073256158e-06
pre_ideal,m9,bias_a_int,ibd,bulk_junction_shot,g-d,0.0368994434,0.0001596733266,0.6626337,18.60422,60057919.98,8.820702497e-06,6.073289661e-06
pre_ideal,m5,in_a,ibd,bulk_junction_shot,d-b,0.01401377969,2.303049722e-05,0.6626377,16.63112,60071861.82,1.279964136e-06,9.858508441e-07
pre_ideal,m2,in_a,ibd,bulk_junction_shot,d-b,0.01401375166,2.303040508e-05,0.6626391,16.63116,60071717.34,1.279962243e-06,9.858490977e-07
pre_ideal,m0,in_b,ibd,bulk_junction_shot,d-b,0.002349669976,6.474503621e-07,2.646239,62.03438,16115057.85,1.780652949e-07,1.468367186e-07
pre_ideal,m1,in_b,ibd,bulk_junction_shot,d-b,0.002349669745,6.474502344e-07,2.646239,62.03438,16115057.85,1.780652598e-07,1.468366896e-07
pre_ideal,m15,gmf_b,ibd,bulk_junction_shot,d-b,0.002167442812,5.509193644e-07,2.646239,63.51318,7755105.811,3.06866554e-07,2.471573512e-07
pre_ideal,m14,gmf_b,ibd,bulk_junction_shot,d-b,0.002167440896,5.509183907e-07,2.646239,63.51318,7755105.796,3.068664582e-07,2.47157274e-07
pre_ideal,mstn,bridge,ibd,bulk_junction_shot,d-b,0.00131692362,2.033826574e-07,2.646239,58.78463,8373609.428,1.618850815e-07,1.408740086e-07
pre_ideal,mst,bridge,ibd,bulk_junction_shot,d-b,0.001316923124,2.03382504e-07,2.646239,58.78463,8373609.411,1.618850344e-07,1.408739676e-07
pre_ideal,m8,gmf_a,ibd,bulk_junction_shot,d-b,0.0008801970804,9.085578609e-08,1.983755,44.74811,14308.24986,2.480422758e-07,2.125679638e-07
pre_ideal,m4,gmf_a,ibd,bulk_junction_shot,d-b,0.000880194113,9.08551735e-08,1.983758,44.74818,14308.21613,2.480421155e-07,2.125678154e-07
pre_ideal,m10,bias_a_int,rgate,gate_resistance,,0.0001463564141,2.5119805e-09,,,,,
pre_ideal,m9,bias_a_int,rgate,gate_resistance,,0.0001463561174,2.511970314e-09,,,,,
pre_ideal,m8,gmf_a,rgate,gate_resistance,,8.44852097e-05,8.370552328e-10,,,,,
pre_ideal,m4,gmf_a,rgate,gate_resistance,,8.448504395e-05,8.370519484e-10,,,,,
pre_ideal,mbn,__mirror__,idid,channel_thermal,d-b,2.22975486e-05,5.830515864e-11,0.6623419,18.59559,144.6330342,0.5487676249,0.3778500786
pre_ideal,mbn,__mirror__,igig,channel_thermal,d-b,1.485151839e-05,2.586630879e-11,0.6623419,18.59559,144.6330342,0.2434534588,0.1676281624
pre_ideal,r3,rep_sink,idid,channel_thermal,d-b,5.979740233e-06,4.193313954e-12,2.649111,74.37471,0.03668293071,0.5834070273,0.4017032027
pre_ideal,mbn,__mirror__,flicker,flicker_1_over_f,d-b,5.055306757e-06,2.997007092e-12,0.6623419,18.59559,144.6330342,0.0953423494,0.06564730239
pre_ideal,r3,rep_sink,igig,channel_thermal,d-b,3.974248226e-06,1.852263297e-12,2.649111,74.37471,0.03668293071,0.257742546,0.1774678764
pre_ideal,r2,rep_bridge,idid,channel_thermal,d-b,2.989835757e-06,1.048304393e-12,2.649127,58.84982,0.01905056214,0.5407496182,0.4705574236
pre_ideal,r1,rep_gmfb,idid,channel_thermal,d-b,2.829831537e-06,9.391044693e-13,2.649126,63.58309,0.01763236774,0.5655153193,0.4554745621
pre_ideal,r2,rep_bridge,igig,channel_thermal,d-b,1.922031509e-06,4.332252379e-13,2.649127,58.84982,0.01905056214,0.2234716421,0.1944638269
pre_ideal,r1,rep_gmfb,igig,channel_thermal,d-b,1.857237778e-06,4.045086018e-13,2.649126,63.58309,0.01763236774,0.2435892414,0.1961904466
pre_ideal,r2,rep_bridge,flicker,flicker_1_over_f,d-b,7.061521409e-07,5.847756808e-14,2.649127,58.84982,0.01905056214,0.579417943,0.5042063929
pre_ideal,r3,rep_sink,flicker,flicker_1_over_f,d-b,6.857533669e-07,5.514785691e-14,2.649111,74.37471,0.03668293071,0.1013511122,0.06978501192
pre_ideal,r1,rep_gmfb,flicker,flicker_1_over_f,d-b,4.605721488e-07,2.487643185e-14,2.649126,63.58309,0.01763236774,0.2877443454,0.2317536329
pre_ideal,mbn,__mirror__,ibd,bulk_junction_shot,d-b,6.91161546e-08,5.602113168e-16,0.6623419,18.59559,144.6330342,5.272703839e-06,3.630483049e-06
pre_ideal,r3,rep_sink,ibd,bulk_junction_shot,d-b,1.79571987e-08,3.781550629e-17,2.649111,74.37471,0.03668293071,5.261192544e-06,3.622578743e-06
pre_ideal,mbp,testbench_bias,igig,channel_thermal,,8.906889798e-09,9.3034687e-18,,,,,
pre_ideal,mbp,testbench_bias,idid,channel_thermal,,6.832660531e-09,5.4748526e-18,,,,,
pre_ideal,mbpd,testbench_bias,idid,channel_thermal,,6.832646532e-09,5.474830167e-18,,,,,
pre_ideal,mbpd,testbench_bias,igig,channel_thermal,,4.550759823e-09,2.428625627e-18,,,,,
pre_ideal,r1,rep_gmfb,ibd,bulk_junction_shot,d-b,2.772283306e-09,9.012970767e-19,2.649126,63.58309,0.01763236774,5.427482466e-07,4.371376186e-07
pre_ideal,r2,rep_bridge,ibd,bulk_junction_shot,d-b,2.167985787e-09,5.511954251e-19,2.649127,58.84982,0.01905056214,2.843245889e-07,2.474177355e-07
pre_ideal,mbpd,testbench_bias,flicker,flicker_1_over_f,,8.586048601e-10,8.645287252e-20,,,,,
pre_ideal,mbp,testbench_bias,flicker,flicker_1_over_f,,7.783001235e-10,7.103738103e-20,,,,,
pre_ideal,mbn,__mirror__,rgate,gate_resistance,,3.097872443e-10,1.125433416e-20,,,,,
pre_ideal,r3,rep_sink,rgate,gate_resistance,,6.579335029e-11,5.076410652e-22,,,,,
pre_ideal,mbp,testbench_bias,ibd,bulk_junction_shot,,2.919776488e-11,9.997512526e-23,,,,,
pre_ideal,mbpd,testbench_bias,ibd,bulk_junction_shot,,1.384740646e-11,2.248690179e-23,,,,,
pre_ideal,mbp,testbench_bias,rgate,gate_resistance,,8.830548719e-12,9.144671831e-24,,,,,
pre_mim,m10,bias_a_int,idid,channel_thermal,d-b,10.53558111,13.01914136,0.6626337,18.60422,60057884.18,0.719105634,0.4951234683
pre_mim,m9,bias_a_int,idid,channel_thermal,g-d,10.53557758,13.01913264,0.6626337,18.60422,60057845.74,0.7191059668,0.4951236974
pre_mim,m5,in_a,idid,channel_thermal,d-b,10.50401283,12.94123846,0.6626413,16.63121,60071536.97,0.7191202089,0.553879019
pre_mim,m2,in_a,idid,channel_thermal,d-b,10.50401095,12.94123385,0.6626414,16.63121,60071536.89,0.7191197124,0.5538787201
pre_mim,m10,bias_a_int,igig,channel_thermal,d-b,7.017341163,5.775778577,0.6626337,18.60422,60057884.18,0.3190221774,0.2196553044
pre_mim,m9,bias_a_int,igig,channel_thermal,g-d,7.017338809,5.775774702,0.6626337,18.60422,60057845.74,0.319022325,0.219655406
pre_mim,m5,in_a,igig,channel_thermal,d-b,6.995739051,5.740273114,0.6626413,16.63121,60071536.97,0.3189805298,0.2456844081
pre_mim,m2,in_a,igig,channel_thermal,d-b,6.995737798,5.740271058,0.6626414,16.63121,60071536.89,0.318980309,0.2456842752
pre_mim,m1,in_b,flicker,flicker_1_over_f,d-b,5.262784417,3.248602045,2.646225,62.03409,16115133.19,2.133908022,1.759668323
pre_mim,m0,in_b,flicker,flicker_1_over_f,d-b,5.262783864,3.248601363,2.646227,62.03413,16115122.79,2.133908634,1.759669023
pre_mim,m1,in_b,idid,channel_thermal,d-b,4.617659886,2.500974345,2.646225,62.03409,16115133.19,0.6879649976,0.5673113373
pre_mim,m0,in_b,idid,channel_thermal,d-b,4.617658344,2.500972675,2.646227,62.03413,16115122.79,0.687964756,0.567311201
pre_mim,m15,gmf_b,idid,channel_thermal,d-b,3.263613186,1.249288411,2.646253,63.51351,7755102.618,0.6970577624,0.5614263406
pre_mim,m14,gmf_b,idid,channel_thermal,d-b,3.263609254,1.249285401,2.646251,63.51347,7755102.887,0.6970576082,0.5614261457
pre_mim,m5,in_a,flicker,flicker_1_over_f,d-b,3.250825368,1.239517416,0.6626413,16.63121,60071536.97,0.2218516971,0.1708740748
pre_mim,m2,in_a,flicker,flicker_1_over_f,d-b,3.250824984,1.239517124,0.6626414,16.63121,60071536.89,0.2218516028,0.1708740279
pre_mim,m1,in_b,igig,channel_thermal,d-b,3.012060609,1.064125294,2.646225,62.03409,16115133.19,0.2927298494,0.2413915867
pre_mim,m0,in_b,igig,channel_thermal,d-b,3.012059562,1.064124554,2.646227,62.03413,16115122.79,0.2927297387,0.2413915222
pre_mim,mstn,bridge,idid,channel_thermal,d-b,2.670723618,0.8366103773,2.646226,58.78436,8373687.974,0.6665213949,0.5800133639
pre_mim,mst,bridge,idid,channel_thermal,d-b,2.670721076,0.8366087847,2.646227,58.7844,8373677.29,0.6665214054,0.5800131976
pre_mim,m10,bias_a_int,flicker,flicker_1_over_f,d-b,2.400006473,0.6756008377,0.6626337,18.60422,60057884.18,0.124989143,0.08605836894
pre_mim,m9,bias_a_int,flicker,flicker_1_over_f,g-d,2.400005564,0.6756003259,0.6626337,18.60422,60057845.74,0.1249892009,0.08605840881
pre_mim,m15,gmf_b,igig,channel_thermal,d-b,2.140617007,0.5374564711,2.646253,63.51351,7755102.618,0.3002418359,0.2418216744
pre_mim,m14,gmf_b,igig,channel_thermal,d-b,2.140614452,0.537455188,2.646251,63.51347,7755102.887,0.300241776,0.2418215957
pre_mim,mstn,bridge,igig,channel_thermal,d-b,1.717721257,0.3460754031,2.646226,58.78436,8373687.974,0.2754508623,0.2397000043
pre_mim,mst,bridge,igig,channel_thermal,d-b,1.717719577,0.346074726,2.646227,58.7844,8373677.29,0.2754508549,0.2396999254
pre_mim,mstn,bridge,flicker,flicker_1_over_f,d-b,1.609335805,0.3037796664,2.646226,58.78436,8373687.974,0.7134042507,0.6208112785
pre_mim,mst,bridge,flicker,flicker_1_over_f,d-b,1.609334621,0.3037792193,2.646227,58.7844,8373677.29,0.7134047001,0.6208114817
pre_mim,m8,gmf_a,idid,channel_thermal,d-b,1.397713093,0.2291402697,1.983731,44.74766,14306.01811,0.6276900958,0.5379185169
pre_mim,m4,gmf_a,idid,channel_thermal,d-b,1.397710154,0.229139306,1.98374,44.74784,14305.98877,0.6276894672,0.5379182548
pre_mim,m15,gmf_b,flicker,flicker_1_over_f,d-b,1.108424641,0.144104551,2.646253,63.51351,7755102.618,0.3542914278,0.2853544578
pre_mim,m14,gmf_b,flicker,flicker_1_over_f,d-b,1.108423546,0.1441042665,2.646251,63.51347,7755102.887,0.3542911007,0.2853541584
pre_mim,m8,gmf_a,igig,channel_thermal,d-b,0.8641811616,0.08759411776,1.983731,44.74766,14306.01811,0.2399535857,0.2056356756
pre_mim,m4,gmf_a,igig,channel_thermal,d-b,0.864179117,0.08759370329,1.98374,44.74784,14305.98877,0.2399532192,0.2056354673
pre_mim,m8,gmf_a,flicker,flicker_1_over_f,d-b,0.7183832436,0.06053098495,1.983731,44.74766,14306.01811,2.212821628,1.8963462
pre_mim,m4,gmf_a,flicker,flicker_1_over_f,d-b,0.7183830619,0.06053095434,1.98374,44.74784,14305.98877,2.212827631,1.89635232
pre_mim,m10,bias_a_int,ibd,bulk_junction_shot,d-b,0.03689881972,0.0001596946263,0.6626337,18.60422,60057884.18,8.820651247e-06,6.073254375e-06
pre_mim,m9,bias_a_int,ibd,bulk_junction_shot,g-d,0.03689881183,0.000159694558,0.6626337,18.60422,60057845.74,8.820657464e-06,6.073258655e-06
pre_mim,m5,in_a,ibd,bulk_junction_shot,d-b,0.01401370936,2.303411684e-05,0.6626413,16.63121,60071536.97,1.279962421e-06,9.858495439e-07
pre_mim,m2,in_a,ibd,bulk_junction_shot,d-b,0.01401369789,2.303407912e-05,0.6626414,16.63121,60071536.89,1.279959898e-06,9.858477493e-07
pre_mim,m1,in_b,ibd,bulk_junction_shot,d-b,0.002349252431,6.473284922e-07,2.646225,62.03409,16115133.19,1.780663386e-07,1.468374889e-07
pre_mim,m0,in_b,ibd,bulk_junction_shot,d-b,0.002349250904,6.473276509e-07,2.646227,62.03413,16115122.79,1.780661636e-07,1.468373608e-07
pre_mim,m15,gmf_b,ibd,bulk_junction_shot,d-b,0.002165399304,5.499729619e-07,2.646253,63.51351,7755102.618,3.068650271e-07,2.471561448e-07
pre_mim,m14,gmf_b,ibd,bulk_junction_shot,d-b,0.002165397307,5.499719475e-07,2.646251,63.51347,7755102.887,3.068651326e-07,2.471561986e-07
pre_mim,mstn,bridge,ibd,bulk_junction_shot,d-b,0.001316212727,2.031971091e-07,2.646226,58.78436,8373687.974,1.61885657e-07,1.408744644e-07
pre_mim,mst,bridge,ibd,bulk_junction_shot,d-b,0.001316211102,2.031966073e-07,2.646227,58.7844,8373677.29,1.618855679e-07,1.408743442e-07
pre_mim,m8,gmf_a,ibd,bulk_junction_shot,d-b,0.0008786464119,9.055107967e-08,1.983731,44.74766,14306.01811,2.480490048e-07,2.125732964e-07
pre_mim,m4,gmf_a,ibd,bulk_junction_shot,d-b,0.0008786426924,9.055031303e-08,1.98374,44.74784,14305.98877,2.480476996e-07,2.125722872e-07
pre_mim,m10,bias_a_int,rgate,gate_resistance,,0.0001463536985,2.512307282e-09,,,,,
pre_mim,m9,bias_a_int,rgate,gate_resistance,,0.0001463536433,2.512305387e-09,,,,,
pre_mim,m8,gmf_a,rgate,gate_resistance,,8.433167035e-05,8.341550013e-10,,,,,
pre_mim,m4,gmf_a,rgate,gate_resistance,,8.433163682e-05,8.341543382e-10,,,,,
pre_mim,mbn,__mirror__,idid,channel_thermal,d-b,1.297438691e-05,1.974417732e-11,0.6623419,18.59559,38.39131834,2.793024579,1.923117379
pre_mim,mbn,__mirror__,igig,channel_thermal,d-b,8.641727826e-06,8.759241918e-12,0.6623419,18.59559,38.39131834,1.23908821,0.8531654499
pre_mim,r3,rep_sink,idid,channel_thermal,d-b,7.82544189e-06,7.18262338e-12,2.649111,74.37471,9.587750852,1.277338304,0.8795075542
pre_mim,r3,rep_sink,igig,channel_thermal,d-b,5.209376439e-06,3.183001448e-12,2.649111,74.37471,9.587750852,0.566655222,0.3901687962
pre_mim,r2,rep_bridge,idid,channel_thermal,d-b,3.912670687e-06,1.795609716e-12,2.649127,58.84982,4.979210782,1.183942201,1.030260167
pre_mim,r1,rep_gmfb,idid,channel_thermal,d-b,3.703288888e-06,1.60857212e-12,2.649126,63.58309,4.608540067,1.238165372,0.997237053
pre_mim,mbn,__mirror__,flicker,flicker_1_over_f,d-b,2.937283816e-06,1.011945627e-12,0.6623419,18.59559,38.39131834,0.4852573534,0.334120529
pre_mim,r2,rep_bridge,igig,channel_thermal,d-b,2.515280724e-06,7.420587295e-13,2.649127,58.84982,4.979210782,0.4892791392,0.4257680883
pre_mim,r1,rep_gmfb,igig,channel_thermal,d-b,2.430493781e-06,6.928741861e-13,2.649126,63.58309,4.608540067,0.533325541,0.4295484295
pre_mim,r2,rep_bridge,flicker,flicker_1_over_f,d-b,1.47185341e-06,2.540940352e-13,2.649127,58.84982,4.979210782,1.268604418,1.103932775
pre_mim,r3,rep_sink,flicker,flicker_1_over_f,d-b,1.236600741e-06,1.793594891e-13,2.649111,74.37471,9.587750852,0.2219028082,0.1527905298
pre_mim,r1,rep_gmfb,flicker,flicker_1_over_f,d-b,9.599989645e-07,1.080953177e-13,2.649126,63.58309,4.608540067,0.630000766,0.5074121128
pre_mim,mbn,__mirror__,ibd,bulk_junction_shot,d-b,4.021696498e-08,1.897072546e-16,0.6623419,18.59559,38.39131834,2.68361156e-05,1.847781817e-05
pre_mim,r3,rep_sink,ibd,bulk_junction_shot,d-b,2.349985274e-08,6.477324202e-17,2.649111,74.37471,9.587750852,1.151909807e-05,7.931441293e-06
pre_mim,mbp,testbench_bias,igig,channel_thermal,,5.695773691e-09,3.805141433e-18,,,,,
pre_mim,mbp,testbench_bias,idid,channel_thermal,,4.369330401e-09,2.239211553e-18,,,,,
pre_mim,mbpd,testbench_bias,idid,channel_thermal,,4.369321449e-09,2.239202378e-18,,,,,
pre_mim,r1,rep_gmfb,ibd,bulk_junction_shot,d-b,3.627977789e-09,1.54381264e-18,2.649126,63.58309,4.608540067,1.188318091e-06,9.570893016e-07
pre_mim,mbpd,testbench_bias,igig,channel_thermal,,2.910107001e-09,9.933064801e-19,,,,,
pre_mim,r2,rep_bridge,ibd,bulk_junction_shot,d-b,2.837150643e-09,9.441264072e-19,2.649127,58.84982,4.979210782,6.225133929e-07,5.417078228e-07
pre_mim,mbpd,testbench_bias,flicker,flicker_1_over_f,,5.207070087e-10,3.180183645e-20,,,,,
pre_mim,mbp,testbench_bias,flicker,flicker_1_over_f,,4.756590708e-10,2.653731133e-20,,,,,
pre_mim,mbn,__mirror__,rgate,gate_resistance,,1.802719525e-10,3.811726032e-21,,,,,
pre_mim,r3,rep_sink,rgate,gate_resistance,,1.034296734e-10,1.254745538e-21,,,,,
pre_mim,mbp,testbench_bias,ibd,bulk_junction_shot,,1.867130397e-11,4.088976853e-23,,,,,
pre_mim,mbpd,testbench_bias,ibd,bulk_junction_shot,,8.855100255e-12,9.197129852e-24,,,,,
pre_mim,mbp,testbench_bias,rgate,gate_resistance,,5.647019798e-12,3.740278785e-24,,,,,
post_lumped,m9,bias_a_int,idid,channel_thermal,d-b,10.53589654,13.02267607,0.6626337,18.60422,60057812.07,0.7191059912,0.4951237142
post_lumped,m10,bias_a_int,idid,channel_thermal,d-b,10.53568002,13.02214084,0.6626337,18.60422,60058064.92,0.7191052052,0.495123173
post_lumped,m2,in_a,idid,channel_thermal,d-b,10.50433581,12.94477297,0.6626419,16.63123,60071464.83,0.7191205686,0.5538791314
post_lumped,m5,in_a,idid,channel_thermal,d-b,10.50409852,12.94418813,0.6626393,16.63116,60071717.76,0.7191198069,0.5538787028
post_lumped,m9,bias_a_int,igig,channel_thermal,d-b,7.017550725,5.777345824,0.6626337,18.60422,60057812.07,0.3190223355,0.2196554132
post_lumped,m10,bias_a_int,igig,channel_thermal,d-b,7.017407578,5.777110129,0.6626337,18.60422,60058064.92,0.3190219875,0.2196551736
post_lumped,m2,in_a,igig,channel_thermal,d-b,6.995953855,5.741840391,0.6626419,16.63123,60071464.83,0.3189806883,0.2456844572
post_lumped,m5,in_a,igig,channel_thermal,d-b,6.99579585,5.741581033,0.6626393,16.63116,60071717.76,0.3189803533,0.2456842693
post_lumped,m0,in_b,flicker,flicker_1_over_f,d-b,5.261614912,3.24784551,2.64623,62.03419,16115107.22,2.133910772,1.759671079
post_lumped,m1,in_b,flicker,flicker_1_over_f,d-b,5.261600514,3.247827735,2.646235,62.03429,16115081.24,2.133912725,1.759673178
post_lumped,m0,in_b,idid,channel_thermal,d-b,4.610289459,2.493524448,2.64623,62.03419,16115107.22,0.6879647328,0.5673112763
post_lumped,m1,in_b,idid,channel_thermal,d-b,4.610223329,2.493452915,2.646235,62.03429,16115081.24,0.6879642791,0.5673110596
post_lumped,m14,gmf_b,idid,channel_thermal,d-b,3.262720198,1.248869061,2.646248,63.51339,7755103.913,0.6970576606,0.5614262586
post_lumped,m15,gmf_b,idid,channel_thermal,d-b,3.262657412,1.248820996,2.646243,63.51329,7755103.968,0.6970575617,0.5614260021
post_lumped,m2,in_a,flicker,flicker_1_over_f,d-b,3.250842894,1.239793076,0.6626419,16.63123,60071464.83,0.2218520115,0.1708742662
post_lumped,m5,in_a,flicker,flicker_1_over_f,d-b,3.250827859,1.239781608,0.6626393,16.63116,60071717.76,0.2218509056,0.1708734631
post_lumped,m0,in_b,igig,channel_thermal,d-b,3.007253554,1.060955912,2.64623,62.03419,16115107.22,0.2927297165,0.241391544
post_lumped,m1,in_b,igig,channel_thermal,d-b,3.007210314,1.060925402,2.646235,62.03429,16115081.24,0.2927295038,0.2413914356
post_lumped,mst,bridge,idid,channel_thermal,d-b,2.667670745,0.8348754604,2.64623,58.78445,8373660.701,0.6665213849,0.580013344
post_lumped,mstn,bridge,idid,channel_thermal,d-b,2.667669271,0.8348745377,2.646235,58.78454,8373634.749,0.6665208539,0.5800130898
post_lumped,m9,bias_a_int,flicker,flicker_1_over_f,d-b,2.400023454,0.6757533624,0.6626337,18.60422,60057812.07,0.1249892051,0.08605841172
post_lumped,m10,bias_a_int,flicker,flicker_1_over_f,d-b,2.40001664,0.6757495251,0.6626337,18.60422,60058064.92,0.1249890684,0.08605831758
post_lumped,m14,gmf_b,igig,channel_thermal,d-b,2.140036222,0.5372785372,2.646248,63.51339,7755103.913,0.3002417921,0.2418216391
post_lumped,m15,gmf_b,igig,channel_thermal,d-b,2.139995133,0.5372579057,2.646243,63.51329,7755103.968,0.3002417656,0.2418215416
post_lumped,mst,bridge,igig,channel_thermal,d-b,1.71576117,0.3453591077,2.64623,58.78445,8373660.701,0.2754508391,0.2396999795
post_lumped,mstn,bridge,igig,channel_thermal,d-b,1.715760913,0.3453590042,2.646235,58.78454,8373634.749,0.2754505925,0.2396998508
post_lumped,mst,bridge,flicker,flicker_1_over_f,d-b,1.60897503,0.3037077343,2.64623,58.78445,8373660.701,0.71340539,0.6208122579
post_lumped,mstn,bridge,flicker,flicker_1_over_f,d-b,1.60897036,0.3037059713,2.646235,58.78454,8373634.749,0.7134059042,0.6208129278
post_lumped,m4,gmf_a,idid,channel_thermal,d-b,1.406315342,0.2320185309,1.983738,44.7478,14313.82789,0.6276590064,0.537892089
post_lumped,m8,gmf_a,idid,channel_thermal,d-b,1.406254385,0.2319984177,1.983721,44.74748,14313.90638,0.6276590167,0.5378913348
post_lumped,m14,gmf_b,flicker,flicker_1_over_f,d-b,1.108412268,0.144131827,2.646248,63.51339,7755103.913,0.3542907233,0.2853538903
post_lumped,m15,gmf_b,flicker,flicker_1_over_f,d-b,1.108404936,0.14412992,2.646243,63.51329,7755103.968,0.3542900593,0.2853532656
post_lumped,m4,gmf_a,igig,channel_thermal,d-b,0.8695512328,0.08870489658,1.983738,44.7478,14313.82789,0.2399700157,0.2056498381
post_lumped,m8,gmf_a,igig,channel_thermal,d-b,0.8695138816,0.08869727617,1.983721,44.74748,14313.90638,0.2399702057,0.2056497092
post_lumped,m4,gmf_a,flicker,flicker_1_over_f,d-b,0.7227994739,0.06129046258,1.983738,44.7478,14313.82789,2.212718691,1.896258744
post_lumped,m8,gmf_a,flicker,flicker_1_over_f,d-b,0.7227700544,0.06128547338,1.983721,44.74748,14313.90638,2.212703704,1.896243211
post_lumped,m9,bias_a_int,ibd,bulk_junction_shot,d-b,0.03689992808,0.0001597380148,0.6626337,18.60422,60057812.07,8.820657359e-06,6.073258583e-06
post_lumped,m10,bias_a_int,ibd,bulk_junction_shot,d-b,0.03689916162,0.000159731379,0.6626337,18.60422,60058064.92,8.820643817e-06,6.073249259e-06
post_lumped,m2,in_a,ibd,bulk_junction_shot,d-b,0.01401412909,2.304037116e-05,0.6626419,16.63123,60071464.83,1.27996102e-06,9.858481718e-07
post_lumped,m5,in_a,ibd,bulk_junction_shot,d-b,0.01401384802,2.303944697e-05,0.6626393,16.63116,60071717.76,1.279966151e-06,9.85852405e-07
post_lumped,mbn,__mirror__,idid,channel_thermal,d-b,0.002751537709,8.88194709e-07,0.6623419,18.59559,152.5536348,0.7133861031,0.491196971
post_lumped,m0,in_b,ibd,bulk_junction_shot,d-b,0.002345500776,6.453991744e-07,2.64623,62.03419,16115107.22,1.780659784e-07,1.468372326e-07
post_lumped,m1,in_b,ibd,bulk_junction_shot,d-b,0.002345464802,6.45379377e-07,2.646235,62.03429,16115081.24,1.780655071e-07,1.468368847e-07
post_lumped,m14,gmf_b,ibd,bulk_junction_shot,d-b,0.00216480838,5.497891493e-07,2.646248,63.51339,7755103.913,3.068654275e-07,2.471564672e-07
post_lumped,m15,gmf_b,ibd,bulk_junction_shot,d-b,0.002164768967,5.497691304e-07,2.646243,63.51329,7755103.968,3.068660207e-07,2.471568672e-07
post_lumped,mbn,__mirror__,igig,channel_thermal,d-b,0.001832690846,3.940357851e-07,0.6623419,18.59559,152.5536348,0.3164842574,0.2179130038
post_lumped,mst,bridge,ibd,bulk_junction_shot,d-b,0.001314707184,2.027754229e-07,2.64623,58.78445,8373660.701,1.618854094e-07,1.408742461e-07
post_lumped,mstn,bridge,ibd,bulk_junction_shot,d-b,0.001314705952,2.027750428e-07,2.646235,58.78454,8373634.749,1.618851559e-07,1.40874076e-07
post_lumped,m4,gmf_a,ibd,bulk_junction_shot,d-b,0.0008840525409,9.168818948e-08,1.983738,44.7478,14313.82789,2.480358689e-07,2.125621242e-07
post_lumped,m8,gmf_a,ibd,bulk_junction_shot,d-b,0.0008840176054,9.168094305e-08,1.983721,44.74748,14313.90638,2.480377717e-07,2.125634533e-07
post_lumped,r3,rep_sink,idid,channel_thermal,d-b,0.0008337568879,8.155228108e-08,2.649111,74.37471,25.30709047,0.7228144078,0.497691747
post_lumped,r3,rep_sink,igig,channel_thermal,d-b,0.0005548999383,3.612323169e-08,2.649111,74.37471,25.30709047,0.3206337385,0.2207714231
post_lumped,r2,rep_bridge,idid,channel_thermal,d-b,0.000419039421,2.059998981e-08,2.649127,58.84982,13.14325244,0.6698610934,0.5829095384
post_lumped,r1,rep_gmfb,idid,channel_thermal,d-b,0.0003923618124,1.806053901e-08,2.649126,63.58309,12.16384255,0.7007668135,0.5644081542
post_lumped,mbn,__mirror__,flicker,flicker_1_over_f,d-b,0.0003167064566,1.176714427e-08,0.6623419,18.59559,152.5536348,0.1239430025,0.0853400804
post_lumped,r2,rep_bridge,igig,channel_thermal,d-b,0.0002693816787,8.513210136e-09,2.649127,58.84982,13.14325244,0.2768285977,0.2408947641
post_lumped,r1,rep_gmfb,igig,channel_thermal,d-b,0.0002575097404,7.779372473e-09,2.649126,63.58309,12.16384255,0.3018472722,0.2431123428
post_lumped,m9,bias_a_int,rgate,gate_resistance,,0.000146357008,2.512952554e-09,,,,,
post_lumped,m10,bias_a_int,rgate,gate_resistance,,0.0001463561386,2.512922696e-09,,,,,
post_lumped,r2,rep_bridge,flicker,flicker_1_over_f,d-b,9.65825606e-05,1.094346048e-09,2.649127,58.84982,13.14325244,0.7177620174,0.624592666
post_lumped,r3,rep_sink,flicker,flicker_1_over_f,d-b,9.369390486e-05,1.029864107e-09,2.649111,74.37471,25.30709047,0.125569355,0.08646041222
post_lumped,m4,gmf_a,rgate,gate_resistance,,8.486413935e-05,8.449006922e-10,,,,,
post_lumped,m8,gmf_a,rgate,gate_resistance,,8.486015134e-05,8.448212855e-10,,,,,
post_lumped,r1,rep_gmfb,flicker,flicker_1_over_f,d-b,6.226438319e-05,4.548169317e-10,2.649126,63.58309,12.16384255,0.3565627334,0.2871809999
post_lumped,mbn,__mirror__,ibd,bulk_junction_shot,d-b,8.528996129e-06,8.534008639e-12,0.6623419,18.59559,152.5536348,6.854401524e-06,4.719549837e-06
post_lumped,r3,rep_sink,ibd,bulk_junction_shot,d-b,2.503777341e-06,7.354423809e-13,2.649111,74.37471,25.30709047,6.518374986e-06,4.488208037e-06
post_lumped,mbp,testbench_bias,igig,channel_thermal,,1.439086963e-06,2.429580655e-13,,,,,
post_lumped,mbp,testbench_bias,idid,channel_thermal,,1.103948652e-06,1.429733163e-13,,,,,
post_lumped,mbpd,testbench_bias,idid,channel_thermal,,1.103946391e-06,1.429727305e-13,,,,,
post_lumped,mbpd,testbench_bias,igig,channel_thermal,,7.352633945e-07,6.342246733e-14,,,,,
post_lumped,r1,rep_gmfb,ibd,bulk_junction_shot,d-b,3.843826349e-07,1.733344005e-14,2.649126,63.58309,12.16384255,6.72554653e-07,5.416856549e-07
post_lumped,r2,rep_bridge,ibd,bulk_junction_shot,d-b,3.03853316e-07,1.08314152e-14,2.649127,58.84982,13.14325244,3.5221103e-07,3.064921533e-07
post_lumped,mbpd,testbench_bias,flicker,flicker_1_over_f,,1.255880676e-07,1.850350493e-15,,,,,
post_lumped,mbp,testbench_bias,flicker,flicker_1_over_f,,1.159544834e-07,1.577365487e-15,,,,,
post_lumped,mbn,__mirror__,rgate,gate_resistance,,3.823858678e-08,1.715382243e-16,,,,,
post_lumped,r3,rep_sink,rgate,gate_resistance,,1.104136532e-08,1.430219854e-17,,,,,
post_lumped,mbp,testbench_bias,ibd,bulk_junction_shot,,4.717464455e-09,2.610805487e-18,,,,,
post_lumped,mbpd,testbench_bias,ibd,bulk_junction_shot,,2.237316727e-09,5.872353389e-19,,,,,
post_lumped,mbp,testbench_bias,rgate,gate_resistance,,1.426765322e-09,2.388154027e-19,,,,,
post_pex,m_24,in_a,idid,channel_thermal,,7.427253859,6.472266804,0.3313588,8.316566,,,
post_pex,m_25,in_a,idid,channel_thermal,,7.427253859,6.472266804,0.3313588,8.316566,,,
post_pex,m_26,in_a,idid,channel_thermal,,7.427078415,6.471961038,0.3313595,8.316583,,,
post_pex,m_27,in_a,idid,channel_thermal,,7.427078415,6.471961038,0.3313595,8.316583,,,
post_pex,m_7,bias_a_int,idid,channel_thermal,,6.082646511,4.340952488,0.2209106,6.202326,,,
post_pex,m_8,bias_a_int,idid,channel_thermal,,6.082646511,4.340952488,0.2209106,6.202326,,,
post_pex,m_9,bias_a_int,idid,channel_thermal,,6.082646511,4.340952488,0.2209106,6.202326,,,
post_pex,m_4,bias_a_int,idid,channel_thermal,,6.082495949,4.340737591,0.2209106,6.202326,,,
post_pex,m_5,bias_a_int,idid,channel_thermal,,6.082495949,4.340737591,0.2209106,6.202326,,,
post_pex,m_6,bias_a_int,idid,channel_thermal,,6.082495949,4.340737591,0.2209106,6.202326,,,
post_pex,m_28,in_b,flicker,flicker_1_over_f,,5.261599715,3.248145583,2.646584,62.04187,,,
post_pex,m_30,in_b,flicker,flicker_1_over_f,,5.261588798,3.248132104,2.64662,62.04265,,,
post_pex,m_24,in_a,igig,channel_thermal,,4.946597331,2.870866472,0.3313588,8.316566,,,
post_pex,m_25,in_a,igig,channel_thermal,,4.946597331,2.870866472,0.3313588,8.316566,,,
post_pex,m_26,in_a,igig,channel_thermal,,4.946480461,2.870730817,0.3313595,8.316583,,,
post_pex,m_27,in_a,igig,channel_thermal,,4.946480461,2.870730817,0.3313595,8.316583,,,
post_pex,m_28,in_b,idid,channel_thermal,,4.60982843,2.493270506,2.646584,62.04187,,,
post_pex,m_30,in_b,idid,channel_thermal,,4.609748843,2.493184416,2.64662,62.04265,,,
post_pex,m_7,bias_a_int,igig,channel_thermal,,4.051413606,1.925808238,0.2209106,6.202326,,,
post_pex,m_8,bias_a_int,igig,channel_thermal,,4.051413606,1.925808238,0.2209106,6.202326,,,
post_pex,m_9,bias_a_int,igig,channel_thermal,,4.051413606,1.925808238,0.2209106,6.202326,,,
post_pex,m_4,bias_a_int,igig,channel_thermal,,4.05131393,1.925713479,0.2209106,6.202326,,,
post_pex,m_5,bias_a_int,igig,channel_thermal,,4.05131393,1.925713479,0.2209106,6.202326,,,
post_pex,m_6,bias_a_int,igig,channel_thermal,,4.05131393,1.925713479,0.2209106,6.202326,,,
post_pex,m_28,in_b,igig,channel_thermal,,3.006944889,1.060842261,2.646584,62.04187,,,
post_pex,m_30,in_b,igig,channel_thermal,,3.006892166,1.06080506,2.64662,62.04265,,,
post_pex,m_35,bridge,idid,channel_thermal,,2.667441905,0.834814175,2.646587,58.79145,,,
post_pex,m_29,bridge,idid,channel_thermal,,2.667405217,0.834791211,2.646622,58.79215,,,
post_pex,m_31,gmf_b,idid,channel_thermal,,2.306915349,0.6244004289,1.323322,31.76118,,,
post_pex,m_32,gmf_b,idid,channel_thermal,,2.306915349,0.6244004289,1.323322,31.76118,,,
post_pex,m_21,gmf_b,idid,channel_thermal,,2.30684516,0.6243624345,1.323303,31.76075,,,
post_pex,m_22,gmf_b,idid,channel_thermal,,2.30684516,0.6243624345,1.323303,31.76075,,,
post_pex,m_24,in_a,flicker,flicker_1_over_f,,2.298692788,0.6199572484,0.3313588,8.316566,,,
post_pex,m_25,in_a,flicker,flicker_1_over_f,,2.298692788,0.6199572484,0.3313588,8.316566,,,
post_pex,m_26,in_a,flicker,flicker_1_over_f,,2.298683211,0.6199520826,0.3313595,8.316583,,,
post_pex,m_27,in_a,flicker,flicker_1_over_f,,2.298683211,0.6199520826,0.3313595,8.316583,,,
post_pex,m_35,bridge,igig,channel_thermal,,1.715607039,0.345330959,2.646587,58.79145,,,
post_pex,m_29,bridge,igig,channel_thermal,,1.715583438,0.3453214579,2.646622,58.79215,,,
post_pex,m_35,bridge,flicker,flicker_1_over_f,,1.608979984,0.3037394194,2.646587,58.79145,,,
post_pex,m_29,bridge,flicker,flicker_1_over_f,,1.608958896,0.3037314576,2.646622,58.79215,,,
post_pex,m_31,gmf_b,igig,channel_thermal,,1.5131153,0.268623449,1.323322,31.76118,,,
post_pex,m_32,gmf_b,igig,channel_thermal,,1.5131153,0.268623449,1.323322,31.76118,,,
post_pex,m_21,gmf_b,igig,channel_thermal,,1.513069618,0.2686072294,1.323303,31.76075,,,
post_pex,m_22,gmf_b,igig,channel_thermal,,1.513069618,0.2686072294,1.323303,31.76075,,,
post_pex,m_20,gmf_a,idid,channel_thermal,,1.406645966,0.2321504263,1.983872,44.7503,,,
post_pex,m_10,gmf_a,idid,channel_thermal,,1.406558548,0.2321215726,1.983936,44.75149,,,
post_pex,m_7,bias_a_int,flicker,flicker_1_over_f,,1.38569994,0.2252881102,0.2209106,6.202326,,,
post_pex,m_8,bias_a_int,flicker,flicker_1_over_f,,1.38569994,0.2252881102,0.2209106,6.202326,,,
post_pex,m_9,bias_a_int,flicker,flicker_1_over_f,,1.38569994,0.2252881102,0.2209106,6.202326,,,
post_pex,m_4,bias_a_int,flicker,flicker_1_over_f,,1.385688554,0.2252844077,0.2209106,6.202326,,,
post_pex,m_5,bias_a_int,flicker,flicker_1_over_f,,1.385688554,0.2252844077,0.2209106,6.202326,,,
post_pex,m_6,bias_a_int,flicker,flicker_1_over_f,,1.385688554,0.2252844077,0.2209106,6.202326,,,
post_pex,m_20,gmf_a,igig,channel_thermal,,0.8697556503,0.0887553198,1.983872,44.7503,,,
post_pex,m_10,gmf_a,igig,channel_thermal,,0.8696999899,0.08874396028,1.983936,44.75149,,,
post_pex,m_31,gmf_b,flicker,flicker_1_over_f,,0.7837703259,0.07207381474,1.323322,31.76118,,,
post_pex,m_32,gmf_b,flicker,flicker_1_over_f,,0.7837703259,0.07207381474,1.323322,31.76118,,,
post_pex,m_21,gmf_b,flicker,flicker_1_over_f,,0.7837550568,0.07207100654,1.323303,31.76075,,,
post_pex,m_22,gmf_b,flicker,flicker_1_over_f,,0.7837550568,0.07207100654,1.323303,31.76075,,,
post_pex,m_20,gmf_a,flicker,flicker_1_over_f,,0.7229882455,0.06132850084,1.983872,44.7503,,,
post_pex,m_10,gmf_a,flicker,flicker_1_over_f,,0.722956531,0.06132312051,1.983936,44.75149,,,
post_pex,m_9,bias_a_int,ibd,bulk_junction_shot,,0.02227491525,5.821461055e-05,0.2209106,6.202326,,,
post_pex,m_4,bias_a_int,ibs,bulk_junction_shot,,0.0222743832,5.821182957e-05,0.2209106,6.202326,,,
post_pex,m_7,bias_a_int,ibd,bulk_junction_shot,,0.02079809608,5.075128421e-05,0.2209106,6.202326,,,
post_pex,m_8,bias_a_int,ibs,bulk_junction_shot,,0.02079809608,5.075128421e-05,0.2209106,6.202326,,,
post_pex,m_5,bias_a_int,ibd,bulk_junction_shot,,0.02079759745,5.074885071e-05,0.2209106,6.202326,,,
post_pex,m_6,bias_a_int,ibs,bulk_junction_shot,,0.02079759745,5.074885071e-05,0.2209106,6.202326,,,
post_pex,m_24,in_a,ibd,bulk_junction_shot,,0.009908381257,1.151874844e-05,0.3313588,8.316566,,,
post_pex,m_25,in_a,ibs,bulk_junction_shot,,0.009908381257,1.151874844e-05,0.3313588,8.316566,,,
post_pex,m_26,in_a,ibd,bulk_junction_shot,,0.009908103523,1.151810271e-05,0.3313595,8.316583,,,
post_pex,m_27,in_a,ibs,bulk_junction_shot,,0.009908103523,1.151810271e-05,0.3313595,8.316583,,,
post_pex,mbn,__mirror__,idid,channel_thermal,,0.002716049025,8.655159686e-07,0.66244,18.59834,,,
post_pex,m_28,in_b,ibd,bulk_junction_shot,,0.002345161545,6.452758386e-07,2.646584,62.04187,,,
post_pex,m_30,in_b,ibs,bulk_junction_shot,,0.002345106138,6.452453486e-07,2.64662,62.04265,,,
post_pex,mbn,__mirror__,igig,channel_thermal,,0.001809052982,3.839745572e-07,0.66244,18.59834,,,
post_pex,m_31,gmf_b,ibd,bulk_junction_shot,,0.001530493588,2.748292195e-07,1.323322,31.76118,,,
post_pex,m_32,gmf_b,ibs,bulk_junction_shot,,0.001530493588,2.748292195e-07,1.323322,31.76118,,,
post_pex,m_21,gmf_b,ibd,bulk_junction_shot,,0.001530455865,2.74815672e-07,1.323303,31.76075,,,
post_pex,m_22,gmf_b,ibs,bulk_junction_shot,,0.001530455865,2.74815672e-07,1.323303,31.76075,,,
post_pex,m_35,bridge,ibd,bulk_junction_shot,,0.001314487369,2.027275211e-07,2.646587,58.79145,,,
post_pex,m_29,bridge,ibs,bulk_junction_shot,,0.00131446227,2.027197795e-07,2.646622,58.79215,,,
post_pex,m_20,gmf_a,ibd,bulk_junction_shot,,0.0008842359275,9.173523741e-08,1.983872,44.7503,,,
post_pex,m_10,gmf_a,ibs,bulk_junction_shot,,0.0008841683681,9.172122e-08,1.983936,44.75149,,,
post_pex,m_34,rep_bridge,idid,channel_thermal,,0.0003889100381,1.774590618e-08,2.649503,58.85721,,,
post_pex,mbn,__mirror__,flicker,flicker_1_over_f,,0.0003158036765,1.170130337e-08,0.66244,18.59834,,,
post_pex,m_23,rep_gmfb,idid,channel_thermal,,0.0002574416515,7.776022366e-09,1.324751,31.7958,,,
post_pex,m_33,rep_gmfb,idid,channel_thermal,,0.0002574416515,7.776022366e-09,1.324751,31.7958,,,
post_pex,m_34,rep_bridge,igig,channel_thermal,,0.0002500117448,7.33365875e-09,2.649503,58.85721,,,
post_pex,m_1,rep_sink,idid,channel_thermal,,0.0002233581809,5.853338004e-09,0.2207919,6.198811,,,
post_pex,m_11,rep_sink,idid,channel_thermal,,0.0002233581809,5.853338004e-09,0.2207919,6.198811,,,
post_pex,m_12,rep_sink,idid,channel_thermal,,0.0002233581809,5.853338004e-09,0.2207919,6.198811,,,
post_pex,m_13,rep_sink,idid,channel_thermal,,0.0002233581809,5.853338004e-09,0.2207919,6.198811,,,
post_pex,m_14,rep_sink,idid,channel_thermal,,0.0002233581809,5.853338004e-09,0.2207919,6.198811,,,
post_pex,m_15,rep_sink,idid,channel_thermal,,0.0002233581809,5.853338004e-09,0.2207919,6.198811,,,
post_pex,m_16,rep_sink,idid,channel_thermal,,0.0002233581809,5.853338004e-09,0.2207919,6.198811,,,
post_pex,m_17,rep_sink,idid,channel_thermal,,0.0002233581809,5.853338004e-09,0.2207919,6.198811,,,
post_pex,m_18,rep_sink,idid,channel_thermal,,0.0002233581809,5.853338004e-09,0.2207919,6.198811,,,
post_pex,m_19,rep_sink,idid,channel_thermal,,0.0002233581809,5.853338004e-09,0.2207919,6.198811,,,
post_pex,m_2,rep_sink,idid,channel_thermal,,0.0002233581809,5.853338004e-09,0.2207919,6.198811,,,
post_pex,m_3,rep_sink,idid,channel_thermal,,0.0002233581809,5.853338004e-09,0.2207919,6.198811,,,
post_pex,m_23,rep_gmfb,igig,channel_thermal,,0.0001689603638,3.349419523e-09,1.324751,31.7958,,,
post_pex,m_33,rep_gmfb,igig,channel_thermal,,0.0001689603638,3.349419523e-09,1.324751,31.7958,,,
post_pex,m_1,rep_sink,igig,channel_thermal,,0.0001486434559,2.592337028e-09,0.2207919,6.198811,,,
post_pex,m_11,rep_sink,igig,channel_thermal,,0.0001486434559,2.592337028e-09,0.2207919,6.198811,,,
post_pex,m_12,rep_sink,igig,channel_thermal,,0.0001486434559,2.592337028e-09,0.2207919,6.198811,,,
post_pex,m_13,rep_sink,igig,channel_thermal,,0.0001486434559,2.592337028e-09,0.2207919,6.198811,,,
post_pex,m_14,rep_sink,igig,channel_thermal,,0.0001486434559,2.592337028e-09,0.2207919,6.198811,,,
post_pex,m_15,rep_sink,igig,channel_thermal,,0.0001486434559,2.592337028e-09,0.2207919,6.198811,,,
post_pex,m_16,rep_sink,igig,channel_thermal,,0.0001486434559,2.592337028e-09,0.2207919,6.198811,,,
post_pex,m_17,rep_sink,igig,channel_thermal,,0.0001486434559,2.592337028e-09,0.2207919,6.198811,,,
post_pex,m_18,rep_sink,igig,channel_thermal,,0.0001486434559,2.592337028e-09,0.2207919,6.198811,,,
post_pex,m_19,rep_sink,igig,channel_thermal,,0.0001486434559,2.592337028e-09,0.2207919,6.198811,,,
post_pex,m_2,rep_sink,igig,channel_thermal,,0.0001486434559,2.592337028e-09,0.2207919,6.198811,,,
post_pex,m_3,rep_sink,igig,channel_thermal,,0.0001486434559,2.592337028e-09,0.2207919,6.198811,,,
post_pex,m_34,rep_bridge,flicker,flicker_1_over_f,,9.191142939e-05,9.91148929e-10,2.649503,58.85721,,,
post_pex,m_20,gmf_a,rgate,gate_resistance,,8.488707056e-05,8.454403442e-10,1.983872,44.7503,,,
post_pex,m_10,gmf_a,rgate,gate_resistance,,8.488280462e-05,8.453553724e-10,1.983936,44.75149,,,
post_pex,m_7,bias_a_int,rgate,gate_resistance,,8.450199124e-05,8.377872787e-10,0.2209106,6.202326,,,
post_pex,m_8,bias_a_int,rgate,gate_resistance,,8.450199124e-05,8.377872787e-10,0.2209106,6.202326,,,
post_pex,m_9,bias_a_int,rgate,gate_resistance,,8.450199124e-05,8.377872787e-10,0.2209106,6.202326,,,
post_pex,m_4,bias_a_int,rgate,gate_resistance,,8.45011253e-05,8.377701082e-10,0.2209106,6.202326,,,
post_pex,m_5,bias_a_int,rgate,gate_resistance,,8.45011253e-05,8.377701082e-10,0.2209106,6.202326,,,
post_pex,m_6,bias_a_int,rgate,gate_resistance,,8.45011253e-05,8.377701082e-10,0.2209106,6.202326,,,
post_pex,m_23,rep_gmfb,flicker,flicker_1_over_f,,4.191654902e-05,2.06144103e-10,1.324751,31.7958,,,
post_pex,m_33,rep_gmfb,flicker,flicker_1_over_f,,4.191654902e-05,2.06144103e-10,1.324751,31.7958,,,
post_pex,m_1,rep_sink,flicker,flicker_1_over_f,,2.549906536e-05,7.628662467e-11,0.2207919,6.198811,,,
post_pex,m_11,rep_sink,flicker,flicker_1_over_f,,2.549906536e-05,7.628662467e-11,0.2207919,6.198811,,,
post_pex,m_12,rep_sink,flicker,flicker_1_over_f,,2.549906536e-05,7.628662467e-11,0.2207919,6.198811,,,
post_pex,m_13,rep_sink,flicker,flicker_1_over_f,,2.549906536e-05,7.628662467e-11,0.2207919,6.198811,,,
post_pex,m_14,rep_sink,flicker,flicker_1_over_f,,2.549906536e-05,7.628662467e-11,0.2207919,6.198811,,,
post_pex,m_15,rep_sink,flicker,flicker_1_over_f,,2.549906536e-05,7.628662467e-11,0.2207919,6.198811,,,
post_pex,m_16,rep_sink,flicker,flicker_1_over_f,,2.549906536e-05,7.628662467e-11,0.2207919,6.198811,,,
post_pex,m_17,rep_sink,flicker,flicker_1_over_f,,2.549906536e-05,7.628662467e-11,0.2207919,6.198811,,,
post_pex,m_18,rep_sink,flicker,flicker_1_over_f,,2.549906536e-05,7.628662467e-11,0.2207919,6.198811,,,
post_pex,m_19,rep_sink,flicker,flicker_1_over_f,,2.549906536e-05,7.628662467e-11,0.2207919,6.198811,,,
post_pex,m_2,rep_sink,flicker,flicker_1_over_f,,2.549906536e-05,7.628662467e-11,0.2207919,6.198811,,,
post_pex,m_3,rep_sink,flicker,flicker_1_over_f,,2.549906536e-05,7.628662467e-11,0.2207919,6.198811,,,
post_pex,mbn,__mirror__,ibd,bulk_junction_shot,,8.418408611e-06,8.314954534e-12,0.66244,18.59834,,,
post_pex,mbp,testbench_bias,igig,channel_thermal,,1.413635221e-06,2.344631469e-13,,,,,
post_pex,mbp,testbench_bias,idid,channel_thermal,,1.084354234e-06,1.379565214e-13,,,,,
post_pex,mbpd,testbench_bias,idid,channel_thermal,,1.084343979e-06,1.379539121e-13,,,,,
post_pex,mbpd,testbench_bias,igig,channel_thermal,,7.222074708e-07,6.119611172e-14,,,,,
post_pex,m_11,rep_sink,ibs,bulk_junction_shot,,6.959931972e-07,5.68342149e-14,0.2207919,6.198811,,,
post_pex,m_16,rep_sink,ibd,bulk_junction_shot,,6.959931972e-07,5.68342149e-14,0.2207919,6.198811,,,
post_pex,m_17,rep_sink,ibs,bulk_junction_shot,,6.959931972e-07,5.68342149e-14,0.2207919,6.198811,,,
post_pex,m_3,rep_sink,ibd,bulk_junction_shot,,6.959931972e-07,5.68342149e-14,0.2207919,6.198811,,,
post_pex,m_1,rep_sink,ibd,bulk_junction_shot,,6.576708517e-07,5.07477818e-14,0.2207919,6.198811,,,
post_pex,m_12,rep_sink,ibd,bulk_junction_shot,,6.576708517e-07,5.07477818e-14,0.2207919,6.198811,,,
post_pex,m_13,rep_sink,ibs,bulk_junction_shot,,6.576708517e-07,5.07477818e-14,0.2207919,6.198811,,,
post_pex,m_14,rep_sink,ibd,bulk_junction_shot,,6.576708517e-07,5.07477818e-14,0.2207919,6.198811,,,
post_pex,m_15,rep_sink,ibs,bulk_junction_shot,,6.576708517e-07,5.07477818e-14,0.2207919,6.198811,,,
post_pex,m_18,rep_sink,ibd,bulk_junction_shot,,6.576708517e-07,5.07477818e-14,0.2207919,6.198811,,,
post_pex,m_19,rep_sink,ibs,bulk_junction_shot,,6.576708517e-07,5.07477818e-14,0.2207919,6.198811,,,
post_pex,m_2,rep_sink,ibs,bulk_junction_shot,,6.576708517e-07,5.07477818e-14,0.2207919,6.198811,,,
post_pex,m_34,rep_bridge,ibd,bulk_junction_shot,,2.819884909e-07,9.329591801e-15,2.649503,58.85721,,,
post_pex,m_23,rep_gmfb,ibd,bulk_junction_shot,,2.745399508e-07,8.843231183e-15,1.324751,31.7958,,,
post_pex,m_33,rep_gmfb,ibs,bulk_junction_shot,,2.745399508e-07,8.843231183e-15,1.324751,31.7958,,,
post_pex,mbpd,testbench_bias,flicker,flicker_1_over_f,,1.2362173e-07,1.793038065e-15,,,,,
post_pex,mbp,testbench_bias,flicker,flicker_1_over_f,,1.141009264e-07,1.527489442e-15,,,,,
post_pex,mbn,__mirror__,rgate,gate_resistance,,3.774795366e-08,1.671809166e-16,0.66244,18.59834,,,
post_pex,mbp,testbench_bias,ibd,bulk_junction_shot,,4.633383147e-09,2.518815197e-18,,,,,
post_pex,m_2,rep_sink,rgate,gate_resistance,,2.946964925e-09,1.01894281e-18,0.2207919,6.198811,,,
post_pex,m_1,rep_sink,rgate,gate_resistance,,2.946964414e-09,1.018942457e-18,0.2207919,6.198811,,,
post_pex,m_11,rep_sink,rgate,gate_resistance,,2.946964414e-09,1.018942457e-18,0.2207919,6.198811,,,
post_pex,m_12,rep_sink,rgate,gate_resistance,,2.946964414e-09,1.018942457e-18,0.2207919,6.198811,,,
post_pex,m_13,rep_sink,rgate,gate_resistance,,2.946964414e-09,1.018942457e-18,0.2207919,6.198811,,,
post_pex,m_14,rep_sink,rgate,gate_resistance,,2.946964414e-09,1.018942457e-18,0.2207919,6.198811,,,
post_pex,m_15,rep_sink,rgate,gate_resistance,,2.946964414e-09,1.018942457e-18,0.2207919,6.198811,,,
post_pex,m_17,rep_sink,rgate,gate_resistance,,2.946964414e-09,1.018942457e-18,0.2207919,6.198811,,,
post_pex,m_18,rep_sink,rgate,gate_resistance,,2.946964414e-09,1.018942457e-18,0.2207919,6.198811,,,
post_pex,m_19,rep_sink,rgate,gate_resistance,,2.946964414e-09,1.018942457e-18,0.2207919,6.198811,,,
post_pex,m_3,rep_sink,rgate,gate_resistance,,2.946961165e-09,1.01894021e-18,0.2207919,6.198811,,,
post_pex,m_16,rep_sink,rgate,gate_resistance,,2.946946136e-09,1.018929818e-18,0.2207919,6.198811,,,
post_pex,mbpd,testbench_bias,ibd,bulk_junction_shot,,2.197453973e-09,5.665515734e-19,,,,,
post_pex,mbp,testbench_bias,rgate,gate_resistance,,1.401547042e-09,2.304704416e-19,,,,,
