corner,process,temp_c,vdd_v,fc_hz_pre,ph_max_deg_pre,irn_uv_pre,f0_loq_hz_pre,q_lo_pre,f0_hiq_hz_pre,q_hi_pre,n_complex_pairs_pre,fc_hz_post,ph_max_deg_post,irn_uv_post,f0_loq_hz_post,q_lo_post,f0_hiq_hz_post,q_hi_post,n_complex_pairs_post,fc_hz_pex,ph_max_deg_pex,irn_uv_pex
tt_27c_1v500,mos_tt,27,1.5,249.7745963,332.3822589,29.19895629,249.7199008,0.5430405368,251.0761944,1.30736845,2,248.6605177,331.2685427,29.19586742,249.7202972,0.5430414726,251.0756029,1.307365607,2,248.6636252,331.2208474,29.19443446
ss_27c_1v500,mos_ss,27,1.5,247.3648603,332.3790942,29.57846891,246.6348881,0.5430192755,249.319689,1.308702623,2,246.3076158,331.2714891,29.57532016,246.6346398,0.5430187748,249.3199958,1.308704914,2,246.2449683,331.2256211,29.57738803
ff_27c_1v500,mos_ff,27,1.5,252.5020843,332.1683073,28.82135403,252.8774639,0.5431601847,253.9016079,1.304522207,2,251.5478093,331.0765873,28.81688749,252.9033912,0.5431593207,253.9272987,1.304538956,2,251.5240272,331.0266119,28.81683639
sf_27c_1v500,mos_sf,27,1.5,249.8902805,332.2450776,29.04288519,251.3314141,0.5432059515,251.2511189,1.298869358,2,248.7429986,331.1262366,29.04129241,251.3046015,0.5432076022,251.2256439,1.298849653,2,248.7479268,331.0788241,29.04127653
fs_27c_1v500,mos_fs,27,1.5,248.836411,332.4448094,29.37829191,247.7472447,0.5425270261,251.6496238,1.30699069,2,247.751011,331.3361315,29.37509755,247.7476832,0.5425284464,251.6503295,1.306984396,2,247.7568708,331.2901315,29.37334537
tt_27c_1v400,mos_tt,27,1.4,249.6130897,332.0736536,29.2030107,249.5322427,0.5423433086,250.9499202,1.309123081,2,248.502535,330.9755672,29.1999219,249.5322465,0.5423429898,250.9487718,1.309125373,2,248.5110779,330.9285302,29.19817433
tt_27c_1v650,mos_tt,27,1.65,249.9203892,332.4193142,29.19761414,249.9806609,0.5431150136,251.1878518,1.306653962,2,248.8033625,331.3079256,29.19452468,249.9813968,0.543116827,251.1872331,1.306647589,2,248.8053516,331.2571393,29.19311241
tt_0c_1v500,mos_tt,0,1.5,249.4488605,332.4271876,27.68066002,249.7700641,0.5431877068,249.227216,1.312898238,2,248.3899447,331.3044309,27.67507272,249.8215836,0.5431891154,249.2777454,1.312917212,2,248.3197409,331.2578661,27.67727542
tt_70c_1v500,mos_tt,70,1.5,247.0563544,332.0222281,31.70789166,248.4293058,0.5423932545,253.649203,1.278210212,2,246.0249224,330.9237601,31.70453153,248.4285249,0.5423904889,253.6476125,1.278223636,2,245.9966678,330.8775526,31.70484708
