corner,process,temp_c,vdd_v,fc_hz,ph_max_deg,irn_uv,f0_loq_hz,q_lo,f0_hiq_hz,q_hi,n_complex_pairs,fc_hz_pex,ph_max_deg_pex,irn_uv_pex
tt_0c_1v400,mos_tt,0,1.4,225.4943026,270.2335165,29.16027741,226.1290011,1.429637571,,,1,224.406699,269.9928864,29.16186557
tt_0c_1v500,mos_tt,0,1.5,249.4488605,332.4271876,27.68066002,249.7700641,0.5431877068,249.227216,1.312898238,2,248.3197409,331.2578661,27.67727542
tt_0c_1v650,mos_tt,0,1.65,249.6657384,332.5120672,27.67718084,250.1279435,0.5433492939,249.4035752,1.311829687,2,248.5286331,331.3394025,27.67387428
tt_27c_1v400,mos_tt,27,1.4,249.6130897,332.0736536,29.2030107,249.5322427,0.5423433086,250.9499202,1.309123081,2,248.5110779,330.9285302,29.19817433
tt_27c_1v500,mos_tt,27,1.5,249.7745963,332.3822589,29.19895629,249.7199008,0.5430405368,251.0761944,1.30736845,2,248.6636252,331.2208474,29.19443446
tt_27c_1v650,mos_tt,27,1.65,249.9203892,332.4193142,29.19761414,249.9806609,0.5431150136,251.1878518,1.306653962,2,248.8053516,331.2571393,29.19311241
tt_70c_1v400,mos_tt,70,1.4,246.5738664,332.0206975,31.70511157,247.6811861,0.5420766156,253.704934,1.27806218,2,245.5270969,330.8781041,31.70194589
tt_70c_1v500,mos_tt,70,1.5,247.0563544,332.0222281,31.70789166,248.4293058,0.5423932545,253.649203,1.278210212,2,245.9966678,330.8775526,31.70484708
tt_70c_1v650,mos_tt,70,1.65,304.3965865,322.3530699,37.26063748,409.8172689,0.5280625754,242.8109062,1.673622923,2,302.9285561,321.1049925,37.24298356
ss_0c_1v400,mos_ss,0,1.4,339.8202603,173.7933067,164.3432939,,,,,0,337.3014182,171.7258901,164.5180398
ss_0c_1v500,mos_ss,0,1.5,224.5285573,272.8438021,29.42883853,225.4911916,1.42679679,,,1,223.5770078,272.5726991,29.42296676
ss_0c_1v650,mos_ss,0,1.65,246.7949623,332.7039755,28.0428048,246.9023743,0.5432333349,246.5702721,1.315000085,2,245.7646499,331.5218842,28.03734516
ss_27c_1v400,mos_ss,27,1.4,213.8200835,254.0489779,32.72869493,207.1342963,1.449687617,,,1,212.8133344,253.2695976,32.72169441
ss_27c_1v500,mos_ss,27,1.5,247.3648603,332.3790942,29.57846891,246.6348881,0.5430192755,249.319689,1.308702623,2,246.2449683,331.2256211,29.57738803
ss_27c_1v650,mos_ss,27,1.65,247.1282399,332.6314149,29.57770827,246.8572443,0.5430262124,248.4336128,1.30965268,2,246.0640382,331.4594648,29.57379897
ss_70c_1v400,mos_ss,70,1.4,244.3787248,332.2295288,32.10268275,244.691492,0.5420367802,250.7460778,1.28517828,2,243.3724226,331.0814694,32.09947404
ss_70c_1v500,mos_ss,70,1.5,244.4781643,332.29173,32.10140555,244.8826792,0.5421421503,250.8451751,1.284470597,2,243.4697733,331.1399368,32.09829446
ss_70c_1v650,mos_ss,70,1.65,245.2988292,332.2822829,32.10683854,246.1943561,0.5427046877,250.7016095,1.285037608,2,244.2716974,331.1274233,32.10366943
ff_0c_1v400,mos_ff,0,1.4,252.1840472,332.1869864,27.31946876,252.7761818,0.5432332912,252.0451392,1.310557425,2,251.199983,331.0329966,27.31548744
ff_0c_1v500,mos_ff,0,1.5,252.3221223,332.2600203,27.31702117,253.0359915,0.5433692578,252.1731713,1.309760203,2,251.3141048,331.1085653,27.31411784
ff_0c_1v650,mos_ff,0,1.65,252.434617,332.2906145,27.31666097,253.2898217,0.5434330107,252.2665097,1.309059991,2,251.4292144,331.1399859,27.31353118
ff_27c_1v400,mos_ff,27,1.4,252.4400023,332.1397306,28.82069533,252.7198648,0.5431072824,253.8531672,1.305027895,2,251.4405184,330.9966059,28.81741926
ff_27c_1v500,mos_ff,27,1.5,252.5020843,332.1683073,28.82135403,252.8774639,0.5431601847,253.9016079,1.304522207,2,251.5240272,331.0266119,28.81683639
ff_27c_1v650,mos_ff,27,1.65,268.9333872,330.9293286,29.16797788,284.5993726,0.5515632007,248.2548539,1.36246362,2,267.7453403,329.7678853,29.16376494
ff_70c_1v400,mos_ff,70,1.4,256.1646673,331.3676905,31.38954099,262.0179037,0.5467740535,254.1703055,1.288986713,2,255.0713652,330.2241033,31.38716694
ff_70c_1v500,mos_ff,70,1.5,304.1665827,323.4362813,35.69058955,397.7790585,0.533902373,245.076591,1.631571963,2,302.7072312,322.2207544,35.67848085
ff_70c_1v650,mos_ff,70,1.65,337.7354852,242.4498367,220.5505769,253.7038208,2.005702888,,,1,335.929272,241.8436506,220.2941607
sf_0c_1v400,mos_sf,0,1.4,249.1789167,325.4751532,27.57652466,252.7909334,0.5307470792,247.9780316,1.331830581,2,248.0584125,324.5762486,27.57303037
sf_0c_1v500,mos_sf,0,1.5,250.3673705,332.382262,27.5098587,251.7855679,0.5437357384,248.694183,1.313228245,2,249.2427806,331.2048179,27.5049432
sf_0c_1v650,mos_sf,0,1.65,250.604692,332.4265112,27.50485745,252.1476716,0.5438253477,248.8811546,1.312437345,2,249.3755094,331.2484472,27.50461992
sf_27c_1v400,mos_sf,27,1.4,249.764252,332.1992959,29.04462914,251.1142011,0.5431258517,251.1454935,1.2995137,2,248.6361197,331.0357886,29.04239997
sf_27c_1v500,mos_sf,27,1.5,249.8902805,332.2450776,29.04288519,251.3314141,0.5432059515,251.2511189,1.298869358,2,248.7479268,331.0788241,29.04127653
sf_27c_1v650,mos_sf,27,1.65,250.2244983,332.2588526,29.04372872,251.8793606,0.5433837833,251.2813938,1.298664447,2,249.0750633,331.0921728,29.04209764
sf_70c_1v400,mos_sf,70,1.4,213.999599,329.9972238,32.70554064,237.6382732,0.5288853719,278.1593973,1.080035753,2,213.3433253,328.8408135,32.70193138
sf_70c_1v500,mos_sf,70,1.5,236.934133,328.972836,33.07065527,263.8498771,0.5419565559,271.431443,1.081483732,2,236.0194125,327.792826,33.06624054
sf_70c_1v650,mos_sf,70,1.65,323.5753405,290.9751695,85.4455536,260.1231765,1.464571524,,,1,321.9230654,289.8606091,85.35833716
fs_0c_1v400,mos_fs,0,1.4,202.846237,224.9844912,44.7023116,115.4053775,1.472183267,,,1,201.5328985,222.4280575,44.78630466
fs_0c_1v500,mos_fs,0,1.5,247.757015,326.842211,27.90699304,248.9116206,0.5317543877,249.2934539,1.327933225,2,246.6983572,325.910373,27.90249209
fs_0c_1v650,mos_fs,0,1.65,248.7220153,332.5870242,27.84989538,248.1121464,0.5428485789,249.9997366,1.311077413,2,247.6376011,331.4196054,27.84551541
fs_27c_1v400,mos_fs,27,1.4,242.9806495,309.2971579,29.6899639,250.1912917,0.5054793641,246.8481012,1.349389648,2,242.0285249,308.791714,29.68514005
fs_27c_1v500,mos_fs,27,1.5,248.836411,332.4448094,29.37829191,247.7472447,0.5425270261,251.6496238,1.30699069,2,247.7568708,331.2901315,29.37334537
fs_27c_1v650,mos_fs,27,1.65,249.012711,332.5023477,29.37569873,248.0470149,0.5426355741,251.7963608,1.306116329,2,247.9138884,331.34592,29.37161425
fs_70c_1v400,mos_fs,70,1.4,247.7641384,332.24481,31.83171439,246.6815962,0.5424503851,252.4267204,1.299375068,2,246.6975632,331.1088853,31.82761508
fs_70c_1v500,mos_fs,70,1.5,247.8648192,332.2795552,31.83067823,246.8601934,0.5425185907,252.5057079,1.2988605,2,246.7944092,331.1414579,31.82670422
fs_70c_1v650,mos_fs,70,1.65,265.8059157,330.9427287,32.23988304,280.2104876,0.5515305655,246.4378645,1.357554101,2,264.683717,329.7749291,32.23456572
