freq_hz,cmrr_db_mean,cmrr_db_min,cmrr_db_max,psrr_db_mean,psrr_db_min,psrr_db_max
0.1,98.41120795,85.71063965,126.4594822,105.8064461,90.30656854,142.9186123
0.1047128548,98.23545209,85.67170061,126.0922271,105.4411172,89.90780434,142.7550695
0.1096478196,98.0551487,85.62940228,125.722306,105.0742835,89.50893177,142.5825551
0.1148153621,97.87027459,85.58349175,125.3499195,104.7060011,89.10996031,142.4009548
0.1202264435,97.68081114,85.53370349,124.9752554,104.3363246,88.71089863,142.2101914
0.1258925412,97.48674446,85.47975989,124.5984895,103.9653069,88.31175463,142.0102261
0.1318256739,97.2880654,85.421372,124.2197859,103.5929992,87.91253553,141.8010583
0.1380384265,97.08476969,85.35824049,123.8392974,103.2194512,87.51324793,141.5827271
0.1445439771,96.8768579,85.29005692,123.4571661,102.8447111,87.11389783,141.3553094
0.1513561248,96.66433555,85.21650532,123.0735239,102.4688255,86.71449074,141.1189189
0.1584893192,96.44721304,85.13726402,122.6884929,102.0918396,86.31503166,140.8737048
0.1659586907,96.22550568,85.05200789,122.3021863,101.7137973,85.91552516,140.6198487
0.1737800829,95.99923362,84.96041078,121.9147085,101.3347408,85.51597542,140.3575621
0.1819700859,95.76842179,84.76993265,121.6126658,100.9547111,85.11638625,140.0870831
0.1905460718,95.53309981,84.39740625,121.3509712,100.5737478,84.71676112,139.8086732
0.1995262315,95.29330187,83.99777674,121.0810662,100.1918894,84.31710321,139.5226133
0.2089296131,95.04906666,83.59811481,120.8032108,99.80917267,83.91741541,139.2292006
0.2187761624,94.80043711,83.19842332,120.5176846,99.42563355,83.51770037,138.9287444
0.2290867653,94.54746036,82.79870488,120.2247837,99.04130656,83.11796051,138.6226084
0.2398832919,94.29018747,82.39896188,119.9248165,98.6562251,82.71819802,138.3231957
0.2511886432,94.02867331,81.9991965,119.6181009,98.27042138,82.31841491,138.0170092
0.2630267992,93.7629763,81.59941071,119.30496,97.88392653,81.91861304,137.7043719
0.2754228703,93.49315825,81.19960634,118.98572,97.49677059,81.51879407,137.3856098
0.2884031503,93.2192841,80.79978505,118.6607063,97.10898254,81.11895954,137.0610487
0.301995172,92.94142174,80.39994835,118.3302418,96.7205904,80.71911086,136.7310116
0.316227766,92.65964174,80.00009763,117.9946441,96.33162116,80.3192493,136.3958167
0.3311311215,92.37401717,79.60023414,117.6542237,95.94210091,79.91937604,136.0557753
0.3467368505,92.08462332,79.20035906,117.3092824,95.55205483,79.51949216,135.7111898
0.3630780548,91.79153748,78.80047344,116.9601119,95.16150721,79.11959865,135.362353
0.3801893963,91.49483872,78.40057824,116.6069928,94.77048154,78.71969639,135.0095463
0.3981071706,91.19460765,78.00067436,116.2501937,94.37900045,78.31978623,134.6530394
0.4168693835,90.89092618,77.60076262,115.8899709,93.98708581,77.91986893,134.2930897
0.4365158322,90.58387725,77.20084376,115.5265676,93.59475871,77.51994518,133.9299416
0.4570881896,90.27354467,76.80091847,115.1602143,93.20203953,77.12001564,133.5638265
0.4786300923,89.96001283,76.40098738,114.7911284,92.80894789,76.7200809,133.1949631
0.5011872336,89.6433665,76.00105108,114.4195143,92.41550273,76.32014151,132.823557
0.5248074602,89.32369059,75.60111011,114.045564,92.02172227,75.920198,132.4498011
0.5495408739,89.00106995,75.20116498,113.6694572,91.62762408,75.52025084,132.0738764
0.5754399373,88.67558919,74.80121614,113.2913618,91.23322504,75.12030047,131.6959516
0.6025595861,88.34733239,74.40126403,112.911434,90.83854137,74.72034732,131.3161842
0.6309573445,88.01638303,74.00130905,112.5405111,90.44358865,74.32039179,130.9347207
0.660693448,87.68282372,73.6013516,112.2797791,90.0483818,73.92043426,130.5516972
0.6918309709,87.34673608,73.20139203,112.0107902,89.65293512,73.52047508,130.16724
0.7244359601,87.00820058,72.80143068,111.7337998,89.25726226,73.1205146,129.781466
0.758577575,86.66729638,72.40146788,111.4490839,88.86137625,72.72055316,129.3944835
0.7943282347,86.32410126,72.00150395,111.1569348,88.46528952,72.32059108,129.0063922
0.8317637711,85.97869144,71.60153919,110.8576578,88.06901386,71.92062869,128.6172846
0.87096359,85.63114157,71.2015739,110.5515678,87.67256049,71.5206663,128.2272455
0.9120108394,85.28152459,70.80160838,110.3472694,87.27594003,71.12070424,127.8363534
0.954992586,84.92991168,70.40164292,110.1622409,86.87916254,70.72074282,127.4446804
1,84.57637225,70.00167781,109.968033,86.48223751,70.32078238,127.0522929
1.047128548,84.22097385,69.60171336,109.7646215,86.08517389,69.92082325,126.6592517
1.096478196,83.86378221,69.20174985,109.5520214,85.68798011,69.52086578,126.2656131
1.148153621,83.50486121,68.8017876,109.3302864,85.29066409,69.12091032,125.8714284
1.202264435,83.14427287,68.40182694,109.0995079,84.89323327,68.72095726,125.4767448
1.258925412,82.78207739,68.00186819,108.8598137,84.49569463,68.32100699,125.0816059
1.318256739,82.41833318,67.6019117,108.6113659,84.09805473,67.92105994,124.6860512
1.380384265,82.0530969,67.20195785,108.3543584,83.70031971,67.52111655,124.4391202
1.445439771,81.68642347,66.80200702,108.0890136,83.30249533,67.12117732,124.4064522
1.513561248,81.31836619,66.40205964,107.8155796,82.904587,66.72124274,124.3709131
1.584893192,80.94897672,66.00211615,107.5343262,82.50659983,66.32131338,124.3322771
1.659586907,80.5783052,65.60217703,107.2455416,82.10853859,65.92138984,124.2903057
1.737800829,80.20640029,65.20224279,106.9870022,81.71040784,65.52147276,124.2447471
1.819700859,79.83330922,64.802314,106.7419097,81.31221186,65.12156286,124.1953373
1.905460718,79.45907788,64.40239125,106.5008925,80.91395476,64.72166088,124.1418001
1.995262315,79.08375088,64.00247522,106.2767387,80.51564046,64.32176768,124.0838476
2.089296131,78.70737155,63.60256659,106.0420059,80.11727273,63.92188415,124.021182
2.187761624,78.32998208,63.20266616,105.7966453,79.71885522,63.52201128,123.9534959
2.290867653,77.95162349,62.80277477,105.5406354,79.32039148,63.12215015,123.8804744
2.398832919,77.57233568,62.40289334,105.2739796,78.92188499,62.72230194,123.8017968
2.511886432,77.19215749,62.00302287,104.9967031,78.5233392,62.32246794,123.7171389
2.630267992,76.81112667,61.60316447,104.7088499,78.12475752,61.92264955,123.6261752
2.754228703,76.42927991,61.20331933,104.4104789,77.72614336,61.52284832,123.5285817
2.884031503,76.04665281,60.80348877,104.1016602,77.32750016,61.12306593,123.4240393
3.01995172,75.66327988,60.40367422,103.7824711,76.92883141,60.72330424,123.3122369
3.16227766,75.27919446,60.00387727,103.6067025,76.53014066,60.32356525,123.1928747
3.311311215,74.8944287,59.60409963,103.5369634,76.13143157,59.9238512,123.065668
3.467368505,74.50901347,59.20434318,103.4616581,75.7327079,59.52416449,122.9303511
3.630780548,74.12297822,58.80461,103.3804393,75.33397356,59.1245078,122.7866805
3.801893963,73.73635094,58.40490234,103.2929527,74.93523264,58.72488403,122.6344384
3.981071706,73.34915796,58.00522269,103.1988397,74.53648944,58.32529638,122.4734365
4.168693835,72.96142383,57.60557376,103.0977397,74.13774845,57.92574834,122.3035184
4.365158322,72.57317114,57.20595853,102.9892926,73.73901448,57.52624375,122.1245624
4.570881896,72.18442039,56.80638025,102.8731424,73.3402926,57.12678681,121.9364835
4.786300923,71.79518988,56.4068425,102.8873215,72.94158824,56.72738212,121.7392347
5.011872336,71.4054956,56.0073492,102.9012125,72.5429072,56.32803473,121.5328082
5.248074602,71.0153513,55.60790465,102.9089156,72.14425572,55.92875017,121.3172352
5.495408739,70.62476863,55.20851353,102.908267,71.74564052,55.52953452,121.0925857
5.754399373,70.2337574,54.80918102,102.896632,71.34706882,55.13039441,120.8589673
6.025595861,69.84232601,54.40991276,102.8708543,70.94854846,54.73133714,120.6165235
6.309573445,69.45048192,54.01071494,102.8272246,70.55008791,54.33237069,120.3654316
6.60693448,69.05823199,53.61159435,102.7614811,70.15169636,53.93350382,120.1058998
6.918309709,68.66558275,53.21255843,102.6688611,69.75338379,53.53474613,119.8381643
7.244359601,68.27254012,52.81361534,102.5442201,69.35516107,53.13610815,119.5624859
7.58577575,67.87910879,52.41477399,102.3822321,68.95704001,52.7376014,119.2791465
7.943282347,67.48529116,52.01604419,102.1776745,68.55903347,52.33923852,119.0866465
8.317637711,67.09108606,51.61743666,101.9257831,68.1611555,51.94103336,118.9214424
8.7096359,66.69648797,51.21896315,101.6226396,67.76342139,51.54300113,118.7474372
9.120108394,66.30148717,50.82063654,101.2655369,67.36584783,51.14515844,118.5645551
9.54992586,65.90607181,50.42247093,100.853255,66.96845307,50.74752355,118.3727596
10,65.51023171,50.02448179,101.2527466,66.571257,50.35011645,118.1720554
10.47128548,65.11396225,49.62668603,101.8026948,66.17428137,49.95295902,117.9624885
10.96478196,64.71726465,49.2291022,102.4258232,65.77754994,49.55607529,117.7441464
11.48153621,64.32013788,48.83175061,103.1278533,65.38108867,49.15949154,117.5171573
12.02264435,63.92255971,48.43465349,103.9071613,64.98492593,48.76323659,117.2816888
12.58925412,63.52446124,48.03783519,104.7432353,64.58909274,48.36734201,117.0379464
13.18256739,63.12571313,47.64132237,105.5732438,64.19362298,47.97184238,116.7861709
13.80384265,62.72614531,47.2451442,106.2557625,63.79855372,47.57677559,116.5266358
14.45439771,62.32559914,46.84933261,106.5545614,63.40392548,47.18218312,116.2596447
15.13561248,61.92401921,46.45392256,106.2349775,63.00978254,46.78811041,115.9855279
15.84893192,61.52157754,46.05895226,105.2657702,62.61617333,46.39460724,115.7046395
16.59586907,61.11864558,45.66446353,103.8522729,62.2231508,46.00172807,115.4173541
17.37800829,60.71559355,45.2705021,102.2448495,61.83077283,45.60953258,115.1240638
18.19700859,60.31267327,44.87711796,100.6074901,61.43910271,45.21808604,114.8251758
19.05460718,59.91003259,44.48436573,99.01759931,61.04820963,44.82745993,114.5211091
19.95262315,59.507762,44.09230514,97.50279567,60.65816923,44.43773245,114.2122929
20.89296131,59.10592756,43.70100136,96.06771415,60.26906418,44.04898916,113.8991645
21.87761624,58.70458849,43.31052562,94.70774715,59.88098487,43.66132366,113.5821677
22.90867653,58.30380594,42.9209556,93.41523716,59.49403006,43.2748383,113.2617518
23.98832919,57.90364728,42.53237607,92.1820767,59.10830769,42.88964501,112.9383708
25.11886432,57.50418861,42.14487948,91.60953617,58.72393568,42.50586614,112.6124832
26.30267992,57.10551615,41.75856656,91.11009888,58.34104285,42.12363537,112.284552
27.54228703,56.7077274,41.37354703,90.60012933,57.9597699,41.74309878,111.9550451
28.84031503,56.3109321,40.98994034,90.07958031,57.58027043,41.3644159,111.6244363
30.1995172,55.91525317,40.6078764,89.5484199,57.20271215,40.98776093,111.2932062
31.6227766,55.5208277,40.22749644,89.0066352,56.82727804,40.61332397,110.9618442
33.11311215,55.12780798,39.84895382,88.45423567,56.45416776,40.24131245,110.6308497
34.67368505,54.73636266,39.47241498,87.89125619,56.08359902,39.87195257,110.3007345
36.30780548,54.34667792,39.09806032,87.31775952,55.71580916,39.50549095,109.9720254
38.01893963,53.95895884,38.7260852,86.73383825,55.35105683,39.14219628,109.6452662
39.81071706,53.57343079,38.35670091,86.13961612,54.98962373,38.78236127,109.3210188
41.68693835,53.19034098,37.9901357,85.53524868,54.6318166,38.42630451,108.9998759
43.65158322,52.80996008,37.62663579,84.92092335,54.27796923,38.07437272,108.6824494
45.70881896,52.43258394,37.26646635,84.29685874,53.92844469,37.72694295,108.3693837
47.86300923,52.0585355,36.90991253,83.66330352,53.58363772,37.38442506,108.0613573
50.11872336,51.68816672,36.55728039,83.02053468,53.24397726,37.04726437,107.7590858
52.48074602,51.32186065,36.20889775,82.36885532,52.90992918,36.71594448,107.4633267
54.95408739,50.96003366,35.86511503,81.7085922,52.58199924,36.39099029,107.1748823
57.54399373,50.60313778,35.52630584,81.08566648,52.26073626,36.07297133,106.8946042
60.25595861,50.25166312,35.19286754,80.61248589,51.94673552,35.76250527,106.6233963
63.09573445,49.9061405,34.86522149,80.13309229,51.64064245,35.46026185,106.3622179
66.0693448,49.56714422,34.54381306,79.64771311,51.34315672,35.16696703,106.1120862
69.18309709,49.23529503,34.22911134,79.15660957,51.05503658,34.88340772,105.8740715
72.44359601,48.91126326,33.92160845,78.66007914,50.77710379,34.61043683,105.6493198
75.8577575,48.59577231,33.62181834,78.15845712,50.51024888,34.34897905,105.4390148
79.43282347,48.28960239,33.33027507,77.65211743,50.25543721,34.10003719,105.2443937
83.17637711,47.9935948,33.04753029,77.14147245,50.01371558,33.86469945,105.0667286
87.096359,47.70865671,32.77415003,76.75083147,49.78621976,33.6441475,104.9073044
91.20108394,47.43576681,32.51071027,76.54739712,49.57418291,33.43966578,104.7673849
95.4992586,47.17598208,32.25779148,76.35028075,49.37894503,33.25265184,104.6481603
100,46.93044606,32.01597143,76.1567168,49.20196348,33.08462813,104.5506676
104.7128548,46.70039928,31.7858162,75.96282078,49.04482461,32.93725484,104.475673
109.6478196,46.48719255,31.56786882,75.76334773,48.90925601,32.81234379,104.4234979
114.8153621,46.29230376,31.36263483,75.55147841,48.79713896,32.71187238,104.3937615
120.2264435,46.11735902,31.17056418,75.31869999,48.71051975,32.63799628,104.3850464
125.8925412,45.96415814,30.99202811,75.05488011,48.65161701,32.59305755,104.3943622
131.8256739,45.8347039,30.82729011,74.74865223,48.6228209,32.57958297,104.4165014
138.0384265,45.73123392,30.67646887,74.38821151,48.6266754,32.60026195,104.4432077
144.5439771,45.65625494,30.5394915,73.96253253,48.66582951,32.6578863,104.462246
151.3561248,45.61258503,30.41603448,73.46285724,48.74293103,32.75521917,104.4566091
158.4893192,45.60342015,30.30544964,72.88411819,48.86041828,32.89473615,104.4043658
165.9586907,45.6324464,30.20667266,72.22587013,49.0201304,33.06100403,104.2797725
173.7800829,45.70397525,30.11811182,71.49240597,49.22260018,33.25377052,104.0564234
181.9700859,45.82309972,30.03751688,71.00508639,49.46580213,33.48938906,103.7123525
190.5460718,45.99712321,29.96183094,71.44599665,49.74300422,33.76320602,103.2356997
199.5262315,46.24133203,29.88703505,76.65472758,50.03927203,34.06363613,102.6283643
208.9296131,46.43351063,29.80800446,92.40492366,50.32633823,34.36741085,101.9056082
218.7761624,45.92695991,29.71841012,74.78520297,50.55661742,34.63332141,101.0918322
229.0867653,45.31552277,29.61071477,73.88821464,50.6601063,34.72183088,100.2148292
239.8832919,44.62255016,29.476327,72.23383177,50.55223757,34.51141837,99.30092452
251.1886432,43.86648948,29.30597755,69.72498085,50.15982498,33.98585718,98.37219274
263.0267992,43.0682811,29.09035672,69.3681347,49.45612051,33.14471169,101.2435474
275.4228703,42.2433059,28.82098937,69.08488353,48.47536719,32.04928405,105.4605044
288.4031503,41.40341901,28.49123093,68.76891964,47.28687119,30.78836036,103.1748816
301.995172,40.5579714,28.09717774,68.41599539,45.97792612,29.44293542,97.87212997
316.227766,39.71416555,27.63825198,68.0226066,44.62028319,28.07081818,94.41873352
331.1311215,38.87735462,27.11728614,67.58625652,43.25779632,26.70721772,93.12941004
346.7368505,38.05138362,26.54008036,67.10564351,41.91527115,25.37100066,92.34083976
363.0780548,37.23891974,25.75824681,66.58073699,40.60507604,24.07079008,91.56805797
380.1893963,36.44173451,24.59214306,66.0127269,39.33213085,22.80929541,90.80135064
398.1071706,35.66092828,23.48661321,65.40385655,38.09717312,21.58601429,90.02751906
416.8693835,34.89710228,22.43531235,64.75717091,36.8987275,20.39881258,89.22971349
436.5158322,34.15048767,21.43268161,64.07622399,35.73423991,19.24481438,88.38787802
457.0881896,33.42104157,20.47388849,63.36478902,34.6007111,18.12088899,87.48015041
478.6300923,32.70851798,19.55473462,62.6266051,33.49503998,17.02390731,86.48551707
501.1872336,32.01252007,18.67155979,61.86518025,32.41420112,15.95086962,85.38735993
524.8074602,31.33253832,17.82115348,61.08365676,31.35532657,14.89896182,84.17689234
549.5408739,30.66797831,17.00067772,60.28473438,30.31573087,13.86557152,82.85504005
575.4399373,30.0181807,16.20760171,59.47064141,29.29290302,12.84828489,81.43185834
602.5595861,29.38243558,15.439647,58.64314143,28.28448832,11.84487109,79.92380199
630.9573445,28.75999261,14.69474212,57.80356393,27.28829212,10.85326374,78.35004597
660.693448,28.15006827,13.97098508,56.9528493,26.30232712,9.871539091,76.72931468
691.8309709,27.55185098,13.26661247,56.09160067,25.32486256,8.897894348,75.07782712
724.4359601,26.96450469,12.57997404,55.2201374,24.35440626,7.930627229,73.40838996
758.577575,26.38717149,11.90951175,54.33854691,23.38965375,6.968115514,71.73047244
794.3282347,25.81897337,11.25374245,53.44673271,22.42951551,6.008798123,71.7649897
831.7637711,25.25901343,10.61124351,52.62584644,21.47314543,5.05115672,75.49056207
870.96359,24.70637654,9.980640783,52.40812399,20.51546147,4.093697649,77.03407562
912.0108394,24.16012959,9.360598416,52.18744443,19.54928566,3.134934882,70.52239121
954.992586,23.61932123,8.749810049,51.96256716,18.58194738,2.173371988,64.94284033
1000,23.08298116,8.146991045,51.73215091,17.61231698,1.207484925,61.70526408
1047.128548,22.55011886,7.550871487,51.49474927,16.63837232,0.2357031753,60.04744479
1096.478196,22.01972177,6.960189634,51.24880555,15.65831441,-0.743609769,59.16224016
1148.153621,21.49075284,6.37368566,50.9926466,14.67042326,-1.732177288,59.3663359
1202.264435,20.96214741,5.790095521,50.72447561,13.67297687,-2.731832857,59.87376246
1258.925412,20.43280924,5.208144755,50.44236389,12.66421252,-3.744546332,60.85351812
1318.256739,19.90160581,4.626542195,50.14424117,11.6423507,-4.772453062,62.66386202
1380.384265,19.36736247,4.043973505,49.82788453,10.60597827,-5.817888523,66.30765117
1445.439771,18.82885537,3.459094487,49.49090545,9.558350531,-6.883428502,77.71103937
1513.561248,18.28480267,2.87052428,49.13073447,8.46921614,-7.97193733,68.30231789
1584.893192,17.73385346,2.276838502,48.74460292,7.357319315,-9.086626239,59.41923242
1659.586907,17.1745733,1.676562637,48.32952028,6.222905856,-10.2311253,55.94670901
1737.800829,16.60542563,1.068166136,47.88224579,5.053952442,-11.409573,53.78153744
1819.700859,16.02474819,0.4500580705,47.39925127,3.848692075,-12.62673024,51.74396498
1905.460718,15.43072678,-0.1794141623,46.87667142,2.591518671,-13.88812665,46.23847382
1995.262315,14.82137388,-0.821960494,46.31023496,1.284784124,-15.2002527,39.89313749
2089.296131,14.1945259,-1.479333404,45.69516677,-0.0745416877,-16.57081566,37.00730414
2187.761624,13.54786543,-2.15329412,45.0260449,-1.497465158,-18.0090877,34.20726166
2290.867653,12.87894297,-2.845543511,44.29658524,-2.995423597,-19.52638977,31.45153488
2398.832919,12.18514473,-3.557585872,43.49930714,-4.581739425,-21.13677952,30.2716239
2511.886432,11.46358477,-4.290460952,42.62499576,-6.27371744,-22.85805599,29.15614976
2630.267992,10.71095921,-5.044205177,41.66179781,-8.095255238,-24.7132684,27.77643856
2754.228703,9.923409653,-5.816722941,40.59362166,-10.08123917,-26.73305156,25.97663582
2884.031503,9.09645165,-6.601272274,40.0310943,-12.27754015,-28.95934548,23.59286217
3019.95172,8.225149109,-7.380364677,39.97651034,-14.74528939,-31.45142325,20.5123888
3162.27766,7.304865127,-8.109143038,39.7139904,-17.58782843,-34.29535988,16.68645767
3311.311215,6.333813155,-8.662479809,38.5910959,-20.98726938,-37.6151235,12.04201172
3467.368505,5.330118873,-8.72376068,35.72685543,-25.29404008,-42.39795487,12.13322105
3630.780548,4.457978606,-9.099955653,37.00233005,-31.1399798,-49.18255376,13.51660337
3801.893963,4.141266168,-11.86779774,40.00674327,-36.57513868,-50.10390544,1.381802632
3981.071706,1.903302918,-14.2850682,38.57660978,-34.14277805,-49.75899723,0.5024093159
4168.693835,0.1882260343,-17.04737485,40.63347384,-30.75074145,-47.09780684,9.668614369
4365.158322,-1.386942567,-19.19464194,34.7408557,-28.99467482,-45.5802086,12.99788689
4570.881896,-3.100062841,-21.33211915,41.16734522,-28.23231699,-45.50926132,19.28248066
4786.300923,-4.888912242,-23.48254681,38.23100566,-28.08437889,-45.87591856,10.10017719
5011.872336,-6.569227418,-25.25264267,35.2010335,-28.14097973,-46.14607694,22.94964192
5248.074602,-7.763797279,-25.86840327,40.98402813,-27.98248288,-45.46417133,9.981012199
5495.408739,-8.110960767,-25.09981846,29.38525772,-27.12473469,-44.26394401,4.928211001
5754.399373,-7.581204032,-24.32518434,30.08351375,-25.52530911,-42.40204795,6.504872127
6025.595861,-6.551575615,-23.0432996,35.50331651,-23.53199232,-40.132724,7.987293538
6309.573445,-5.38148895,-21.71520058,46.1275985,-21.49000291,-37.90210204,9.457337771
6606.93448,-4.267496532,-20.51574302,45.30719931,-19.57504703,-35.86952294,12.99585667
6918.309709,-3.282840514,-19.47874688,37.64986626,-17.82914116,-34.05776139,40.4716905
7244.359601,-2.442037425,-18.59257877,38.17883753,-16.31811062,-32.44655963,15.1413031
7585.77575,-1.739105875,-17.83514307,36.85270264,-14.94511263,-31.00712207,14.874972
7943.282347,-1.117480806,-17.18457859,47.62321229,-13.703375,-29.71231641,15.92143504
8317.637711,-0.5989223624,-16.62195816,37.72499491,-12.57474501,-28.53904041,16.83302159
8709.6359,-0.1365105697,-16.13150461,46.63344661,-11.54607376,-27.46816931,21.4144941
9120.108394,0.2527317274,-15.70019683,40.5868687,-10.60722656,-26.48399246,28.80774767
9549.92586,0.5920629919,-15.31725955,34.83179276,-9.748359537,-25.57356112,29.00422605
10000,0.8945285938,-14.97371712,33.76299533,-8.962541528,-24.72613591,28.02344129
10471.28548,1.168754647,-14.66203676,33.33402528,-8.238074704,-23.93274681,23.02335661
10964.78196,1.417333805,-14.37585319,41.1204844,-7.558383767,-23.18585142,23.83455001
11481.53621,1.625364209,-14.10975811,31.08481228,-6.91512402,-22.47907122,29.00347462
12022.64435,1.823512134,-13.85913806,31.373156,-6.320287678,-21.80698697,26.37171238
12589.25412,2.009024154,-13.62013851,32.24397357,-5.761616047,-21.16416326,26.95057733
13182.56739,2.183505698,-13.38922244,33.34120482,-5.228975856,-20.54824373,27.96387721
13803.84265,2.34769749,-13.16359247,34.53867033,-4.721568471,-19.95506672,28.94716854
14454.39771,2.503219521,-12.9408145,35.00998833,-4.236942273,-19.38173312,29.89824014
15135.61248,2.653531174,-12.71881595,35.9077499,-3.773356243,-18.82575544,30.8136876
15848.93192,2.80146665,-12.49586031,36.73016764,-3.329210185,-18.28500004,31.68859788
16595.86907,2.948656719,-12.27050259,37.41564654,-2.90316103,-17.75763604,32.51669363
17378.00829,3.096105345,-12.04155189,37.8972009,-2.493953608,-17.24209332,33.29050847
18197.00859,3.244610225,-11.8080501,38.14119188,-2.100213591,-16.73702014,34.00235746
19054.60718,3.394983863,-11.56912321,40.34933623,-1.720982158,-16.24232307,34.72522027
19952.62315,3.547987781,-11.32440071,43.22667309,-1.354037034,-15.75489075,35.27045006
20892.96131,3.704719503,-11.07333105,47.35196647,-0.9987573047,-15.27490954,35.7328725
21877.61624,3.86777703,-10.81573134,55.08484885,-0.6538855763,-14.80050325,36.09424701
22908.67653,4.034657055,-10.55129351,63.60480264,-0.3192956705,-14.33211817,36.41364731
23988.32919,4.183639361,-10.27968434,50.60140352,0.005702051551,-13.87151304,36.65618074
25118.86432,4.343674086,-10.00124531,45.77062216,0.3219087965,-13.41476368,36.82907501
26302.67992,4.508560745,-9.715788613,42.82812667,0.6293555226,-12.96377561,36.8890348
27542.28703,4.677036551,-9.423919947,40.69979051,0.9294133001,-12.5133944,37.00312244
28840.31503,4.848675283,-9.125070534,39.08467425,1.221230077,-12.07044581,37.02320992
30199.5172,5.023019613,-8.819925102,37.79114629,1.505723384,-11.62984026,37.01102445
31622.7766,5.199734191,-8.508467298,36.73252192,1.782850504,-11.19373921,36.89779922
33113.11215,5.378435944,-8.191322347,36.33415573,2.053467873,-10.75819185,36.91958004
34673.68505,5.558837452,-7.868381915,36.33447789,2.317104362,-10.32668186,36.85241508
36307.80548,5.740599452,-7.539921868,36.29393395,2.574071039,-9.89903283,36.70316427
38018.93963,5.923348228,-7.206606792,36.26106452,2.825065271,-9.471281559,36.69722444
39810.71706,6.106829362,-6.868211828,36.18470894,3.069384264,-9.048314347,36.54724203
41686.93835,6.290634546,-6.525534843,36.11981592,3.308090537,-8.62489123,36.53300604
43651.58322,6.474523447,-6.178339908,36.024073,3.54059039,-8.211845236,36.39130509
45708.81896,6.658140107,-5.827417155,35.9422327,3.767428871,-8.009579149,36.37347279
47863.00923,6.841222067,-5.472643293,35.84739734,3.988456571,-7.817540526,36.2979692
50118.72336,7.023495,-5.114406544,35.74441916,4.203713189,-7.635538985,36.17638979
52480.74602,7.204621639,-4.752819682,35.64994303,4.413761597,-7.466371098,36.11167814
54954.08739,7.384409939,-4.388513744,35.56306444,4.618413571,-7.306528882,36.09327229
57543.99373,7.562591427,-4.070745428,35.47265728,4.81776529,-7.157558935,36.03294594
60255.95861,7.738974593,-3.913124046,35.38581828,5.011611425,-7.016392819,35.94015429
63095.73445,7.913318618,-3.762577909,35.298869,5.200408957,-6.884509634,35.89039302
66069.3448,8.085403321,-3.618902901,35.2245167,5.38420788,-6.763681362,35.90385669
69183.09709,8.255112263,-3.482592828,35.15048822,5.562786135,-6.648943972,35.82963268
72443.59601,8.422255632,-3.353345754,35.08096082,5.736268605,-6.542211497,35.78766314
75857.7575,8.586638784,-3.230936786,35.01590025,5.905420387,-6.44427252,35.80776672
79432.82347,8.748178258,-3.115466376,34.95520284,6.069477938,-6.352766015,36.0617395
83176.37711,8.906705516,-3.006645814,34.89872951,6.229007908,-6.268468305,36.34974636
87096.359,9.062178969,-2.904479775,34.84630382,6.383695846,-6.189406887,36.56831786
91201.08394,9.214457369,-2.808527567,34.79773207,6.533829632,-6.117220743,36.7716281
95499.2586,9.363460132,-2.71874017,34.75118879,6.679710536,-6.050067178,36.96042172
100000,9.509167792,-2.63486688,34.71132671,6.820649757,-5.987698637,37.09479286
