freq_hz,a_dm_db,a_dm_db_min,a_dm_db_max,cmrr_db,cmrr_db_min,cmrr_db_max,psrr_db,psrr_db_min,psrr_db_max,cm_to_cm_db,cm_to_cm_db_min,cm_to_cm_db_max,supply_to_cm_db,supply_to_cm_db_min,supply_to_cm_db_max
0.1,-0.008145888742,-0.2906473548,-0.007238989997,139.0659207,119.1410749,139.6337456,157.1449033,122.7671267,173.3828406,-0.008149164582,-0.2906495647,-0.007238164599,-61.69326912,-61.69814722,-31.8658103
0.1047128548,-0.008145886471,-0.290647355,-0.007238990119,138.66599,119.1358278,139.2442478,156.7795039,122.7670359,173.0435263,-0.008149332817,-0.2906497782,-0.007238334933,-61.46637117,-61.47370958,-31.86550485
0.1096478196,-0.008145883981,-0.2906473553,-0.007238990252,138.2660531,119.1300816,138.853848,156.4113004,122.7669364,172.6995609,-0.008149517282,-0.2906500122,-0.007238521701,-61.230493,-61.24025757,-31.86516997
0.1148153621,-0.00814588125,-0.2906473556,-0.007238990398,137.8661107,119.1237899,138.4626221,156.0405016,122.7668273,172.3512377,-0.008149719544,-0.2906502689,-0.007238726487,-60.98578162,-60.99792908,-31.8648028
0.1202264435,-0.008145878256,-0.2906473559,-0.007238990558,137.4661632,119.1169015,138.0706396,155.6673034,122.7667077,171.9988393,-0.00814994132,-0.2906505502,-0.007238951031,-60.73241687,-60.74689539,-31.86440025
0.1258925412,-0.008145874973,-0.2906473562,-0.007238990734,137.066211,119.1093612,137.6779645,155.2918898,122.7665766,171.6426312,-0.008150184493,-0.2906508588,-0.007239197239,-60.47060862,-60.48735828,-31.8639589
0.1318256739,-0.008145871374,-0.2906473566,-0.007238990926,136.6662547,119.1011083,137.2846557,154.9144319,122.7664328,171.2828732,-0.008150451126,-0.2906511971,-0.0072394672,-60.2005936,-60.21954758,-31.86347502
0.1380384265,-0.008145867427,-0.290647357,-0.007238991137,136.2662944,119.0920772,136.8907671,154.5350903,122.7662751,170.9198037,-0.008150743484,-0.290651568,-0.007239763207,-59.92263196,-59.94371747,-31.86294452
0.1445439771,-0.008145863099,-0.2906473575,-0.007238991369,135.8663306,119.0821964,136.4963482,154.1540136,122.7661022,170.5536539,-0.008151064048,-0.2906519747,-0.007240087771,-59.63700371,-59.66014299,-31.86236291
0.1513561248,-0.008145858354,-0.290647358,-0.007238991622,135.4663637,119.0713881,136.1014444,153.7713406,122.7659126,170.5786438,-0.008151415539,-0.2906524207,-0.007240443649,-59.34400502,-59.36911647,-31.86172528
0.1584893192,-0.00814585315,-0.2906473585,-0.0072389919,135.0663937,119.0595678,135.7060974,153.3871995,122.7657048,170.6065125,-0.008151800942,-0.2906529097,-0.007240833862,-59.04394466,-59.07094304,-31.86102624
0.1659586907,-0.008145847445,-0.2906473591,-0.007238992206,134.6664211,119.046644,135.3103453,153.0017093,122.7654769,170.6371488,-0.008152223527,-0.2906534458,-0.007241261722,-58.73714039,-58.76593874,-31.86025989
0.1737800829,-0.00814584119,-0.2906473597,-0.00723899254,134.2664461,119.0325173,134.914223,152.61498,122.765227,170.6708535,-0.008152686883,-0.2906540337,-0.00724173086,-58.42391566,-58.45442568,-31.85941976
0.1819700859,-0.008145834331,-0.2906473605,-0.007238992907,133.8664688,119.0170804,134.5177624,152.2271134,122.7649531,170.7079375,-0.008153194942,-0.2906546783,-0.00724224526,-58.10459644,-58.1367296,-31.85849876
0.1905460718,-0.00814582681,-0.2906473613,-0.007238993309,133.4664895,119.000217,134.1209929,151.8382029,122.7646527,170.7487516,-0.008153752018,-0.2906553851,-0.007242809289,-57.77950837,-57.81317674,-31.85748913
0.1995262315,-0.008145818564,-0.2906473621,-0.00723899375,133.0665083,118.9818016,133.7239411,151.4483351,122.7643233,170.7936954,-0.008154362839,-0.2906561601,-0.007243427734,-57.44897418,-57.48409007,-31.85638236
0.2089296131,-0.008145809522,-0.2906473631,-0.007238994233,132.6665254,118.9616989,133.3266315,151.0575894,122.7639622,170.8431894,-0.008155032592,-0.2906570099,-0.007244105845,-57.11331143,-57.14978934,-31.85516914
0.2187761624,-0.008145799608,-0.2906473641,-0.007238994764,132.2665409,118.9397631,132.9290866,150.6660391,122.7635663,170.8977421,-0.008155766961,-0.2906579416,-0.007244849379,-56.77283056,-56.81058728,-31.85383926
0.2290867653,-0.008145788737,-0.2906473652,-0.007238995345,131.866555,118.9158376,132.5313267,150.2737512,122.7631321,170.957884,-0.00815657218,-0.2906589632,-0.007245664648,-56.42783327,-56.50560267,-31.85238154
0.2398832919,-0.008145776817,-0.2906473665,-0.007238995982,131.4665678,118.8897545,132.1333707,149.8807875,122.7626562,171.0242221,-0.008157455085,-0.2906600834,-0.007246558572,-56.07861114,-56.20931456,-31.85078374
0.2511886432,-0.008145763748,-0.2906473678,-0.007238996681,131.0665793,118.8613338,131.7352355,149.4872045,122.7621343,171.0974611,-0.008158423171,-0.2906613117,-0.007247538741,-55.72544465,-55.90611017,-31.84903247
0.2630267992,-0.008145749417,-0.2906473693,-0.007238997447,130.6665898,118.8303834,131.3369367,149.0930541,122.7615621,171.178348,-0.008159484656,-0.2906626585,-0.007248613474,-55.36860232,-55.59631029,-31.84711306
0.2754228703,-0.008145733704,-0.290647371,-0.007238998288,130.2665993,118.7966985,130.9384887,148.6983835,122.7609347,171.2677651,-0.008160648551,-0.2906641352,-0.007249791895,-55.00834021,-55.28023991,-31.84500943
0.2884031503,-0.008145716475,-0.2906473728,-0.007238999209,129.8666078,118.7600617,130.5399044,148.3032364,122.7602469,171.3666761,-0.008161924736,-0.2906657544,-0.007251084008,-54.64490156,-54.9582252,-31.84270403
0.301995172,-0.008145697584,-0.2906473748,-0.007239000219,129.4666155,118.7202422,130.1411958,147.9076522,122.7594928,171.476198,-0.008163324045,-0.2906675298,-0.007252500781,-54.27851661,-54.63059075,-31.84017761
0.316227766,-0.00814567687,-0.2906473769,-0.007239001327,129.0666223,118.6769965,129.7423737,147.5116672,122.758666,171.5975756,-0.008164858357,-0.2906694764,-0.007254054241,-53.90940263,-54.2976572,-31.83740914
0.3311311215,-0.008145654158,-0.2906473793,-0.007239002542,128.6666284,118.6300684,129.343448,147.1153145,122.7577595,171.7322452,-0.008166540695,-0.2906716109,-0.007255757576,-53.53776407,-53.95973904,-31.8343756
0.3467368505,-0.008145629255,-0.2906473819,-0.007239003873,128.2666339,118.5791888,128.9444277,146.7186241,122.7567657,171.8818422,-0.008168385342,-0.2906739513,-0.007257625245,-53.16379276,-53.61714287,-31.83105182
0.3630780548,-0.008145601949,-0.2906473848,-0.007239005334,127.8666386,118.5240772,128.5453211,146.3216233,122.7556761,172.0482298,-0.008170407956,-0.2906765176,-0.007259673102,-52.78766829,-53.27016591,-31.82741031
0.3801893963,-0.008145572008,-0.2906473879,-0.007239006935,127.4666428,118.4644416,128.1461358,145.924337,122.7544816,172.2335488,-0.008172625707,-0.2906793314,-0.007261918532,-52.40955839,-52.91909473,-31.82342097
0.3981071706,-0.008145539179,-0.2906473913,-0.007239008691,127.0666464,118.39998,127.7468786,145.5267878,122.753172,172.4402737,-0.008175057422,-0.2906824166,-0.007264380596,-52.02961941,-52.5642044,-31.81905096
0.4168693835,-0.008145503183,-0.2906473951,-0.007239010616,126.6666495,118.3303819,127.3475557,145.1289959,122.7517363,172.6712486,-0.008177723743,-0.2906857996,-0.007267080195,-51.64799682,-52.20575778,-31.8142644
0.4365158322,-0.008145463714,-0.2906473992,-0.007239012727,126.2666521,118.2553295,126.948173,144.7309797,122.7501623,172.92977,-0.008180647304,-0.2906895089,-0.007270040243,-51.26482573,-51.84400505,-31.8090221
0.4570881896,-0.008145420437,-0.2906474037,-0.007239015041,125.8666542,118.1744999,126.5487356,144.3327559,122.7484368,173.2196414,-0.008183852924,-0.290693576,-0.007273285871,-50.88023142,-51.47918349,-31.80328131
0.4786300923,-0.008145372985,-0.2906474087,-0.007239017579,125.4666558,118.0875675,126.1492483,143.9343392,122.7465452,173.5452459,-0.008187367813,-0.2906980356,-0.007276844628,-50.4943299,-51.11151738,-31.79699538
0.5011872336,-0.008145320955,-0.2906474141,-0.007239020362,125.0666569,117.9942063,125.7497153,143.5357429,122.7444716,173.9115927,-0.00819122181,-0.2907029254,-0.007280746724,-50.10722848,-50.74121806,-31.79011344
0.5248074602,-0.008145263905,-0.2906474201,-0.007239023414,124.6666576,117.8940929,125.3501408,143.1369787,122.7421986,174.3243081,-0.00819544763,-0.290708287,-0.007285025285,-49.71902625,-50.36848416,-31.78258009
0.5495408739,-0.008145201351,-0.2906474266,-0.00723902676,124.2666579,117.7869098,124.9505282,142.738057,122.7397068,174.7894971,-0.008200081146,-0.2907141658,-0.007289716629,-49.32981465,-49.99350183,-31.77433493
0.5754399373,-0.008145132763,-0.2906474338,-0.007239030429,123.8666577,117.6723483,124.5508808,142.3389868,122.7369755,175.3133002,-0.00820516169,-0.2907206118,-0.007294860581,-48.93967798,-49.61644517,-31.76531228
0.6025595861,-0.008145057557,-0.2906474417,-0.007239034452,123.4666571,117.5501127,124.1512016,141.9397759,122.7339817,175.9007398,-0.008210732391,-0.2907276797,-0.007300500806,-48.54869386,-49.23747663,-31.75544067
0.6309573445,-0.008144975095,-0.2906474503,-0.007239038864,123.066656,117.4199234,123.7514934,141.540431,122.7307003,176.5531733,-0.008216840535,-0.2907354294,-0.007306685183,-48.15693371,-48.8567475,-31.74464241
0.660693448,-0.008144884679,-0.2906474597,-0.007239043701,122.6666545,117.2815206,123.3517586,141.1409575,122.7271036,177.2627794,-0.008223537974,-0.2907439269,-0.007313466209,-47.76446322,-48.47439843,-31.73283318
0.6918309709,-0.008144785539,-0.2906474701,-0.007239049005,122.2666525,117.1346683,122.9519995,140.7413599,122.7231617,178.0014426,-0.00823088156,-0.2907532441,-0.007320901445,-47.37134272,-48.09055997,-31.71992146
0.7244359601,-0.008144676835,-0.2906474815,-0.007239054822,121.8666501,116.9791572,122.5522181,140.3416415,122.7188415,178.7012461,-0.008238933629,-0.2907634603,-0.007329054008,-46.97762765,-47.70535307,-31.7058081
0.758577575,-0.008144557644,-0.290647494,-0.0072390612,121.4666471,116.8148083,122.1524162,139.9418047,122.7141069,179.2307316,-0.008247762534,-0.290774662,-0.0073379931,-46.58336885,-47.31888971,-31.6903857
0.7943282347,-0.008144426953,-0.2906475076,-0.007239068193,121.0666436,116.6414752,121.7525955,139.5418509,122.7089186,179.3975479,-0.008257443218,-0.2907869445,-0.007347794603,-46.188613,-46.93127337,-31.67353817
0.8317637711,-0.008144283655,-0.2906475226,-0.007239075863,120.6666395,116.4590471,121.3527576,139.1417805,122.7032332,179.032827,-0.008268057856,-0.2908004119,-0.007358541715,-45.79340286,-46.54259959,-31.65514011
0.87096359,-0.008144126532,-0.2906475391,-0.007239084272,120.2666349,116.26745,120.9529038,138.7415929,122.6970035,178.124502,-0.00827969655,-0.2908151785,-0.007370325663,-45.39777765,-46.1529565,-31.6350564
0.9120108394,-0.008143954252,-0.2906475571,-0.007239093494,119.8666296,116.0666482,120.5684746,138.3412864,122.690178,176.8286137,-0.008292458094,-0.2908313698,-0.007383246474,-45.00177331,-45.76242529,-31.61314136
0.954992586,-0.008143765351,-0.2906475769,-0.007239103607,119.4666236,115.8566451,120.2128284,137.9408586,122.6827,175.3412183,-0.008306450812,-0.2908491232,-0.007397413825,-44.60542274,-45.37108072,-31.58923862
1,-0.008143558226,-0.2906475986,-0.007239114696,119.0666169,115.6374828,119.853677,137.5403058,122.674508,173.8025819,-0.00832179348,-0.2908685892,-0.007412947972,-44.20875609,-44.97899155,-31.56318031
1.047128548,-0.00814333112,-0.2906476223,-0.007239126857,118.6666094,115.4092414,119.4912679,137.1396234,122.6655344,172.2872605,-0.008338616328,-0.2908899333,-0.007429980772,-43.81180095,-44.58622102,-31.53478673
1.096478196,-0.008143082106,-0.2906476484,-0.007239140193,118.2666011,115.172038,119.1258356,136.7388057,122.6557057,170.8270459,-0.008357062151,-0.2909133364,-0.0074486568,-43.41458259,-44.1928272,-31.50386595
1.148153621,-0.008142809069,-0.290647677,-0.007239154817,117.8665919,114.9260245,118.7576016,136.3378457,122.6449414,169.431514,-0.008377287518,-0.2909389974,-0.007469134581,-43.01712413,-43.79886344,-31.47021352
1.202264435,-0.008142509692,-0.2906477084,-0.007239170855,117.4665816,114.6713851,118.3867746,135.9367355,122.6331539,168.1000587,-0.008399464101,-0.2909671339,-0.007491587928,-42.61944675,-43.40437867,-31.43361201
1.258925412,-0.008142181436,-0.2906477428,-0.007239188443,117.0665703,114.4083338,118.0135504,135.5354657,122.6202474,166.8279241,-0.008423780131,-0.2909979849,-0.007516207421,-42.22156982,-43.00941781,-31.39383115
1.318256739,-0.008141821514,-0.2906477805,-0.007239207732,116.6665577,114.1371108,117.6381126,135.1340257,122.6061176,165.6090375,-0.008450441997,-0.291031812,-0.007543202023,-41.82351108,-42.61402203,-31.35062769
1.380384265,-0.008141426872,-0.2906478219,-0.007239228886,116.2665439,113.8579792,117.2606327,134.7324035,122.5906509,164.4372508,-0.008479675994,-0.2910689025,-0.007572800854,-41.42528679,-42.21822909,-31.3037455
1.445439771,-0.008140994162,-0.2906478673,-0.007239252086,115.8665287,113.5712215,116.8812706,134.3305854,122.5737235,163.3068668,-0.008511730243,-0.2911095711,-0.007605255132,-41.02691181,-41.82207359,-31.25291612
1.513561248,-0.008140519711,-0.2906479171,-0.007239277531,115.466512,113.2771356,116.5001753,133.9285564,122.5552006,162.2127949,-0.0085468768,-0.291154163,-0.007640840306,-40.62839979,-41.42558725,-31.19785923
1.584893192,-0.008139999495,-0.2906479717,-0.007239305438,115.0664935,112.9760317,116.1174851,133.5262994,122.5349358,161.1505799,-0.00858541396,-0.2912030565,-0.007679858391,-40.22976322,-41.02879911,-31.1382832
1.659586907,-0.008139429098,-0.2906480317,-0.007239336047,114.6664733,112.6682282,115.7333283,133.1237957,122.5127699,160.116346,-0.008627668784,-0.2912566667,-0.007722640532,-39.83101356,-40.63173579,-31.07388657
1.737800829,-0.008138803683,-0.2906480974,-0.00723936962,114.266451,112.354049,115.3478237,132.7210245,122.48853,159.1067422,-0.008673999881,-0.2913154485,-0.00776954981,-39.43216132,-40.2344217,-31.00435917
1.819700859,-0.008138117944,-0.2906481695,-0.007239406445,113.8664266,112.0338198,114.9610813,132.3179628,122.4620287,158.1188675,-0.008724800441,-0.2913799007,-0.007820984321,-39.03321619,-39.83687919,-30.92938391
1.905460718,-0.008137366062,-0.2906482486,-0.007239446839,113.4663997,111.7078657,114.5732026,131.9145853,122.4330628,157.1502104,-0.008780501574,-0.2914505703,-0.007877380553,-38.63418704,-39.43912874,-30.84863821
1.995262315,-0.008136541662,-0.2906483354,-0.007239491149,113.0663702,111.3765083,114.1842811,131.5108639,122.4014125,156.1985868,-0.008841575961,-0.2915280568,-0.007939217083,-38.23508207,-39.04118914,-30.76179698
2.089296131,-0.008135637749,-0.2906484307,-0.007239539756,112.6663379,111.0400639,113.7944033,131.1067681,122.3668402,155.2620965,-0.008908541867,-0.2916130177,-0.00800701864,-37.83590882,-38.64307762,-30.66853509
2.187761624,-0.008134646659,-0.2906485352,-0.007239593081,112.2663024,110.6988412,113.4036486,130.7022642,122.3290893,154.3390817,-0.008981967524,-0.2917061739,-0.008081360546,-37.43667428,-38.24481001,-30.56852969
2.290867653,-0.008133559986,-0.2906486499,-0.007239651584,111.8662634,110.3531402,113.01209,130.2973153,122.2878831,153.4280882,-0.009062475958,-0.2918083157,-0.008162873596,-37.03738492,-37.84640082,-30.46146393
2.398832919,-0.008132368517,-0.2906487758,-0.007239715771,111.4662207,110.0032502,112.6197946,129.8918809,122.2429241,152.52784,-0.00915075026,-0.2919203098,-0.0082522494,-36.63804673,-37.44786341,-30.34702993
2.511886432,-0.008131062148,-0.290648914,-0.007239786198,111.0661738,109.6494494,112.2268241,129.4859168,122.1938924,151.6372134,-0.009247539374,-0.292043106,-0.008350246243,-36.23866533,-37.04921007,-30.22493304
2.630267992,-0.008129629807,-0.2906490657,-0.007239863478,110.6661224,109.2920039,111.833235,129.0793747,122.140445,150.7552139,-0.009353664444,-0.2921777461,-0.008457695509,-35.83924593,-36.65045214,-30.09489418
2.754228703,-0.008128059351,-0.2906492322,-0.007239948283,110.266066,108.9311672,111.4390791,128.6722017,122.0822152,149.8809616,-0.009470025766,-0.292325372,-0.008575508718,-35.43979345,-36.25160006,-29.9566551
2.884031503,-0.00812633747,-0.290649415,-0.007240041352,109.8660041,108.5671797,111.0444037,128.2643403,122.018811,149.0136773,-0.009597610408,-0.2924872358,-0.008704685245,-35.04031253,-35.85266352,-29.80998055
3.01995172,-0.008124449575,-0.2906496158,-0.007240143501,109.4659363,108.2002691,110.6492523,127.8557275,121.9498153,148.1526636,-0.009737500567,-0.2926647102,-0.008846320779,-34.64080757,-35.45365147,-29.6546625
3.16227766,-0.00812237967,-0.2906498363,-0.007240255625,109.065862,107.8306498,110.2536643,127.4462949,121.874785,147.2973025,-0.009890882725,-0.2928593001,-0.009001616592,-34.24128275,-35.05457226,-29.49052339
3.311311215,-0.008120110221,-0.2906500785,-0.007240378711,108.6657805,107.4585232,109.8576761,127.0359681,121.7932509,146.4470395,-0.01005905769,-0.2930726553,-0.0091718897,-33.8417421,-34.65543366,-29.3174183
3.467368505,-0.00811762201,-0.2906503445,-0.007240513846,108.2656911,107.0840784,109.4613206,126.6246661,121.7047176,145.6013793,-0.01024345158,-0.2933065847,-0.009358584001,-33.44218952,-34.25624295,-29.13523795
3.630780548,-0.008114893968,-0.2906506369,-0.007240662228,107.8655931,106.7074918,109.0646279,126.2123008,121.6086644,144.7598767,-0.0104456279,-0.2935630711,-0.00956328248,-33.04262879,-33.85700696,-28.94391026
3.801893963,-0.008111903003,-0.2906509582,-0.007240825176,107.4654857,106.3289281,108.6676252,125.7987769,121.5045454,143.9221331,-0.01066730074,-0.2938442883,-0.009787720578,-32.64306363,-33.45773217,-28.74340129
3.981071706,-0.008108623803,-0.2906513114,-0.007241004147,107.065368,105.9485407,108.2703375,125.3839907,121.3917913,143.0877891,-0.01091034925,-0.2941526196,-0.01003380085,-32.24349774,-33.05842469,-28.53371667
4.168693835,-0.008105028628,-0.2906516997,-0.007241200748,106.6652389,105.5664718,107.8727873,124.9678305,121.2698106,142.2565214,-0.01117683351,-0.2944906771,-0.01030360904,-31.84393479,-32.6590904,-28.31490068
4.365158322,-0.008101087072,-0.2906521269,-0.007241416752,106.2650975,105.1828533,107.4749948,124.550175,121.1379925,141.4280379,-0.0114690119,-0.2948613247,-0.01059943165,-31.44437849,-32.25973492,-28.08703631
4.570881896,-0.008096765813,-0.2906525967,-0.007241654121,105.8649424,104.7978071,107.0769786,124.1308935,120.995709,140.6020748,-0.01178936016,-0.2952677015,-0.01092377522,-31.04483259,-31.86036372,-27.85024337
4.786300923,-0.008092028334,-0.2906531138,-0.007241915022,105.4647725,104.4114459,106.6787552,123.7098451,120.8423188,139.7783939,-0.01214059222,-0.2957132485,-0.01127938748,-30.64530095,-31.46098212,-27.60467727
5.011872336,-0.008086834617,-0.290653683,-0.007242201851,105.0645862,104.0238734,106.2803394,123.2868783,120.6771711,138.956779,-0.0125256831,-0.2962017375,-0.01166928044,-30.24578752,-31.06159535,-27.3505252
5.248074602,-0.008081140813,-0.2906543098,-0.007242517265,104.6643822,103.635185,105.8817445,122.8618301,120.4996105,138.1370345,-0.01294789389,-0.2967373025,-0.01209675576,-29.84629644,-30.66220862,-27.08800535
5.495408739,-0.008074898873,-0.2906550003,-0.007242864204,104.2641585,103.2454684,105.4829823,122.4345258,120.308982,137.3189825,-0.01341079918,-0.2973244748,-0.01256543249,-29.44683202,-30.26282711,-26.81736194
5.754399373,-0.008068056158,-0.2906557614,-0.007243245933,103.8639135,102.8548037,105.0840632,122.0047787,120.1046371,136.5024611,-0.0139183171,-0.2979682206,-0.01307927746,-29.04739878,-29.86345606,-26.5388627
6.025595861,-0.008060554994,-0.2906566005,-0.007243666072,103.463645,102.4632645,104.6849962,121.5723894,119.8859401,135.6873233,-0.01447474219,-0.2986739827,-0.01364263854,-28.64800152,-29.4641008,-26.25279528
6.309573445,-0.008052332204,-0.2906575263,-0.007244128648,103.0633509,102.0709175,104.2857894,121.1371457,119.652275,134.8734346,-0.01508478134,-0.299447726,-0.0142602811,-28.24864535,-29.06476679,-25.95946341
6.60693448,-0.008043318587,-0.2906585481,-0.00724463814,102.6630287,101.6778239,103.8864493,120.6988221,119.4030522,134.0606724,-0.01575359325,-0.3002959871,-0.01493742788,-27.84933571,-28.66545966,-25.65918283
6.918309709,-0.008033438349,-0.2906596767,-0.007245199536,102.2626758,101.284039,103.4869816,120.2571802,119.1377167,133.2489246,-0.01648683151,-0.3012259287,-0.01556912936,-27.45007843,-28.26618527,-25.35227987
7.244359601,-0.008022608484,-0.290660924,-0.007245818399,101.8622892,100.8896127,103.0873909,119.8119683,118.8557538,132.4380881,-0.01729069177,-0.3022453992,-0.01623379981,-27.05087979,-27.86694978,-25.0390849
7.58577575,-0.008010738103,-0.2906623033,-0.00724650094,101.4618659,100.4945901,102.6876806,119.3629221,118.5566973,131.6280684,-0.0181719634,-0.3033629981,-0.0169624979,-26.65174656,-27.46775963,-24.71993171
7.943282347,-0.007997727694,-0.2906638299,-0.007247254105,101.0614023,100.099012,102.2878534,118.9097644,118.2401368,130.8187782,-0.01913808593,-0.3045881463,-0.01776138101,-26.25268606,-27.06862168,-24.39515522
8.317637711,-0.007983468319,-0.2906655208,-0.007248085672,100.6608948,99.70291429,101.8879107,118.4522065,117.9057216,130.0101371,-0.02019721079,-0.3059311648,-0.01863719655,-25.85370621,-26.66954321,-24.06508613
8.7096359,-0.007967840745,-0.2906673953,-0.007249004362,100.2603393,99.30632925,101.4878534,117.9899488,117.5167786,129.2020704,-0.02135826883,-0.3074033589,-0.01959733808,-25.45481561,-26.270532,-23.73005136
9.120108394,-0.007950714491,-0.2906694753,-0.007250019975,99.85973119,98.90928517,101.0876811,117.5226819,117.0529392,128.3945087,-0.02263104411,-0.3090171114,-0.0206499067,-25.05602361,-25.87159639,-23.3903715
9.54992586,-0.00793194679,-0.2906717854,-0.007251143533,99.45906575,98.51180675,100.6873926,117.0500881,116.5839741,127.5873872,-0.02402625451,-0.3107859836,-0.02180377812,-24.65734037,-25.47274537,-23.04635996
10,-0.007911381475,-0.290674354,-0.00725238746,99.05833768,98.11391529,100.2869857,116.5718431,116.1095641,126.7806447,-0.0255556398,-0.312724826,-0.02306867602,-24.25877698,-25.0739886,-22.6983191
10.47128548,-0.007888847751,-0.2906772131,-0.007253765784,98.65754125,97.71562887,99.88645744,116.0876184,115.6293839,125.9742242,-0.02723205778,-0.3148498986,-0.02445525215,-23.8603455,-24.67533656,-22.34654358
10.96478196,-0.00786415888,-0.2906803995,-0.007255294374,98.25667024,97.31696249,99.48580376,115.5970834,115.1431044,125.1680711,-0.02906958923,-0.3171790025,-0.02597517388,-23.46205909,-24.27680059,-21.991316
11.48153621,-0.007837110746,-0.290683955,-0.007256991211,97.85571792,96.91792823,99.08501969,115.0999079,114.6503954,124.3621335,-0.0310836524,-0.3197316226,-0.02764121978,-23.06393213,-23.878393,-21.6329079
12.02264435,-0.007807480308,-0.2906879278,-0.007258876715,97.45467697,96.51853537,98.68409923,114.5957656,114.1509283,123.5563617,-0.03329112781,-0.3225290841,-0.02946738386,-22.6659803,-23.48012715,-21.27158063
12.58925412,-0.007775023931,-0.2906923731,-0.007260974119,97.0535395,96.11879049,98.28303542,114.0843371,113.6443793,122.7507075,-0.03571049428,-0.3255947213,-0.03146898943,-22.26822072,-23.08201759,-20.90758395
13.18256739,-0.007739475583,-0.2906973545,-0.007263309908,96.65229697,95.71869762,97.88182019,113.565313,113.1304323,121.9451241,-0.03836197713,-0.3289540624,-0.03366281312,-21.87067211,-22.68408015,-20.54115613
13.80384265,-0.007700544896,-0.2907029456,-0.007265914337,96.25094018,95.31825825,97.48044443,113.038398,112.6087829,121.1395657,-0.04126770935,-0.3326350295,-0.03606722012,-21.4733549,-22.28633208,-20.1725248
14.45439771,-0.007657915093,-0.2907092311,-0.007268822039,95.84945922,94.91747149,97.07889787,112.5033142,112.0791417,120.3339871,-0.04445190705,-0.3366681563,-0.03870231144,-21.07629143,-21.88879219,-19.80190895
15.13561248,-0.007611240753,-0.2907163094,-0.007272072739,95.44784346,94.51633413,96.67716909,111.9598048,111.5412379,119.5283431,-0.04794105994,-0.3410868226,-0.04159008417,-20.67950607,-21.491481,-19.4295155
15.84893192,-0.007560145443,-0.2907242947,-0.007275712095,95.04608148,94.11484071,96.27524545,111.4076376,110.9948232,118.7225889,-0.05176413832,-0.345927511,-0.04475460581,-20.28302547,-21.09442089,-19.05554469
16.59586907,-0.007504219186,-0.2907333198,-0.007279792693,94.64416109,93.7129836,95.87311308,110.8466083,110.439675,117.9166793,-0.05595281746,-0.3512300812,-0.04822220372,-19.88687875,-20.69763627,-18.68018696
17.37800829,-0.007443015784,-0.2907435394,-0.007241715545,94.24206928,93.31075311,95.47075679,110.2765434,109.8755995,117.1105681,-0.06054172074,-0.3570380688,-0.05202167078,-19.49109767,-20.30115382,-18.30362579
18.19700859,-0.007376049994,-0.2907551345,-0.007103985744,93.83979225,92.90813758,95.06816009,109.697303,109.302435,116.3042089,-0.06556868281,-0.3633990067,-0.05618448849,-19.09571694,-19.90500261,-17.92603801
19.05460718,-0.007302794572,-0.2907683163,-0.006953074006,93.43731539,92.50512352,94.66530511,109.1087827,108.7200541,115.4975537,-0.07107503396,-0.3703647702,-0.06074506872,-18.70077445,-19.50921441,-17.54759473
19.95262315,-0.00722267718,-0.2907833327,-0.006787729925,93.0346233,92.10169573,94.26217262,108.5109154,108.1283654,114.6905535,-0.07710590693,-0.3779919495,-0.06574101528,-18.30631151,-19.11382386,-17.16846224
20.89296131,-0.00713507721,-0.2908004747,-0.006606586764,92.63169984,91.69783749,93.858742,107.903672,107.5273154,113.8831578,-0.0837105676,-0.3863422472,-0.07121340665,-17.91237323,-18.71886876,-16.78880208
21.87761624,-0.007039322519,-0.2908200843,-0.006408151098,92.22852819,91.29353078,93.45499123,107.287062,106.8729704,113.0753142,-0.09094277041,-0.3954829052,-0.07720710105,-17.51900875,-18.32439037,-16.40877383
22.90867653,-0.006934686146,-0.2908425645,-0.006190791631,91.82509098,90.88875655,93.05089699,106.6611332,106.1899735,112.2669689,-0.09886113995,-0.4054871584,-0.0837710652,-17.12627167,-17.93043364,-16.02853365
23.98832919,-0.006820383048,-0.2908683906,-0.005952727155,91.42137038,90.48349507,92.64643462,106.0259704,105.4969485,111.4580661,-0.1075295795,-0.4164347188,-0.09095872778,-16.73422034,-17.53704761,-15.64823734
25.11886432,-0.006695566939,-0.2908981242,-0.005692013592,91.01734831,90.07772631,92.24157829,105.3816947,104.794449,110.6485479,-0.1170177074,-0.4284122877,-0.09882835882,-16.34291829,-17.1442857,-15.26804
26.30267992,-0.006559327322,-0.29093243,-0.005406530106,90.61300664,89.67143046,91.83630109,104.7284607,104.0830067,109.8383547,-0.1274013217,-0.4415140964,-0.107443476,-15.95243466,-16.75220607,-14.88809717
27.54228703,-0.006410686854,-0.2909720953,-0.005093964236,90.20832757,89.26458855,91.43057525,104.0664547,103.3631306,109.0274253,-0.1387628936,-0.4558424757,-0.1168732786,-15.56284459,-16.36087206,-14.50856595
28.84031503,-0.00624859918,-0.2910180547,-0.004751796058,89.8032939,88.85718315,91.02437235,103.3958918,102.6353065,108.2156965,-0.1511920894,-0.4715084513,-0.1271931096,-15.17422971,-15.97035255,-14.12960676
30.1995172,-0.006071947481,-0.2910714189,-0.004377281369,89.39788962,88.44919931,90.61766367,102.7170125,101.8999957,107.4031041,-0.1647863203,-0.4886323626,-0.1384849467,-14.78667863,-15.58072245,-13.75138231
31.6227766,-0.005879543983,-0.2911335099,-0.003967433915,88.99210038,88.04062556,90.21042059,102.0300806,101.1576363,106.5895828,-0.1796513195,-0.5073445039,-0.1508379212,-14.40028743,-15.19206309,-13.37405992
33.11311215,-0.005670130781,-0.2912059034,-0.003519006738,88.58591427,87.63145521,89.80261515,101.3353789,100.4086451,105.7750668,-0.1959017433,-0.5277857819,-0.1643488652,-14.01516019,-14.80446278,-12.99781304
34.67368505,-0.005442382438,-0.2912904808,-0.003028472725,88.17932264,87.22168778,89.39422061,100.6332075,99.65341645,104.9594907,-0.2136617957,-0.5501083831,-0.1791228855,-13.63140951,-14.41801725,-12.62281941
36.30780548,-0.005194910937,-0.2913894921,-0.002492004543,87.77232112,86.81133073,88.98521231,99.92387998,98.89232812,104.1427901,-0.2330658707,-0.5744764496,-0.1952739625,-13.24915709,-14.03283021,-12.24926579
38.01893963,-0.004926273746,-0.2915056327,-0.001905454185,87.36491082,86.40040147,88.57556861,99.20772163,98.12573989,103.3249028,-0.2542592088,-0.6010667455,-0.2129255706,-12.86853433,-13.64901386,-11.87734475
39.81071706,-0.004634985999,-0.291642138,-0.001264332497,86.95709976,85.98892963,88.165272,98.48506692,97.3539998,102.50577,-0.2773985609,-0.6300693154,-0.2322113186,-12.48968256,-13.26668948,-11.50725865
41.68693835,-0.004319538094,-0.2918029003,-0.0005637891746,86.5489045,85.57695969,87.7543105,97.75625828,96.57744629,101.6853379,-0.3026528529,-0.6616881133,-0.2532756027,-12.11275411,-12.88598792,-11.13921908
43.65158322,-0.003978420451,-0.2919926125,0.0002014060391,86.14035211,85.16455395,87.3426792,97.02164476,95.79641129,100.8635598,-0.3302038408,-0.6961415912,-0.2762742682,-11.73791244,-12.5070502,-10.77344659
45.70881896,-0.003610157743,-0.2922169484,0.00103687998,85.73148234,84.75179585,86.93038219,96.28158148,95.01122625,100.0403974,-0.3602467457,-0.7336632351,-0.3013752705,-11.36533277,-12.13002804,-10.41017292
47.86300923,-0.003213355721,-0.2924827885,0.001948669115,85.32235018,84.33879376,86.51743471,95.53642971,94.22222601,99.21582444,-0.3929908554,-0.7745020242,-0.3287593287,-10.99520248,-11.75508438,-10.04964058
50.11872336,-0.002786764858,-0.2927985046,0.00294322708,84.91302871,83.92568505,86.10386558,94.7865575,93.42975393,98.38982849,-0.428660079,-0.8189227966,-0.3586205577,-10.62772152,-11.38239384,-9.69210308
52.48074602,-0.002329366583,-0.2931743231,0.004027424026,84.50361239,83.51264064,85.6897201,94.03234092,92.63416756,97.56241478,-0.4674934347,-0.8672064989,-0.391167069,-10.26310266,-11.01214323,-9.337825215
54.95408739,-0.001840490054,-0.29362279,0.005208533976,84.0942206,83.09986996,85.27506325,93.27416598,91.83584507,96.73360955,-0.5097454549,-0.9196502968,-0.4266215231,-9.901571775,-10.64453187,-8.987083591
57.54399373,-0.001319970459,-0.2941593739,0.006494204938,83.68500173,82.68762621,84.85998324,92.51243115,91.03519007,95.90346405,-0.5556864841,-0.976567518,-0.4652216171,-9.543367829,-10.27977193,-8.640165119
60.25595861,-0.0007683642081,-0.2948032519,0.007892404319,83.27613755,82.27621207,84.44459551,91.74755051,90.23263979,95.0720589,-0.6056028504,-1.038287411,-0.5072204893,-9.18874286,-9.918088606,-8.297368229
63.09573445,-0.0001872425098,-0.2955783458,0.009411329195,82.86784802,81.86598569,84.02904718,90.97995744,89.42867014,94.23950881,-0.6597968825,-1.105154683,-0.5528870182,-8.83796172,-9.559720238,-7.959000668
66.0693448,0.0004204063365,-0.2965146988,0.01105926659,82.46039654,81.45736698,83.6135218,90.210109,88.6238043,93.40596761,-0.718586751,-1.17752881,-0.6025059948,-8.491301634,-9.204918215,-7.62538029
69.18309709,0.001049623014,-0.2976503206,0.01284438274,82.05409544,81.05084414,83.19824456,89.43849072,87.81861674,92.57163361,-0.7823061061,-1.255783071,-0.6563781423,-8.149051532,-8.853946754,-7.296831123
72.44359601,0.00169271062,-0.2990336815,0.01477441138,81.64931201,80.6469804,82.78348789,88.665622,87.01374335,91.7367552,-0.8513034895,-1.340303334,-0.7148199597,-7.811511133,-8.507082463,-6.973684978
75.8577575,0.002338168491,-0.3007271088,0.01685619821,81.24647465,80.24642088,82.36957735,87.89206189,86.20988599,90.90163665,-0.9259414973,-1.431486533,-0.7781633643,-7.478989753,-8.164613689,-6.656277439
79.43282347,0.002969202078,-0.302811446,0.01909504038,80.84607948,79.84989954,81.95689788,87.1184153,85.40782002,90.06664397,-1.006595677,-1.52973887,-0.8467551073,-7.151804822,-7.826839605,-6.344946611
83.17637711,0.003561630788,-0.3053924827,0.02149373307,80.44869702,79.45824621,81.54590029,86.3453396,84.60839971,89.23221096,-1.09365314,-1.635473728,-0.9209559429,-6.830280092,-7.494069042,-6.040029699
87.096359,0.00408093826,-0.3086098792,0.02405119677,80.05497925,79.07239359,81.13710802,85.57355146,83.81256541,88.39884506,-1.187510895,-1.749109326,-1.00113953,-6.514743569,-7.166619011,-5.741861318
91.20108394,0.004478098149,-0.3126496069,0.02676050375,79.66566668,78.6933842,80.73112402,84.80383388,83.02134837,87.56713326,-1.288573882,-1.871066127,-1.087691054,-6.20552493,-6.84481293,-5.450769681
95.4992586,0.004683648237,-0.317761354,0.02960604157,79.28159561,78.32237726,80.32863784,84.03704356,82.23587596,86.73774784,-1.397252742,-2.001764053,-1.18100556,-5.902953037,-6.528978529,-5.167073456
100,0.004599255769,-0.3242829339,0.03255943625,78.90370554,77.96065527,79.93043276,83.27411819,81.45737598,85.91145182,-1.51396133,-2.141619556,-1.281486002,-5.607352764,-6.219445445,-4.891078352
104.7128548,0.004085687831,-0.3326745569,0.03557369061,78.53304653,77.60963023,79.53739312,82.51608377,80.68717945,85.08910431,-1.639114003,-2.291042603,-1.389541011,-5.319041785,-5.916542505,-4.623073212
109.6478196,0.002945631883,-0.3435669321,0.03857475295,78.17078663,77.27084907,79.15051157,81.76406178,79.92672258,84.27166555,-1.773122746,-2.450433669,-1.505582416,-5.038327112,-5.620594736,-4.363326845
114.8153621,0.0008991485846,-0.357828636,0.04144938635,77.81821917,76.94599753,78.77089658,81.01927607,79.1775453,83.46020169,-1.916394179,-2.620180796,-1.630022533,-4.765501571,-5.331920111,-4.112084218
120.2264435,-0.002451388953,-0.3766600364,0.04402771462,77.47676974,76.63690144,78.39977987,80.28305872,78.44128565,82.65588921,-2.06932652,-2.800656825,-1.763271296,-4.500839872,-5.050826112,-3.869562921
125.8925412,-0.007671293733,-0.4017232218,0.04605812054,77.14800248,76.34552321,78.03852389,79.55685516,77.71966755,81.86001931,-2.2323066,-2.99221689,-1.905733261,-4.244595412,-4.777606442,-3.635950172
131.8256739,-0.0155646433,-0.4353195388,0.04717118487,76.8336249,76.07395006,77.68862926,78.84222625,77.01447733,81.07399999,-2.405706987,-3.195196248,-2.057804564,-3.996996349,-4.512536139,-3.411400123
138.0384265,-0.0272747971,-0.480627616,0.04682798975,76.53549003,75.82436807,77.35174163,78.14084698,76.32752149,80.29936029,-2.589883345,-3.409908533,-2.219869935,-3.758242594,-4.255869806,-3.196031308
144.5439771,-0.04442537917,-0.5420133142,0.04424626333,76.25559359,75.59901223,77.02965764,77.45449769,75.66055522,79.53774931,-2.785172085,-3.636644489,-2.392299817,-3.528502458,-4.007836826,-2.989924911
151.3561248,-0.06931553915,-0.6254153193,0.03829544419,75.99606239,75.4000762,76.72432856,76.78504447,75.0151627,78.79093349,-2.991888414,-3.875671229,-2.575447708,-3.307910405,-3.768638355,-2.793123331
158.4893192,-0.1051852597,-0.7387901674,0.02734883443,75.7591275,75.22955526,76.43785967,76.13439987,74.39256132,78.06078745,-3.210324849,-4.127232059,-2.76964781,-3.09656472,-3.538444301,-2.605629802
165.9586907,-0.1565654188,-0.8925601982,0.009077934555,75.54707142,75.0889791,76.17250157,75.50445212,73.79328391,77.34927446,-3.440750241,-4.391546841,-2.975213065,-2.894525956,-3.317390695,-2.427408294
173.7800829,-0.2297189028,-1.099940321,-0.01982816081,75.3621313,74.97896535,75.93062716,74.89694223,73.21667132,76.6584092,-3.683409358,-4.668812879,-3.192433657,-2.70181586,-3.105577551,-2.258383906
181.9700859,-0.333155774,-1.376929068,-0.06403438982,75.20632862,74.89848709,75.71468346,74.31325654,72.6600782,75.99019055,-3.938523049,-4.9592063,-3.421576031,-2.518417316,-2.903067264,-2.098444508
190.5460718,-0.4781566639,-1.741671949,-0.1300293476,75.08117702,74.84370004,75.52710009,73.75408167,72.11766479,75.34648492,-4.206288949,-5.26288383,-3.662882481,-2.344274435,-2.709883618,-1.947442414
199.5262315,-0.6791545575,-2.21292578,-0.2266742816,74.9871905,74.80613681,75.37012385,73.21884158,71.57865274,74.7288275,-4.486882722,-5.579984886,-3.9165713,-2.17929352,-2.52601143,-1.805196669
208.9296131,-0.9537113549,-2.807584426,-0.3657587367,74.92307161,74.77011577,75.24552896,72.70479707,71.02503605,74.13809003,-4.780459759,-5.91063388,-4.182837514,-2.023344665,-2.351396875,-1.671495828
218.7761624,-1.321729617,-3.5376992,-0.5623968376,74.88440602,74.70950456,75.15411997,72.20564974,70.42912036,73.57393361,-5.087157263,-6.254942621,-4.461854126,-1.876263743,-2.1859483,-1.546101127
229.0867653,-1.803576605,-4.407930614,-0.8349725901,74.86165052,74.58484143,75.09489649,71.70949054,69.75210668,73.03392547,-5.407096624,-6.613012725,-4.753773855,-1.737855076,-2.029537768,-1.428749728
239.8832919,-2.417115062,-5.414475436,-1.204240649,74.83726286,74.34345914,75.06368513,71.19607272,68.94612685,72.51215464,-5.740385953,-6.984937865,-5.058731264,-1.607894242,-1.882003289,-1.319158359
251.1886432,-3.174251821,-6.545962737,-1.691243338,74.78219948,73.92674128,75.05098911,70.63388725,67.96246842,71.9971678,-6.087122698,-7.370805834,-5.376845177,-1.486131343,-1.743151166,-1.217026801
263.0267992,-4.07821129,-7.785905114,-2.314078848,74.653073,73.28662528,75.03885148,69.97864245,66.76580904,71.46916789,-6.447396184,-7.770700292,-5.708221284,-1.372294409,-1.612758888,-1.122041427
275.4228703,-5.122746484,-9.115684935,-3.084249157,74.39317104,72.40515349,74.99692051,69.17629954,65.34793937,70.89689235,-6.821289999,-8.184702148,-6.052954839,-1.266092928,-1.490578477,-1.033878752
288.4031503,-6.293673744,-10.51710482,-4.003935781,73.94188648,71.3031623,74.87910052,68.17397344,63.73130355,70.23572411,-7.208884117,-8.612890546,-6.411133282,-1.167221334,-1.376339779,-0.9522087828
301.995172,-7.571994588,-11.97401718,-5.065461438,73.25377187,70.03054245,74.62442896,66.93749269,61.95949039,69.43027585,-7.61025667,-9.055343441,-6.782838724,-1.075362532,-1.269753954,-0.8766978214
316.227766,-8.937298632,-13.47303699,-6.253207428,72.31837827,68.64650162,74.16754806,65.46607024,60.08205907,68.42515007,-8.025485329,-9.512137774,-7.168150169,-0.990191233,-1.170517105,-0.807011884
331.1311215,-10.37040227,-15.00359777,-7.547056462,71.16555819,67.20356669,73.46027729,63.79263599,58.14285013,67.18319666,-8.454648246,-9.983349303,-7.567145399,-0.9113770329,-1.078313697,-0.7428189108
346.7368505,-11.85483946,-16.55764693,-8.925934308,69.85145078,65.74088371,72.4937299,61.96954627,56.17504009,65.70158275,-8.89782455,-10.46905216,-7.979902459,-0.8385875228,-0.9928197875,-0.6837915588
363.0780548,-13.37735371,-18.12920361,-10.37041518,68.43720725,64.2843928,71.30304993,60.05091042,54.2011556,64.01307641,-9.355094423,-10.9693182,-8.406500695,-0.7714908673,-0.9137061625,-0.6296086228
380.1893963,-14.92775077,-19.71391122,-11.86409075,66.97422234,62.84978438,69.9503238,58.08136265,52.23522604,62.1714229,-9.8265388,-11.48421631,-8.847021344,-0.709758242,-0.8406416448,-0.5799572876
398.1071706,-16.49844729,-21.30864618,-13.39393032,65.49930093,61.44571001,68.50076311,56.09277514,50.28524991,60.23261024,-10.31223876,-12.01381176,-9.301547682,-0.6530661077,-0.7732952439,-0.5345353041
416.8693835,-18.08393945,-22.91120199,-14.95003221,64.03604043,60.07632151,67.00745978,54.10567106,48.35523137,58.24283227,-10.81227472,-12.55816569,-9.770164783,-0.6010978416,-0.7113388485,-0.4930506956
436.5158322,-19.68030926,-24.52004616,-16.52510924,62.59825676,58.74302924,65.50731233,52.13213558,46.44665178,56.23494774,-11.32672551,-13.11733499,-10.25295894,-0.5535457911,-0.6544497599,-0.4552241897
457.0881896,-21.28481469,-26.1341391,-18.11392515,61.19325305,57.44563956,64.02327479,50.17856425,44.55945745,54.22997457,-11.85566752,-13.69137262,-10.75001684,-0.5101122945,-0.6023113546,-0.4207898
478.6300923,-22.89557042,-27.7528018,-19.71278868,59.82426567,56.18306271,62.56832763,48.2477414,42.69269627,52.24017158,-12.39917393,-14.28032845,-11.26142466,-0.4705108326,-0.554616103,-0.389494857
501.1872336,-24.51130906,-29.37562097,-21.31914239,58.49210489,54.95374261,61.14899579,46.34025763,40.84491858,50.27192892,-12.95731439,-14.88425083,-11.78726707,-0.4344671674,-0.5110661176,-0.3611008837
524.8074602,-26.13120722,-31.00238166,-22.93124752,57.19619355,53.75591262,59.76787527,44.45542402,39.01442332,48.32793892,-13.53015496,-15.50318898,-12.32762645,-0.4017201219,-0.4713745605,-0.3353837698
549.5408739,-27.75476114,-32.63302008,-24.54795104,55.93520273,52.58774462,58.42527864,42.59184194,37.19940603,46.40866583,-14.1177588,-16.13719614,-12.88258237,-0.3720216394,-0.435266649,-0.3121339523
575.4399373,-29.38169905,-34.26759107,-26.16851776,54.70743194,51.4474334,57.12025261,40.74775107,35.39804478,44.51328628,-14.72018736,-16.78633371,-13.45221142,-0.345137715,-0.4024795716,-0.291156292
602.5595861,-31.01192006,-35.90624607,-27.79251131,53.51103173,50.33324249,55.85118764,38.92123626,33.60854739,42.64027421,-15.33750255,-17.45067632,-14.03658767,-0.3208485512,-0.3727648025,-0.2722698399
630.9573445,-32.6454523,-37.54921888,-29.41971102,52.34413095,49.24352697,54.61617478,37.11034664,31.82917445,40.78775107,-15.96976955,-18.13031782,-14.63578367,-0.2989480092,-0.3458861121,-0.2553075565
660.693448,-34.2824245,-39.19681695,-31.05005453,51.2049069,48.17674325,53.4132099,35.31316263,30.0582479,38.95369747,-16.61706074,-18.82537838,-15.24987241,-0.2792445523,-0.3216227878,-0.2401164151
691.8309709,-35.92304742,-40.84941693,-32.68359866,50.0916216,47.13145133,52.24030669,33.52782853,28.29414915,37.13606905,-17.27946043,-19.53601249,-15.87892989,-0.2615603972,-0.2997664182,-0.226556431
724.4359601,-37.56760222,-42.5074635,-34.32049337,49.00263859,46.10631319,51.09555641,31.75256597,26.53531234,35.33286449,-17.95707072,-20.26241807,-16.52303881,-0.2457315466,-0.2801235437,-0.214500569
758.577575,-39.2164338,-44.17147079,-35.9609648,47.93642847,45.10008933,49.97715653,29.98567505,24.78021306,33.54215625,-18.65001823,-21.00484661,-17.18229314,-0.2316074122,-0.2625144366,-0.2038337171
794.3282347,-40.86994801,-45.84202605,-37.60530495,46.8915686,44.11163474,48.88342176,28.22552839,23.02735614,31.76210255,-19.358462,-21.7636145,-17.85680366,-0.2190505448,-0.2467726907,-0.194453164
831.7637711,-42.52861168,-47.51979538,-39.25386604,45.86673961,43.13989474,47.81278552,26.47056047,21.27525984,29.99094842,-20.0826023,-22.53911559,-18.54670466,-0.2079360511,-0.2327459093,-0.1862672508
870.96359,-44.19295495,-49.20553138,-40.90705841,44.86072087,42.18390134,46.76379652,24.71925474,19.52243968,28.22701739,-20.82269063,-23.3318351,-19.25216151,-0.1981513585,-0.2202940777,-0.1791950149
912.0108394,-45.86357567,-50.90008298,-42.56535109,43.87238565,41.24277005,45.73511304,22.97012867,17.76739115,26.4687017,-21.57904083,-24.14236517,-19.97337946,-0.1895954924,-0.2092905671,-0.17316614
954.992586,-47.54114556,-52.60440737,-44.22927456,42.90069656,40.31569736,44.72549669,21.22171788,16.00856964,24.71444742,-22.35204138,-24.9714223,-20.71061347,-0.1821787967,-0.1996206134,-0.1681197773
1000,-49.22641819,-54.31958464,-45.89942537,41.94470165,39.40195859,43.73380632,19.47255907,14.24437036,22.96273948,-23.14216913,-25.81986698,-21.46417918,-0.1758222855,-0.191181156,-0.164005076
1047.128548,-50.92023886,-56.04683539,-47.5764725,41.00353106,38.50090655,42.75899256,17.72117211,12.47310377,21.21208597,-23.95000459,-26.68872608,-22.2344652,-0.1704573962,-0.1838810646,-0.1607798459
1096.478196,-52.6235566,-57.78754193,-49.26116538,40.07639448,37.61197034,41.80009322,15.96604042,10.69297,19.46099941,-24.77624894,-27.57921857,-23.02194674,-0.1660252152,-0.1776393204,-0.1584110041
1148.153621,-54.33743855,-59.54327405,-50.9543439,39.16257914,36.73465463,40.85622945,14.20559019,8.902028005,17.70798005,-25.62174338,-28.49278538,-23.82720075,-0.1624763046,-0.172386077,-0.1568739075
1202.264435,-56.06308721,-61.31582025,-52.65695027,38.26144834,35.86853892,39.92660284,12.43816741,7.098160629,15.95149498,-26.48749088,-29.43112417,-24.65092299,-0.1597704688,-0.1680609222,-0.1561525201
1258.925412,-57.80186115,-63.107226,-54.37004331,37.37244057,35.01327698,39.01049315,10.66201167,5.2790322,14.18995775,-27.37468133,-30.39623096,-25.49394711,-0.1578760807,-0.1646131358,-0.1562387918
1318.256739,-59.55529992,-64.919841,-56.09481559,36.49506878,34.16859519,38.10725669,8.875226898,3.442038806,12.42170533,-28.28472046,-31.39044904,-26.35726637,-0.1567701344,-0.1620013587,-0.1556918989
1380.384265,-61.32515424,-66.75637797,-57.83261382,35.62891994,33.3342901,37.21632525,7.07574701,1.58424644,10.64497205,-29.21926371,-32.41652827,-27.24205851,-0.1564378668,-0.160193094,-0.1553057368
1445.439771,-63.11342284,-68.61998675,-59.58496346,34.77365435,32.51022336,36.33720535,5.261295749,-0.29768531,8.857860177,-30.180256,-33.47769684,-28.14971441,-0.156872846,-0.1613898766,-0.1556857687
1513.561248,-64.92239777,-70.5143486,-61.35359848,33.92900456,31.69631213,35.46947763,3.429338114,-2.207599474,7.05830638,-31.1699792,-34.57774826,-29.08187151,-0.158076722,-0.1647952834,-0.1568333231
1584.893192,-66.75472065,-72.44379804,-63.14049758,33.0947729,30.89251194,34.61279627,1.577021642,-4.149965224,5.244041388,-32.19110869,-35.72114831,-30.04045317,-0.1600594302,-0.1690956632,-0.1587579627
1659.586907,-68.61345322,-74.41348255,-64.94792871,32.2708268,30.09878611,33.76688746,-0.298896495,-6.130038876,3.412542804,-33.24678179,-36.913166,-31.02771506,-0.1628392572,-0.1743353504,-0.1606414365
1737.800829,-70.50216705,-76.42957542,-66.77850431,31.45708962,29.31505071,32.93154724,-2.202140963,-8.154077716,1.560976606,-34.34068039,-38.16003333,-32.04630105,-0.166443104,-0.1805686486,-0.1626585365
1819.700859,-72.42505877,-78.49956502,-68.63525051,30.65352449,28.54107758,32.10663614,-4.137035252,-10.22963008,-0.3138739359,-35.47713199,-39.46913953,-33.0993097,-0.1709066851,-0.1878603834,-0.1654606818
1905.460718,-74.38710064,-80.63265658,-70.52169488,29.8601044,27.77632106,31.29207026,-6.10865334,-12.3659377,-2.215698361,-36.661232,-40.84926174,-34.19037534,-0.1762750589,-0.1962865635,-0.1690742131
1995.262315,-76.39424034,-82.84034438,-72.44197911,29.07675973,27.01960342,30.487804,-8.123020536,-14.57450813,-4.148773154,-37.89899258,-42.31082549,-35.32376562,-0.1826030569,-0.205935169,-0.1735344608
2089.296131,-78.45367106,-85.13725052,-74.40100596,28.30328511,26.26853475,29.6938003,-10.18738433,-16.86995373,-6.118110177,-39.19752106,-43.86616769,-36.50450046,-0.1899558774,-0.2169069736,-0.1788859608
2187.761624,-80.57420461,-87.54239699,-76.40463381,27.5391734,25.51841281,28.90997667,-12.31058794,-19.27126361,-8.129652141,-40.56522831,-45.52971559,-37.7384945,-0.1984097625,-0.2293164582,-0.1851831068
2290.867653,-82.76679912,-90.08121342,-78.45993921,26.78331519,24.76007678,28.13611134,-14.50359829,-21.80381124,-10.19053605,-42.01205769,-47.31786063,-39.03272747,-0.2080527925,-0.2432927356,-0.1924906173
2398.832919,-85.04532688,-92.78886054,-80.57557849,26.03344866,23.97557822,27.37167423,-16.78027402,-24.50267761,-12.30945525,-43.54970513,-49.2479751,-40.3954389,-0.2189856712,-0.2589805006,-0.2008843204
2511.886432,-87.42772825,-95.7160571,-82.76229791,25.28512211,23.12913171,26.61552762,-19.15851919,-27.41847782,-14.49717009,-45.19173961,-51.33522765,-41.83634122,-0.2313226715,-0.2765409431,-0.2104517378
2630.267992,-89.93781334,-98.94003046,-85.03367326,24.52968724,22.14768095,25.86537019,-21.66208477,-30.62831133,-16.76724745,-46.95340583,-53.5841536,-43.36680725,-0.2451925683,-0.2961525859,-0.2212931199
2754.228703,-92.60820577,-102.5868686,-87.40721679,23.75029867,20.87885632,25.1167067,-24.32351217,-34.25811379,-19.13716776,-48.850583,-55.9689829,-44.99995268,-0.2607395857,-0.3180119863,-0.2335221779
2884.031503,-95.48542143,-106.8812353,-89.90609703,22.91367485,19.00429881,24.36085718,-27.1892115,-38.5323719,-21.63004459,-50.89665485,-58.39641199,-46.75037553,-0.2781243363,-0.3423341691,-0.2472671227
3019.95172,-98.63922285,-112.2553273,-92.56193145,21.95274657,15.89532909,23.58101771,-30.32881565,-43.88308136,-24.277417,-53.09456769,-60.66910483,-48.63302845,-0.2975246757,-0.369352789,-0.2626715957
3162.27766,-102.1812368,-119.194482,-95.41956689,20.73006589,10.83269712,22.74424185,-33.85379755,-50.79535455,-27.12402964,-55.41892866,-62.54950111,-50.6600128,-0.3191364276,-0.39931984,-0.2798956097
3311.311215,-106.305169,-121.8529333,-98.54579454,18.96475601,9.636605854,21.78476462,-37.95768491,-53.42317766,-30.2365474,-57.78313642,-64.00728363,-52.83266443,-0.3431738566,-0.4325047694,-0.2991163868
3467.368505,-111.3748207,-118.4516998,-102.0464528,16.11316162,14.42432431,20.56955572,-43.00407661,-49.98730096,-33.72065794,-60.00747622,-65.37847488,-55.12423539,-0.3698698834,-0.4691928813,-0.3205291269
3630.780548,-117.9308586,-118.3360523,-106.1026335,11.41521791,11.06430479,18.8315077,-49.53341359,-49.94075461,-37.75727782,-61.87090128,-67.21524638,-57.44911401,-0.3994758013,-0.5096829671,-0.3443474595
3801.893963,-122.5169978,-122.9690619,-111.0476838,8.279408772,7.910807273,21.84222176,-54.08916258,-54.53406296,-42.67955473,-63.32212197,-70.05492173,-59.63490641,-0.4322605071,-0.5542838243,-0.3708036623
3981.071706,-119.5351472,-120.2627106,-115.7804477,12.5800737,11.56450431,23.98379054,-51.07296333,-51.80047688,-47.18509784,-64.63475922,-72.30902919,-61.47352131,-0.4685089981,-0.6033096872,-0.4001484485
4168.693835,-117.2964443,-122.4442254,-116.1934891,16.48050006,7.946892134,19.33438056,-48.79566586,-54.01999517,-47.54445288,-66.28237985,-68.22320285,-62.91596342,-0.5085199866,-0.6570744614,-0.4326501207
4365.158322,-116.3888882,-119.9219603,-115.9329152,19.82885595,11.77881796,20.41313568,-47.84496713,-51.46388903,-47.39233919,-68.70695658,-69.16533934,-63.09601816,-0.5526026461,-0.7158847187,-0.468593144
4570.881896,-116.2882319,-117.6153671,-115.8841491,22.18397978,9.63487757,22.94261965,-47.69630831,-49.11921977,-47.2958709,-71.02335904,-71.63390514,-59.11365029,-0.6010721183,-0.7800313775,-0.5082758462
4786.300923,-116.647387,-117.0260143,-116.2272089,19.07886935,7.018892018,19.93869304,-48.00228468,-48.38028814,-47.45684668,-68.40484518,-68.83520842,-55.95745847,-0.6542438725,-0.8497803539,-0.5520070595
5011.872336,-117.1290678,-117.4638245,-115.163082,13.73876088,5.560087569,21.4410944,-48.42529744,-48.75923633,-46.24107316,-63.53825182,-70.44384856,-53.35088641,-0.7124268822,-0.9253623714,-0.600101778
5248.074602,-117.3081777,-117.58583,-113.7362842,9.554086387,4.773961402,18.85636914,-48.5399484,-48.81656635,-44.73020108,-59.51224809,-68.33933359,-51.13156995,-0.7759154326,-1.006962164,-0.6528755497
5495.408739,-116.8249577,-117.280574,-112.2892568,6.834525263,4.294730563,13.6609199,-47.98619819,-48.58364236,-43.192404,-56.29600246,-63.61565839,-49.20085107,-0.8449799656,-1.09470779,-0.7106376515
5754.399373,-115.7012241,-117.4503305,-110.9481589,5.312395155,3.93319336,9.477515048,-46.78561417,-48.68952834,-41.75376433,-53.64155084,-59.58400173,-47.49500895,-0.9198570423,-1.188660374,-0.7736831046
6025.595861,-114.2608172,-116.9699604,-109.7507197,4.502959179,3.608598472,6.737344241,-45.26183058,-48.13923044,-40.45201035,-51.38602158,-56.34955399,-45.97061529,-1.000738688,-1.288805058,-0.8422834938
6309.573445,-112.7881351,-115.8531282,-108.6966653,4.021305891,3.29054551,5.194416263,-43.6990797,-46.94615089,-39.28693647,-49.42777499,-53.68044075,-44.59674137,-1.087764013,-1.395046116,-0.9166791251
6606.93448,-111.4199537,-114.4168159,-107.7726608,3.665177264,2.969689668,4.371089246,-42.23407683,-45.42708764,-38.24541206,-47.70069175,-51.41442909,-43.35054104,-1.181000276,-1.507192525,-0.9970604129
6918.309709,-110.1980054,-112.9446434,-106.9624334,3.348115485,2.64502953,3.882200809,-40.9085278,-43.86549328,-37.31141497,-46.15966813,-49.44889728,-42.21462791,-1.280446973,-1.624970455,-1.083569538
7244.359601,-109.1229017,-111.5748357,-106.2504396,3.037652519,2.318594011,3.523187778,-39.72311369,-42.3995011,-36.46976016,-44.77261344,-47.71685409,-41.17540958,-1.386019793,-1.748014738,-1.176282298
7585.77575,-108.1811113,-110.350335,-105.6229754,2.723814608,1.993265426,3.205776728,-38.66446077,-41.07203484,-35.70719064,-43.5158712,-46.17256786,-40.22200909,-1.497547777,-1.875875791,-1.275201242
7943.282347,-107.3558866,-109.2724155,-105.0683286,2.405475597,1.671905023,2.89641981,-37.71606622,-39.88442758,-35.0125183,-42.37147249,-44.78351745,-39.34554077,-1.614775095,-2.0080314,-1.380252213
8317.637711,-106.6312012,-108.3278585,-104.5766038,2.084708781,1.357023139,2.584540815,-36.86225268,-38.82361875,-34.37645773,-41.32538272,-43.5257286,-38.53857935,-1.737345818,-2.143880188,-1.491264124
8709.6359,-105.9929351,-107.5000489,-104.1394622,1.7644824,1.0506889,2.268669313,-36.08932373,-37.87322893,-33.79132577,-40.36640748,-42.38100975,-37.79483899,-1.864832228,-2.282779725,-1.60798968
9120.108394,-105.4290368,-106.7730059,-103.749865,1.447743296,0.754529145,1.950676576,-35.38573761,-37.0176074,-33.25078969,-39.4854073,-41.33517338,-37.10889101,-1.996725646,-2.424043518,-1.730090803
9549.92586,-104.9293396,-106.1326152,-103.4018479,1.137077585,0.4697676599,1.633406395,-34.74190949,-36.2430566,-32.74962273,-38.67477614,-40.37689348,-36.4759824,-2.132450295,-2.566960218,-1.857146337
10000,-104.4852886,-105.5668138,-103.0903339,0.83461438,0.1972763834,1.319723615,-34.14992681,-35.53801097,-32.28350124,-37.92806924,-39.49693165,-35.89189818,-2.271375324,-2.71080862,-1.988658815
10471.28548,-104.0896716,-105.0654162,-102.8109793,0.5420285918,-0.06237251337,1.012158853,-33.60326755,-34.89285455,-31.84883655,-37.23973546,-38.68760376,-35.35285916,-2.412828345,-2.854872031,-2.124064032
10964.78196,-103.7363854,-104.619847,-102.5600495,0.260582029,-0.3088578455,0.7128013949,-33.09655149,-34.29964188,-31.44263685,-36.60492252,-37.94240166,-34.85544564,-2.556109793,-2.998451493,-2.262742613
11481.53621,-103.4202398,-104.2228745,-102.3343176,-0.008823276736,-0.5420654544,0.4232965421,-32.62533041,-33.75181901,-31.06239405,-36.01933418,-37.25572225,-34.39654011,-2.700507454,-3.140877476,-2.404033124
12022.64435,-103.1367989,-103.868377,-102.1309833,-0.2655905061,-0.7620492297,0.1448843956,-32.18591486,-33.24397631,-30.70599164,-35.47912494,-36.62267137,-33.97328422,-2.845310486,-3.281519738,-2.547246043
12589.25412,-102.8822515,-103.5511476,-101.9476056,-0.5093790651,-0.9689987603,-0.1215504034,-31.77523926,-32.77164649,-30.37163727,-34.98081904,-36.0389168,-33.5830436,-2.989823705,-3.41979651,-2.69167917
13182.56739,-102.6533075,-103.2667358,-101.7820486,-0.7400611986,-1.163212805,-0.3754275667,-31.39071469,-32.33110203,-30.05776808,-34.52125036,-35.50058082,-33.2233811,-3.133373783,-3.5551754,-2.836625833
13803.84265,-102.4471136,-103.0113177,-101.6324366,-0.9576755476,-1.345067446,-0.6164142625,-31.03017893,-31.91925573,-29.76304902,-34.09752541,-35.0041684,-32.89204385,-3.275329719,-3.68718757,-2.981398354
14454.39771,-102.2611841,-102.781592,-101.4971169,-1.162403729,-1.515006587,-0.8443912755,-30.69179784,-31.5335252,-29.48630835,-33.70696987,-34.54648779,-32.5869291,-3.415095704,-3.815415837,-3.125323847
15135.61248,-102.0933452,-102.5746952,-101.3746286,-1.354531509,-1.673514675,-1.059404809,-30.37399369,-31.17172873,-29.22649758,-33.34712393,-34.12462772,-32.30609138,-3.552133527,-3.939510796,-3.26777054
15848.93192,-101.9416887,-102.388133,-101.2636772,-1.534429797,-1.82110826,-1.261638088,-30.07540496,-30.83201921,-28.98267571,-33.01570638,-33.73590721,-32.04771746,-3.68595712,-4.059181073,-3.408145631
16595.86907,-101.8045339,-102.219724,-101.1631122,-1.70253242,-1.958322733,-1.451381178,-29.79484152,-30.5128179,-28.7539853,-32.71060081,-33.37785179,-31.8101197,-3.816137998,-4.174194236,-3.545904259
17378.00829,-101.6803963,-102.0675533,-101.0719092,-1.859317141,-2.085701191,-1.629004839,-29.53124858,-30.21276058,-28.5396337,-32.42984286,-33.04817324,-31.59172866,-3.942308372,-4.284375939,-3.680555977
18197.00859,-101.5679602,-101.9299344,-100.9891539,-2.005298567,-2.203793196,-1.794947729,-29.28368705,-29.93066355,-28.33888705,-32.17160191,-32.74474535,-31.39107975,-4.064154417,-4.389600555,-3.811660649
19054.60718,-101.4660572,-101.8053773,-100.9140286,-2.141003112,-2.315787236,-1.942864233,-29.05129166,-29.66546892,-28.15104145,-31.93417902,-32.46559806,-31.2068136,-4.181426504,-4.489797663,-3.938841969
19952.62315,-101.373647,-101.6925619,-100.845801,-2.266972144,-2.442478623,-2.06904068,-28.83329189,-29.41625621,-27.97545217,-31.71599208,-32.20889901,-31.03766452,-4.293927283,-4.58493888,-4.061777363
20892.96131,-101.2898014,-101.5903158,-100.7838141,-2.383744755,-2.559930874,-2.186010578,-28.62894766,-29.18216863,-27.81147929,-31.51557324,-31.97294881,-30.88245935,-4.401516615,-4.675040331,-4.180205409
21877.61624,-101.2136906,-101.4975948,-100.7274774,-2.491859118,-2.668683639,-2.294312059,-28.43758078,-28.96243823,-27.65852416,-31.33155098,-31.75616055,-30.74010244,-4.50410057,-4.760151194,-4.293916077
22908.67653,-101.1445714,-101.4189354,-100.6762597,-2.591841747,-2.769264733,-2.394471852,-28.25852859,-28.75633257,-27.51599053,-31.16265533,-31.55706408,-30.60958116,-4.601634108,-4.840354915,-4.402755215
23988.32919,-101.0817772,-101.3566255,-100.6296828,-2.684203938,-2.862186924,-2.487001423,-28.09117378,-28.56318042,-27.38331721,-31.0077076,-31.37429425,-30.48995718,-4.694116195,-4.915763945,-4.506620735
25118.86432,-101.0247092,-101.2999948,-100.587315,-2.76944325,-2.947949368,-2.57239852,-27.9349217,-28.38234474,-27.25995941,-30.86560865,-31.20657768,-30.38035656,-4.781580324,-4.986510763,-4.605453577
26302.67992,-100.9728286,-101.2485094,-100.5487669,-2.848034623,-3.027028494,-2.651138409,-27.78918882,-28.21320701,-27.14538096,-30.73534498,-31.0527387,-30.27997557,-4.864098304,-5.052750972,-4.699242645
27542.28703,-100.9256503,-101.2016885,-100.5136867,-2.920435769,-3.099883771,-2.723679003,-27.65343297,-28.05519755,-27.03908414,-30.61597116,-30.91167927,-30.18806532,-4.941767497,-5.114651967,-4.78801087
28840.31503,-100.8827368,-101.1590986,-100.4817562,-2.987082753,-3.166952852,-2.790456762,-27.52710136,-27.90773367,-26.94056284,-30.5066139,-30.78238713,-30.10393572,-5.014710852,-5.172393195,-4.87181982
30199.5172,-100.8436934,-101.1203482,-100.4526875,-3.048385913,-3.228647764,-2.85188235,-27.40967234,-27.77027179,-26.84934261,-30.40646645,-30.66392121,-30.0269507,-5.083075129,-5.226164926,-4.950759634
31622.7766,-100.8081632,-101.0850836,-100.4262198,-3.104735489,-3.285360417,-2.908346359,-27.30063525,-27.64227513,-26.76496226,-30.31478074,-30.55541117,-29.95652143,-5.147021632,-5.276160643,-5.024947377
33113.11215,-100.7758239,-101.0529852,-100.4021169,-3.156500337,-3.337461364,-2.960217968,-27.19951012,-27.52323869,-26.68699223,-30.23086534,-30.45605088,-29.89210478,-5.206724446,-5.322576126,-5.094520784
34673.68505,-100.7463835,-101.0237634,-100.3801645,-3.204024823,-3.385296567,-3.007841954,-27.10581048,-27.41264796,-26.61500093,-30.15408317,-30.36509661,-29.83320141,-5.262369193,-5.365609058,-5.159637496
36307.80548,-100.719578,-100.9971562,-100.3601685,-3.247632683,-3.429191352,-3.051542419,-27.01907917,-27.31001679,-26.54858712,-30.08384577,-30.28186059,-29.77935091,-5.314147184,-5.405454661,-5.2204683
38018.93963,-100.6951678,-100.9729262,-100.3419524,-3.287627099,-3.469450485,-3.091622868,-26.9388845,-27.21488319,-26.48737596,-30.01961003,-30.20570737,-29.73012907,-5.362253374,-5.442304683,-5.277194453
39810.71706,-100.672936,-100.950858,-100.3253561,-3.324290163,-3.506357494,-3.128365809,-26.8647926,-27.12677956,-26.43099398,-29.96087668,-30.13605208,-29.68514676,-5.406884815,-5.476346808,-5.330005471
41686.93835,-100.6526857,-100.9307563,-100.3102343,-3.357885896,-3.54017788,-3.162035567,-26.79641026,-27.04527907,-26.37910696,-29.90718449,-30.07235387,-29.64404489,-5.448236641,-5.507761913,-5.379094194
43651.58322,-100.6342381,-100.912444,-100.2964547,-3.388658521,-3.571157174,-3.192876761,-26.73334195,-26.96994931,-26.33138117,-29.85811081,-30.01411651,-29.60649518,-5.48650274,-5.546245221,-5.424656958
45708.81896,-100.6174312,-100.89576,-100.2838974,-3.41683468,-3.599523353,-3.221116326,-26.67522902,-26.90039515,-26.28751773,-29.81326622,-29.96088239,-29.57219547,-5.521872838,-5.582084453,-5.460598793
47863.00923,-100.6021176,-100.8805582,-100.2724531,-3.442625218,-3.625488457,-3.246965468,-26.62171732,-26.83622388,-26.2472235,-29.77229307,-29.91223078,-29.5408687,-5.55453095,-5.615179018,-5.492803387
50118.72336,-100.5881634,-100.8667058,-100.2620224,-3.466225189,-3.649248704,-3.270619545,-26.57247817,-26.78542438,-26.21022918,-29.73486235,-29.86777434,-29.51226029,-5.584654806,-5.645708278,-5.522506618
52480.74602,-100.5754471,-100.854082,-100.2525152,-3.487814197,-3.670984786,-3.29225845,-26.52720364,-26.73975407,-26.17628472,-29.70067292,-29.82715817,-29.48613759,-5.612415755,-5.67384524,-5.549877978
54954.08739,-100.5638579,-100.8425771,-100.2438491,-3.507558744,-3.690864227,-3.312048971,-26.48560082,-26.69778213,-26.14515395,-29.66944774,-29.79005556,-29.46228676,-5.637977151,-5.699754911,-5.57507899
57543.99373,-100.5532953,-100.8320912,-100.2359494,-3.52561206,-3.709041187,-3.330144633,-26.44739144,-26.65922911,-26.11661399,-29.64093366,-29.75616767,-29.44051268,-5.661494979,-5.723594916,-5.598263838
60255.95861,-100.5436679,-100.8225336,-100.228748,-3.542115226,-3.725657643,-3.346686765,-26.41231912,-26.62383742,-26.09046117,-29.61489807,-29.72521976,-29.42063621,-5.683116987,-5.745514613,-5.619578517
63095.73445,-100.5348923,-100.8138216,-100.2221829,-3.557198525,-3.7408447,-3.3618059,-26.38014173,-26.59136369,-26.06650428,-29.59112773,-29.6969598,-29.40249324,-5.702982598,-5.765654988,-5.639160756
66069.3448,-100.5268928,-100.80588,-100.2161977,-3.570981596,-3.754722838,-3.375621945,-26.35063851,-26.56158599,-26.04457043,-29.56942751,-29.67115694,-29.38593372,-5.721223083,-5.784148824,-5.657140201
69183.09709,-100.5196005,-100.7986405,-100.2107409,-3.583574353,-3.76740248,-3.388244885,-26.32359311,-26.53428657,-26.02449026,-29.5496189,-29.64818041,-29.3708207,-5.737962155,-5.801121292,-5.673639005
72443.59601,-100.5129526,-100.7920406,-100.2057658,-3.595077928,-3.778985557,-3.399776171,-26.29881381,-26.50927253,-26.00611525,-29.53153835,-29.63006867,-29.35702854,-5.75331518,-5.816689146,-5.688771055
75857.7575,-100.5068918,-100.7860236,-100.2012298,-3.605584949,-3.789565349,-3.41030866,-26.27611998,-26.48636204,-25.98930593,-29.51503631,-29.61353785,-29.34444246,-5.767390222,-5.830961773,-5.702643008
79432.82347,-100.5013663,-100.7805379,-100.1970939,-3.61518046,-3.799227405,-3.419927525,-26.25534252,-26.46538479,-25.97393217,-29.49997606,-29.59845116,-29.33295774,-5.780288022,-5.844041171,-5.715354282
83176.37711,-100.4963284,-100.7755364,-100.1933228,-3.623942662,-3.808050485,-3.428711165,-26.23632653,-26.44618477,-25.95987543,-29.48623222,-29.58468297,-29.32247826,-5.79210211,-5.856022052,-5.72699716
87096.359,-100.4917352,-100.7709763,-100.1898842,-3.631942953,-3.816106383,-3.436731063,-26.2189264,-26.42861523,-25.94702445,-29.47369052,-29.57211896,-29.31291664,-5.8029197,-5.866992746,-5.737657682
91201.08394,-100.4875472,-100.7668185,-100.1867489,-3.639246875,-3.823461119,-3.444052944,-26.20300979,-26.41254282,-25.93527873,-29.46224645,-29.56065443,-29.30419278,-5.812821427,-5.877034932,-5.747415387
95499.2586,-100.4837286,-100.7630274,-100.1838899,-3.645914504,-3.830175181,-3.450737013,-26.18845399,-26.39784384,-25.92454482,-29.45180424,-29.55019345,-29.29623349,-5.821881919,-5.88622422,-5.756343885
100000,-100.4802467,-100.7595706,-100.1812829,-3.652000661,-3.836303754,-3.456838217,-26.17514556,-26.3844039,-25.91473838,-29.44227675,-29.54064876,-29.28897207,-5.830170409,-5.894630755,-5.764511451
