freq_hz,a_dm_db_mean,a_dm_db_min,a_dm_db_max,cm_to_dm_db_mean,cm_to_dm_db_min,cm_to_dm_db_max,supply_to_dm_db_mean,supply_to_dm_db_min,supply_to_dm_db_max,cmrr_db_mean,cmrr_db_min,cmrr_db_max,psrr_db_mean,psrr_db_min,psrr_db_max
0.1,-0.008156290598,-0.00841510123,-0.007937622807,-98.38621293,-124.8674844,-86.99002808,-105.9555487,-159.6181831,-89.82560921,98.37805664,86.98183051,124.8593638,105.9473924,89.81750979,159.6100988
0.1047128548,-0.00815628846,-0.008415096239,-0.007937626253,-98.22235817,-124.7857219,-86.94939615,-105.5903439,-159.2360021,-89.42719992,98.21420188,86.94128353,124.7776013,105.5821876,89.4191005,159.2279178
0.1096478196,-0.008156286116,-0.008415090766,-0.007937630031,-98.05393357,-124.6978054,-86.78605108,-105.2237587,-158.8523144,-89.02865123,98.04577728,86.77793846,124.6896848,105.2156024,89.02055181,158.8442301
0.1148153621,-0.008156283545,-0.008415084766,-0.007937634174,-97.8809128,-124.6034091,-86.61373724,-104.8558422,-158.4672419,-88.62997531,97.87275652,86.60562463,124.5952885,104.8476859,88.62187589,158.4591576
0.1202264435,-0.008156280727,-0.008415078187,-0.007937638716,-97.70327433,-124.5022104,-86.43233969,-104.4866414,-158.0808967,-88.2311833,97.69511805,86.42422708,124.4940898,104.4784851,88.22308388,158.0728124
0.1258925412,-0.008156277637,-0.008415070973,-0.007937643697,-97.52100144,-124.3938928,-86.24178035,-104.1162018,-157.6933836,-87.83228536,97.51284516,86.23366774,124.3857722,104.1080455,87.82418595,157.6852993
0.1318256739,-0.008156274248,-0.008415063063,-0.007937649158,-97.33408218,-124.2781496,-86.04201936,-103.744567,-157.3047988,-87.43329077,97.32592591,86.03390676,124.270029,103.7364108,87.42519136,157.2967145
0.1380384265,-0.008156270533,-0.008415054389,-0.007937655146,-97.14250936,-124.154687,-85.83305571,-103.371779,-156.9152309,-87.034208,97.13435309,85.82494311,124.1465664,103.3636227,87.02610858,156.9071466
0.1445439771,-0.008156266459,-0.008415044879,-0.007937661712,-96.94628046,-124.0232284,-85.60307055,-102.9978781,-156.5247616,-86.63504478,96.93812419,85.59491671,124.0151078,102.9897218,86.62694536,156.5166773
0.1513561248,-0.008156261992,-0.008415034452,-0.007937668911,-96.74539755,-123.8835175,-85.22188428,-102.6229032,-156.133466,-86.23580816,96.73724129,85.21373044,123.8753969,102.6147469,86.22770875,156.1253818
0.1584893192,-0.008156257094,-0.008415023018,-0.007937676805,-96.53986723,-123.7353221,-84.83911406,-102.2468917,-155.7414133,-85.8365046,96.53171097,84.83096022,123.7272015,102.2387354,85.8284052,155.7333291
0.1659586907,-0.008156251724,-0.008415010482,-0.007937685461,-96.32970049,-123.5784374,-84.45488774,-101.8698796,-155.3486669,-85.43713998,96.32154424,84.44673389,123.5703168,101.8617234,85.42904057,155.3405826
0.1737800829,-0.008156245835,-0.008414996736,-0.007937694951,-96.11491263,-123.4126893,-84.06932375,-101.4919017,-154.955285,-85.03771966,96.10675639,84.06116991,123.4045687,101.4837455,85.02962025,154.9472008
0.1819700859,-0.008156239379,-0.008414981664,-0.007937705357,-95.89552314,-123.2379368,-83.68253166,-101.1129915,-154.561321,-84.63824854,95.8873669,83.67437781,123.2298162,101.1048353,84.63014913,154.5532368
0.1905460718,-0.008156232299,-0.008414965137,-0.007937716767,-95.67155555,-123.0540746,-83.29461268,-100.7331814,-154.1668237,-84.23873109,95.66339932,83.28645883,123.045954,100.7250251,84.23063169,154.1587394
0.1995262315,-0.008156224537,-0.008414947016,-0.007937729278,-95.44303735,-122.8610346,-82.90566025,-100.3525026,-153.771838,-83.8391714,95.43488112,82.8975064,122.852914,100.3443463,83.831072,153.7637538
0.2089296131,-0.008156216025,-0.008414927147,-0.007937742996,-95.20999982,-122.6587871,-82.5157605,-99.97098543,-153.3764048,-83.43957319,95.2018436,82.50760665,122.6506665,99.96282921,83.43147379,153.3683206
0.2187761624,-0.008156206693,-0.008414905361,-0.007937758038,-94.97247793,-122.4473414,-82.12499276,-99.58865926,-152.9805615,-83.03993986,94.96432173,82.1168389,122.4392208,99.58050305,83.03184047,152.9724773
0.2290867653,-0.00815619646,-0.008414881473,-0.00793777453,-94.73051021,-122.2267456,-81.73343004,-99.20555253,-152.5843421,-82.64027452,94.72235402,81.72527618,122.218625,99.19739633,82.63217513,152.5762579
0.2398832919,-0.00815618524,-0.008414855281,-0.007937792614,-94.4841386,-121.9970856,-81.33661896,-98.82169287,-152.1877779,-82.24057999,94.47598242,81.32851957,121.988965,98.81353668,82.23248061,152.1796937
0.2511886432,-0.008156172937,-0.008414826561,-0.007937812442,-94.23340835,-121.7584839,-80.93796867,-98.43710716,-151.7908973,-81.84085887,94.22525218,80.9298693,121.7503633,98.42895099,81.8327595,151.7828131
0.2630267992,-0.008156159447,-0.008414795071,-0.007937834184,-93.97836788,-121.5110975,-80.53920028,-98.05182158,-151.393726,-81.44111353,93.97021172,80.53110091,121.5029769,98.04366542,81.43301415,151.3856419
0.2754228703,-0.008156144656,-0.008414760542,-0.007937858023,-93.71906864,-121.2551155,-80.14032414,-97.66586164,-150.9962877,-81.04134611,93.7109125,80.13222477,121.2469949,97.65770549,81.03324674,150.9882035
0.2884031503,-0.008156128438,-0.008414722683,-0.007937884162,-93.45556501,-120.9907559,-79.7413497,-97.27925223,-150.5986034,-80.64155858,93.44740889,79.73325034,120.9826352,97.2710961,80.63345922,150.5905192
0.301995172,-0.008156110655,-0.00841468117,-0.007937912822,-93.18791416,-120.7182626,-79.34228561,-96.89201767,-150.2006925,-80.24175276,93.17975805,79.33418625,120.7101419,96.88386156,80.2336534,150.1926083
0.316227766,-0.008156091157,-0.008414635653,-0.007937944248,-92.91617589,-120.4379018,-78.94313976,-96.50418176,-149.8025724,-79.84193028,92.9080198,78.93504041,120.4297811,96.49602567,79.83383093,149.7944883
0.3311311215,-0.008156069777,-0.008414585744,-0.007937978706,-92.64041254,-120.1499584,-78.54391935,-96.11576775,-149.4042589,-79.44209265,92.63225648,78.53582,120.1418378,96.10761168,79.4339933,149.3961748
0.3467368505,-0.008156046335,-0.00841453102,-0.007938016488,-92.36068884,-119.8547325,-78.14463096,-95.72679843,-149.005766,-79.04224124,92.35253279,78.13653162,119.8466118,95.71864238,79.03414191,148.9976819
0.3630780548,-0.008156020631,-0.008414471017,-0.007938057916,-92.07707174,-119.5525354,-77.7452806,-95.3372961,-148.6071063,-78.64237733,92.06891572,77.73718127,119.5444147,95.32914008,78.634278,148.5990222
0.3801893963,-0.008155992447,-0.008414405224,-0.00793810334,-91.78963028,-119.2436865,-77.34587375,-94.9472826,-148.2082911,-78.24250205,91.78147429,77.33777444,119.2355658,94.9391266,78.23440274,148.200207
0.3981071706,-0.008155961544,-0.008414333084,-0.007938153147,-91.49843548,-118.9285097,-76.94641544,-94.55677932,-147.8093303,-77.84261647,91.49027952,76.93831614,118.920389,94.54862335,77.83451717,147.8012462
0.4168693835,-0.00815592766,-0.008414253985,-0.007938207759,-91.20356012,-118.6073307,-76.54691024,-94.16580719,-147.4102326,-77.44272156,91.19540419,76.53881095,118.59921,94.15765126,77.43462227,147.4021486
0.4365158322,-0.008155890507,-0.008414167253,-0.00793826764,-90.90507863,-118.2804738,-76.14736234,-93.77438668,-147.0110056,-77.04281822,90.89692274,76.13926306,118.2723531,93.76623079,77.03471894,147.0029216
0.4570881896,-0.008155849769,-0.008414072155,-0.007938333298,-90.60306691,-117.9482597,-75.74777556,-93.38253782,-146.6116557,-76.64290725,90.59491106,75.73967629,117.940139,93.37438197,76.63480798,146.6035718
0.4786300923,-0.008155805101,-0.008413967881,-0.00793840529,-90.29760217,-117.6110032,-75.3481534,-92.99028011,-146.2121886,-76.24298942,90.28944637,75.34005415,117.6028825,92.98212431,76.23489017,146.2041046
0.5011872336,-0.008155756124,-0.008413853548,-0.007938484228,-89.98876281,-117.2690114,-74.94849905,-92.59763261,-145.8126085,-75.84306542,89.98060705,74.94039982,117.2608907,92.58947685,75.83496619,145.8045246
0.5248074602,-0.008155702421,-0.008413728183,-0.007938570782,-89.67662817,-116.9225822,-74.54881545,-92.20461384,-145.4129192,-75.4431359,89.66847247,74.54071623,116.9144615,92.19645814,75.43503668,145.4048353
0.5495408739,-0.008155643538,-0.008413590725,-0.007938665687,-89.36127848,-116.5720028,-74.14910527,-91.81124181,-145.0131231,-75.04320145,89.35312284,74.14100608,116.5638821,91.80308617,75.03510226,145.0050392
0.5754399373,-0.008155578973,-0.008413440004,-0.007938769748,-89.04279461,-116.217549,-73.74937097,-91.41753399,-144.6132219,-74.64326264,89.03463903,73.7412718,116.2094283,91.40937841,74.63516347,144.6051382
0.6025595861,-0.00815550818,-0.008413274743,-0.007938883848,-88.72125796,-115.8594845,-73.3496148,-91.02350727,-144.2132167,-74.24331998,88.71310245,73.34151565,115.8513637,91.01535176,74.23522083,144.2051329
0.6309573445,-0.008155430557,-0.008413093538,-0.007939008957,-88.39675031,-115.4980599,-72.94983883,-90.62917798,-143.8131072,-73.84337395,88.38859488,72.94173971,115.4899392,90.62102255,73.83527484,143.8050235
0.660693448,-0.008155345445,-0.008412894851,-0.007939146135,-88.06935369,-115.1335133,-72.55004495,-90.23456188,-143.4128925,-73.44342503,88.06119834,72.54194586,115.1253925,90.22640653,73.43532594,143.4048089
0.6918309709,-0.008155252122,-0.008412676995,-0.007939296549,-87.73915018,-114.7660692,-72.15023491,-89.83967409,-143.0125709,-73.04347363,87.73099493,72.14213586,114.7579484,89.83151884,73.03537457,143.0044874
0.7244359601,-0.008155149796,-0.008412438122,-0.007939461474,-87.40622185,-114.3959393,-71.75041033,-89.44452916,-142.6121397,-72.64352017,87.3980667,71.74231131,114.3878185,89.43637401,72.63542116,142.6040562
0.758577575,-0.008155037598,-0.008412176203,-0.00793964231,-87.0706506,-114.0233222,-71.35057269,-89.04914102,-142.2115951,-72.24356505,87.06249557,71.34247371,114.0152014,89.04098598,72.23546608,142.2035118
0.7943282347,-0.008154914576,-0.008411889015,-0.007939840593,-86.73251805,-113.6484039,-70.95072337,-88.65352298,-141.8109328,-71.84360865,86.72436314,70.94262443,113.640283,88.64536806,71.83550972,141.8028495
0.8317637711,-0.008154779686,-0.008411574122,-0.007940058006,-86.39190541,-113.2713579,-70.55086364,-88.25768775,-141.4101469,-71.44365134,86.38375063,70.54276475,113.263237,88.24953297,71.43555245,141.4020637
0.87096359,-0.008154631782,-0.008411228849,-0.007940296395,-86.04889342,-112.892346,-70.1509947,-87.86164744,-141.0092311,-71.04369348,86.04073879,70.14289586,112.884225,87.85349281,71.03559464,141.001148
0.9120108394,-0.00815446961,-0.008410850266,-0.007940557783,-85.70356219,-112.5115183,-69.75111765,-87.46541358,-140.6081775,-70.64373542,85.69540772,69.74301888,112.5033973,87.45725911,70.63563665,140.6000945
0.954992586,-0.008154291793,-0.00841043516,-0.007940844389,-85.35599117,-112.129014,-69.35123355,-87.06899711,-140.2069773,-70.24377753,85.34783687,69.34313484,112.120893,87.06084282,70.23567882,140.1988945
1,-0.008154096821,-0.008409980007,-0.007941158645,-85.00625903,-111.7449618,-68.95134337,-86.67240843,-139.8056205,-69.84382017,84.99810493,68.94324472,111.7368407,86.66425433,69.83572152,139.7975378
1.047128548,-0.008153883041,-0.008409480944,-0.007941503221,-84.6544436,-111.6638025,-68.55144804,-86.2756574,-139.4040958,-69.44386368,84.64628971,68.54334947,111.6556619,86.26750351,69.43576511,139.3960132
1.096478196,-0.008153648637,-0.008408933735,-0.007941881039,-84.30062177,-111.6789976,-68.15154846,-85.87875336,-139.0023902,-69.04390845,84.29246812,68.14344997,111.6708573,85.87059971,69.03580996,138.9943078
1.148153621,-0.00815339162,-0.008408333737,-0.007942295309,-83.94486947,-111.6956882,-67.75164547,-85.48170518,-138.6004896,-68.64395485,83.93671607,67.74354708,111.6875484,85.47355178,68.63585646,138.5924074
1.202264435,-0.00815310981,-0.008407675855,-0.007942749547,-83.58726153,-111.7140248,-67.35173991,-85.08452124,-138.1983782,-68.24400328,83.57910842,67.34364161,111.7058855,85.07636813,68.23590498,138.1902962
1.258925412,-0.008152800815,-0.008406954508,-0.007943247607,-83.2278717,-111.7341736,-66.95183256,-84.68720952,-137.7960382,-67.84405414,83.2197189,66.94373437,111.7260347,84.67905672,67.83595596,137.7879564
1.318256739,-0.008152462012,-0.008406163573,-0.007943793719,-82.86677252,-111.7563183,-66.55192422,-84.28977755,-137.3934503,-67.44410788,82.85862006,66.54382615,111.7481799,84.28162509,67.43600981,137.3853687
1.380384265,-0.008152090526,-0.008405296336,-0.007944392518,-82.50403533,-111.7806622,-66.15201566,-83.89223253,-136.9905928,-67.04416494,82.49588324,66.14391773,111.7725244,83.88408043,67.03606701,136.9825115
1.445439771,-0.008151683206,-0.00840434544,-0.007945049087,-82.13973016,-111.8074307,-65.75210766,-83.49458125,-136.5874422,-66.64422581,82.13157848,65.74400987,111.7992935,83.48642956,66.63612802,136.5793612
1.513561248,-0.008151236595,-0.008403302813,-0.007945769,-81.77392571,-111.8368736,-65.35220101,-83.09683021,-136.1839722,-66.24429101,81.76577447,65.34410338,111.8287371,83.08867897,66.23619338,136.1758915
1.584893192,-0.008150746905,-0.008402159608,-0.007946558366,-81.40668929,-111.8692681,-64.95229649,-82.69898559,-135.7801543,-65.84436109,81.39853854,64.94419903,111.8611323,82.69083485,65.83626363,135.772074
1.659586907,-0.008150209979,-0.008400906124,-0.007947423888,-81.03808677,-111.9049224,-64.55239491,-82.30105332,-135.375957,-65.44443664,81.02993656,64.54429764,111.8967874,82.29290311,65.43633937,135.3678771
1.737800829,-0.008149621263,-0.008399531725,-0.007948372911,-80.66818258,-111.9441794,-64.15249711,-81.90303902,-134.9713458,-65.04451831,80.66003296,64.14440005,111.9360453,81.8948894,65.03642125,134.9632662
1.819700859,-0.008148975763,-0.008398024748,-0.007949413492,-80.2970396,-111.9874213,-63.75260396,-81.50494814,-134.5662828,-64.64460679,80.28889063,63.74450713,111.9792882,81.49679916,64.63650995,134.5582038
1.905460718,-0.008148268004,-0.008396372408,-0.007950554462,-79.92471918,-112.0350747,-63.35271637,-81.10678586,-134.1607269,-64.24470282,79.91657091,63.34461978,112.0269427,81.09863759,64.23660624,134.1526483
1.995262315,-0.008147491981,-0.008394560685,-0.007951805508,-79.55128106,-112.0876166,-62.95283528,-80.70855721,-133.7546327,-63.84480724,79.54313357,62.94473897,112.0794858,80.70040972,63.83671093,133.7465547
2.089296131,-0.008146641114,-0.008392574209,-0.007953177248,-79.17678337,-112.1455814,-62.55296171,-80.31026702,-133.3479509,-63.44492092,79.16863673,62.5448657,112.137452,80.30212037,63.43682491,133.3398734
2.187761624,-0.008145708185,-0.008390396127,-0.007954681325,-78.80128255,-112.2330445,-62.15309672,-79.91191996,-132.9406275,-63.04504482,78.79313684,62.14500105,112.2249009,79.90377425,63.03694914,132.9325507
2.290867653,-0.008144685285,-0.008388007964,-0.007956330506,-78.42483332,-112.3708062,-61.75324148,-79.51352059,-132.5326038,-62.64518,78.41668863,61.74514616,112.3626642,79.5053759,62.63708468,132.5245278
2.398832919,-0.00814356374,-0.008385389463,-0.007958138789,-78.04748857,-112.5168243,-61.3533972,-79.11507329,-132.1238157,-62.24532761,78.03934501,61.34530228,112.5086841,79.10692973,62.23723269,132.1157404
2.511886432,-0.00814233404,-0.008382518414,-0.007960121522,-77.66929931,-112.6700346,-60.9535652,-78.71658239,-131.7141933,-61.84548889,77.66115697,60.94547072,112.6618964,78.70844005,61.83739441,131.706119
2.630267992,-0.008140985764,-0.008379370468,-0.007961856343,-77.29031445,-112.8285804,-60.55374692,-78.31805207,-131.3036609,-61.44566522,77.28217346,60.54565291,112.8204443,78.30991109,61.43757121,131.2955875
2.754228703,-0.008139507481,-0.008375918931,-0.007962594846,-76.91058066,-112.9894972,-60.15394389,-77.91948648,-130.8921357,-61.0458581,76.90244115,60.1458504,112.9813635,77.91134697,61.03776461,130.8840634
2.884031503,-0.008137886665,-0.008372134536,-0.007963404676,-76.53014205,-113.148311,-59.75415778,-77.52088967,-130.4795283,-60.64606915,76.52200416,59.74606487,113.1401798,77.51275179,60.63797624,130.4714572
3.01995172,-0.008136109583,-0.008367985198,-0.00796429273,-76.14903988,-113.2985531,-59.35439042,-77.12226568,-130.0657414,-60.24630018,76.14090377,59.34629813,113.2904249,77.11412957,60.2382079,130.0576715
3.16227766,-0.008134161178,-0.008363435741,-0.007965266574,-75.76731212,-113.4312353,-58.95464377,-76.72361849,-129.6506697,-59.84655314,75.75917795,58.94655217,113.4231102,76.71548433,59.83846154,129.6426012
3.311311215,-0.00813202495,-0.008358447605,-0.007966334508,-75.38499316,-113.5343878,-58.55491998,-76.3249521,-129.2341992,-59.44683017,75.37686113,58.54682914,113.526266,76.31682008,59.43873933,129.2261322
3.467368505,-0.008129682807,-0.008352978516,-0.007967505636,-75.00211364,-113.592866,-58.1552214,-75.92627053,-128.8162066,-59.04713364,74.99398396,58.14713139,113.5847479,75.91814085,59.03904362,128.8081413
3.630780548,-0.00812711492,-0.008346982131,-0.007968789949,-74.61870068,-113.5896043,-57.75555058,-75.52757783,-128.396559,-58.6474661,74.61057356,57.74746148,113.5815049,75.51945071,58.639377,128.3884955
3.801893963,-0.008124299557,-0.008340407649,-0.007970198404,-74.23477853,-113.8181012,-57.35591032,-75.12887813,-127.9751131,-58.2478304,74.22665423,57.34782221,113.8100061,75.12075383,58.23974229,127.9670515
3.981071706,-0.008121212894,-0.008333199381,-0.007971743026,-73.85036944,-114.0753375,-56.95630367,-74.73017565,-127.5517146,-57.8482296,73.84224822,56.94821665,114.0672472,74.72205444,57.84014258,127.5436553
4.168693835,-0.008117828822,-0.008325296285,-0.00797343701,-73.46549319,-114.3658711,-56.55673396,-74.33147475,-127.126198,-57.44866711,73.45737536,56.54864814,114.357786,74.32335692,57.44058128,127.1181411
4.365158322,-0.008114118727,-0.008316631448,-0.007968465921,-73.08016261,-114.6952419,-56.15720485,-73.93277996,-126.6983859,-57.04914663,73.07204849,56.14912033,114.6871625,73.92466584,57.04106211,126.6903317
4.570881896,-0.008110051247,-0.008307131528,-0.007961561083,-72.69437023,-115.0702593,-55.75772032,-73.53409601,-126.2680885,-56.64967222,72.68626018,55.74963724,115.0621861,73.52598596,56.64158914,126.2600371
4.786300923,-0.008105592016,-0.008296716137,-0.007953991063,-72.30806295,-115.4993974,-55.35828475,-73.13542788,-125.8351034,-56.25024836,72.29995736,55.35020325,115.4913311,73.12732229,56.24216685,125.8270551
5.011872336,-0.008100703374,-0.008285297166,-0.007945691885,-71.92111476,-115.9933468,-54.95890292,-72.73678084,-125.3992149,-55.85087991,71.91301406,54.95082315,115.9852881,72.72868014,55.84280013,125.3911702
5.248074602,-0.008095344057,-0.00827277805,-0.007936593441,-71.53334384,-116.5657931,-54.55958008,-72.33816052,-124.9601946,-55.45157224,71.5252485,54.55150219,116.5577426,72.33006517,55.44349435,124.9521536
5.495408739,-0.00808946885,-0.008260262273,-0.007926618905,-71.14462335,-117.2345191,-54.16032196,-71.93957294,-124.5178004,-55.05233122,71.13653388,54.15224615,117.2264776,71.93148347,55.04425541,124.5097636
5.754399373,-0.008083028218,-0.008256911493,-0.007915684101,-70.75499116,-118.0229435,-53.76113486,-71.54102458,-124.0717772,-54.65316328,70.74690813,53.75306131,118.014912,71.53294155,54.64508974,124.0637451
6.025595861,-0.008075967892,-0.008253238621,-0.007903696799,-70.36459919,-118.9621179,-53.36202565,-71.14252246,-123.6218571,-54.25407548,70.35652322,53.35395459,118.9540973,71.13444649,54.24600442,123.6138299
6.309573445,-0.008068228429,-0.008249212822,-0.007879398388,-69.97359801,-120.0926286,-52.96300188,-70.74407417,-123.1677594,-53.85507554,69.96552978,52.95493355,120.0846198,70.73600594,53.84700721,123.1597378
6.60693448,-0.008059744714,-0.008248837841,-0.007852322206,-69.58211139,-121.4630912,-52.56407184,-70.34568799,-122.709192,-53.45617193,69.57405164,52.5560065,121.4550955,70.33762825,53.44810659,122.7011763
6.918309709,-0.008050445439,-0.008263411541,-0.007822639078,-69.19024769,-123.1094762,-52.16524457,-69.94737295,-122.2458514,-53.05737396,69.18219724,52.1571825,123.1014948,69.9393225,53.04931189,122.2378424
7.244359601,-0.00804025251,-0.008283223576,-0.007790098564,-68.79800203,-124.9475724,-51.76653001,-69.5491389,-121.777425,-52.65869179,68.78996178,51.75847152,124.9396067,69.54109864,52.65063331,121.7694232
7.58577575,-0.008029080422,-0.008306837287,-0.007754426282,-68.40486836,-126.3947668,-51.36793903,-69.15099663,-121.3035916,-52.2601366,68.39683928,51.35988448,126.3868183,69.14296755,52.25208205,121.2955978
7.943282347,-0.008016835564,-0.008332726563,-0.00771532164,-68.00960456,-126.1411754,-50.96948357,-68.75295798,-120.8240238,-51.86172061,68.00158772,50.96143332,126.1332458,68.74494115,51.85367036,120.8160387
8.317637711,-0.008003415467,-0.008361110407,-0.007672455356,-67.6120871,-124.0405037,-50.57117668,-68.35503592,-120.33839,-51.46345722,67.60408368,50.56313114,124.0325948,68.3470325,51.45541169,120.3304144
8.7096359,-0.00798870798,-0.008393083984,-0.007625466761,-67.21361574,-121.4031783,-50.17303269,-67.95724467,-119.8463567,-51.06536115,67.20562703,50.16499231,121.395292,67.94925596,51.05732077,119.8383916
9.120108394,-0.007972590387,-0.00842885942,-0.007573960844,-66.81490095,-118.9214594,-49.77506728,-67.55959984,-119.3475912,-50.66744848,66.80692836,49.76703256,118.9135979,67.55162725,50.65941376,119.3396375
9.54992586,-0.00795492843,-0.008468076605,-0.007517505028,-66.41610795,-116.7158345,-49.37729766,-67.16211856,-118.8417648,-50.26973689,66.40815302,49.36926913,116.7080003,67.15416364,50.26170835,118.8338237
10,-0.007935575257,-0.008511065598,-0.007455625661,-66.01725232,-114.7566561,-48.97974266,-66.76481965,-118.3285559,-49.8722457,66.00931675,48.9717209,114.7488516,66.75688408,49.86422394,118.3206285
10.47128548,-0.007914370284,-0.0085581879,-0.007387804183,-65.61830359,-112.9949896,-48.58242292,-66.36772373,-117.8076534,-49.47499613,65.61038922,48.57440858,112.9872178,66.35980936,49.46698178,117.7997411
10.96478196,-0.007891137954,-0.008609839396,-0.007313472954,-65.21918561,-111.3889334,-48.18536107,-65.97085342,-117.2787603,-49.0780114,65.21129447,48.17735484,111.3811975,65.96296228,49.07000516,117.2708644
11.48153621,-0.007865686399,-0.008666453579,-0.007218801436,-64.81976588,-109.9062588,-47.78858187,-65.57423355,-116.7415971,-48.68131697,64.8119002,47.78058452,109.8985621,65.56636786,48.67331961,116.7337193
12.02264435,-0.007837805989,-0.008728505052,-0.007113496775,-64.41988356,-108.982526,-47.39211249,-65.17789131,-116.1959058,-48.28494073,64.41204576,47.38412484,108.9746617,65.1700535,48.27695309,116.1880477
12.58925412,-0.007807267775,-0.008796513355,-0.006998113766,-64.01943406,-108.3898211,-46.99598264,-64.78185652,-115.6414527,-47.88891326,64.01162679,46.98800562,108.3819891,64.77404925,47.88093623,115.6336163
13.18256739,-0.007773821804,-0.008871047115,-0.006871696521,-63.6184308,-107.3632802,-46.60022492,-64.38616184,-115.0853913,-47.49326802,63.61065698,46.5922595,107.3554837,64.37838802,47.48530261,115.0774223
13.80384265,-0.007737195311,-0.008952728582,-0.006733200269,-63.21695786,-106.0568805,-46.20487498,-63.99084305,-114.759641,-47.0980417,63.20922066,46.19692226,106.0491228,63.98310586,47.09008898,114.7516938
14.45439771,-0.007697090781,-0.009042238535,-0.006581483448,-62.81508731,-104.6218291,-45.80997191,-63.59593933,-114.4212457,-46.70327448,62.80739022,45.80203306,104.6141139,63.58824224,46.69533563,114.4133224
15.13561248,-0.007653183878,-0.009140321627,-0.006415299191,-62.41286436,-103.1587853,-45.41555848,-63.20149355,-114.0699979,-46.30901035,62.40521118,45.40763478,103.1511166,63.19384037,46.30108665,114.0621007
15.84893192,-0.007605121233,-0.009247792171,-0.006233286139,-62.0103452,-101.721029,-45.02168154,-62.80755265,-113.7056558,-45.91529752,62.00274008,45.01377438,101.7134112,62.79994753,45.90739036,113.6977871
16.59586907,-0.007552518099,-0.00936554041,-0.006033958579,-61.60762542,-100.4816309,-44.62839235,-62.41416799,-113.3279372,-45.52218875,61.6000729,44.62050325,100.4744179,62.40661547,45.51429965,113.3200997
17.37800829,-0.007494955872,-0.009494539297,-0.005815695868,-61.20483497,-99.47596838,-44.23574706,-62.02139573,-112.9365137,-45.12974183,61.19734002,44.22787766,99.46884444,62.01390078,45.12187242,112.9287103
18.19700859,-0.007431979478,-0.009635851819,-0.005576731125,-60.80211662,-98.4925632,-43.8438071,-61.62929736,-112.531006,-44.73802003,60.79468464,43.83595916,98.48553676,61.62186538,44.73017209,112.5232398
19.05460718,-0.007363094643,-0.009790638883,-0.005315139182,-60.39960783,-97.52867958,-43.45263966,-61.23794006,-112.11098,-44.34709257,60.39224474,43.44481513,97.52175986,61.23057697,44.33926804,112.1032544
19.95262315,-0.00728776506,-0.009960167803,-0.005028823798,-59.9974324,-96.58199221,-43.0623183,-60.84739736,-111.6759447,-43.95703525,59.99014464,43.05451926,96.57518927,60.84010959,43.94923621,111.6682635
20.89296131,-0.007205409475,-0.0101458214,-0.004715504148,-59.59569962,-95.65051202,-42.67292344,-60.45774962,-111.2253521,-43.567931,59.58849421,42.66515213,95.64383685,60.45054421,43.5601597,111.2177193
21.87761624,-0.007115398713,-0.01034910775,-0.00437270062,-59.19450756,-94.73252788,-42.28454303,-60.06908472,-110.7585989,-43.17987055,59.18739216,42.27680189,94.72599248,60.06196932,43.17212941,110.7510189
22.90867653,-0.007017052709,-0.01057167055,-0.00399771999,-58.79394776,-93.82656036,-41.89727323,-59.68149874,-110.275031,-42.79295314,58.78693071,41.88956486,93.82017783,59.67448169,42.78524476,110.2675087
23.98832919,-0.006909637579,-0.01081530015,-0.003587640065,-58.39410983,-92.9313247,-41.51121914,-59.29509672,-109.7739514,-42.4072873,58.38720019,41.50354634,92.9251093,59.28818708,42.3996145,109.7664917
25.11886432,-0.006792362814,-0.01108194523,-0.003139293933,-57.99508532,-92.04570083,-41.12649559,-58.90999349,-109.2546303,-42.02299172,57.98829296,41.11886136,92.03966812,58.90320112,42.01535749,109.2472388
26.30267992,-0.0066643787,-0.01137372508,-0.00264925401,-57.59697082,-91.16870897,-40.74322802,-58.52631456,-108.7163197,-41.64019611,57.59030644,40.73563554,91.16287588,58.51965018,41.63260364,108.7090025
27.54228703,-0.006524774081,-0.01169294243,-0.002113816159,-57.19987037,-90.29948961,-40.36155338,-58.14419715,-108.1582709,-41.25904223,57.1933456,40.35400607,90.29387458,58.13767238,41.25149492,108.1510344
28.84031503,-0.006372574634,-0.01204209676,-0.001528984212,-56.80389741,-89.59772161,-39.9816212,-57.76379124,-107.5797551,-40.87968495,56.79752484,39.97412265,89.59021778,57.75741866,40.8721864,107.5726062
30.1995172,-0.006206741865,-0.0124238981,-0.0008904553747,-56.40917647,-88.97741947,-39.60359458,-57.38526073,-106.9800871,-40.50229341,56.40296973,39.59614858,88.96997243,57.37905399,40.49484742,106.9730333
31.6227766,-0.006026173092,-0.012841281,-0.0001936071084,-56.01584463,-88.34766813,-39.22765144,-57.00878477,-106.358651,-40.12705231,56.00981846,39.22026196,88.34028217,57.0027586,40.11966283,106.3517002
33.11311215,-0.005829702775,-0.01329741866,0.0005665137165,-55.62405298,-87.70912587,-38.85398571,-56.63455913,-105.7310142,-39.75416319,55.61822328,38.8466569,87.70180544,56.62872943,39.74683438,105.7260347
34.67368505,-0.00561610562,-0.01379573694,0.001395198389,-55.23396798,-87.10943417,-38.48280872,-56.2627977,-105.1944042,-39.38384599,55.22835188,38.47554482,87.10336977,56.25718159,39.37658209,105.1897248
36.30780548,-0.005384102066,-0.01433992805,0.002298079331,-54.8457729,-86.56888851,-38.11435058,-55.89373412,-104.6348271,-39.01634056,54.84038879,38.10715594,86.56300717,55.88835002,39.00914591,104.6304744
38.01893963,-0.005132366886,-0.01493396363,0.003281126801,-54.45966928,-86.01522283,-37.74886176,-55.52762359,-104.0506884,-38.65190837,54.45453691,37.74174074,86.00953893,55.52249122,38.64478735,104.0466911
39.81071706,-0.004859541904,-0.01558210688,0.004350637139,-54.0758785,-85.44888136,-37.3866147,-55.1647447,-103.4405168,-38.29083438,54.07101896,37.3795716,85.44341,55.15988516,38.28379128,103.4369059
41.68693835,-0.004564254137,-0.01628892354,0.005513209786,-53.69464341,-84.87033847,-37.02790553,-54.80540153,-102.8030384,-37.93342898,53.69007915,37.02094449,84.86509541,54.80083728,37.92646794,102.7998473
43.65158322,-0.004245141065,-0.01705929144,0.006775709447,-53.31622999,-84.28009591,-36.67305596,-54.44992574,-102.1372516,-37.58003014,53.31198485,36.66618079,84.27509742,54.4456806,37.57315497,102.1345161
45.70881896,-0.003900885366,-0.01789840862,0.008145208741,-52.94092926,-83.87275125,-36.32241519,-54.09867896,-101.4424961,-37.23100567,52.93702838,36.31562919,83.86788645,54.09477808,37.22421967,101.4402542
47.86300923,-0.0035302622,-0.01881180013,0.009628905263,-52.56905917,-83.50148917,-35.97636202,-53.75205518,-100.718509,-36.88675571,52.56552891,35.96966773,83.49691159,53.74852492,36.88006143,100.7168013
50.11872336,-0.003132203268,-0.01980532447,0.01123400515,-52.20096665,-83.1329164,-35.635307,-53.41048339,-99.96546327,-36.54771538,52.19783445,35.62870588,83.1286449,53.40735119,36.54111425,99.96433288
52.48074602,-0.00270588341,-0.02088518128,0.01296756273,-51.8370298,-82.76731075,-35.29969478,-53.07443033,-99.18398437,-36.21435763,51.83432392,35.29318675,82.7633641,53.07172444,36.2078496,99.18347656
54.95408739,-0.002250837667,-0.02205792337,0.01483626265,-51.47766022,-82.40497813,-34.97000651,-52.74440343,-98.37514215,-35.8871964,51.47540939,34.96358944,82.40137456,52.7421526,35.88077933,98.37530432
57.54399373,-0.001767119838,-0.02333047876,0.0168461261,-51.12330548,-82.04625596,-34.64676245,-52.420954,-97.54042089,-35.56678999,51.12153836,34.64043137,82.04301247,52.41918688,35.56045891,97.54130212
60.25595861,-0.001255517865,-0.02471019174,0.01900211714,-50.77445175,-81.69151708,-34.33052467,-52.10468058,-96.68167,-35.25374475,50.77319624,34.32427086,81.6886486,52.10342506,35.24749093,96.68332052
63.09573445,-0.000717847625,-0.02620489786,0.02130761628,-50.43162677,-81.34117418,-34.0219,-51.79623268,-95.80104137,-34.94871918,50.43090892,34.01570964,81.3386924,51.79551484,34.94252882,95.80351172
66.0693448,-0.0001573555228,-0.02782305602,0.02376371732,-50.0954029,-80.99568511,-33.72154302,-51.49631489,-94.90091926,-34.65242845,50.09524555,33.71539554,80.99359688,51.49615753,34.64628098,94.90425907
69.18309709,0.000420727034,-0.02957397389,0.02636828749,-49.76640073,-80.65555896,-33.43015948,-51.20569148,-93.98385121,-34.36564951,49.76682146,33.42402525,80.65386409,51.20611221,34.35951528,93.98810746
72.44359601,0.001008416027,-0.03146818221,0.02911470879,-49.445293,-80.32136328,-33.14850985,-50.92519166,-93.05248013,-34.08922676,49.44630141,33.14234708,80.3200516,50.92620008,34.08306399,93.05769469
75.8577575,0.001593906702,-0.0335180422,0.03199018749,-49.13280919,-79.9937327,-32.87741329,-50.65571566,-92.10948841,-33.8240787,49.1344031,32.87116383,79.99278002,50.65730957,33.81782924,92.11569458
79.43282347,0.002160079965,-0.03573871294,0.03497347572,-48.82974101,-79.67337932,-32.61775208,-50.39824184,-91.16311632,-33.57120552,48.83190109,32.61133571,79.67274183,50.40040192,33.56478916,91.17033812
83.17637711,0.002682404224,-0.03816976122,0.03803178802,-48.5369489,-79.36110519,-32.37047661,-50.15383493,-90.67713163,-33.33169816,48.53963131,32.36378313,79.3607118,50.15651733,33.32500468,90.68527822
87.096359,0.003125975655,-0.04095575558,0.04111661001,-48.25537013,-79.05781782,-32.13661127,-49.92365563,-90.12555724,-33.10674896,48.2584961,32.12948953,79.05755947,49.9267816,33.09962722,90.13456412
91.20108394,0.00344132776,-0.04403753653,0.04422094186,-47.98602892,-78.76454922,-31.91726122,-49.70897165,-89.50422268,-32.89766462,47.98947025,31.90950395,78.76426402,49.71241298,32.88990736,89.5139695
95.4992586,0.003558479717,-0.04747502197,0.04754335039,-47.73004933,-78.48247991,-31.71362077,-49.51117041,-88.81279221,-32.70588205,47.73360781,31.70494321,78.48193232,49.51472889,32.69720449,88.82307897
100,0.003378461613,-0.05135272452,0.05072820498,-47.48867171,-78.21296927,-31.5269835,-49.33177417,-88.05499841,-32.53298775,47.49205017,31.51699345,78.21182077,49.33515264,32.52299769,88.06551188
104.7128548,0.002761223357,-0.05579174887,0.05362415237,-47.26327417,-77.95759442,-31.35875493,-49.17245869,-87.23822021,-32.38074221,47.26603539,31.34691039,77.9553622,49.17521991,32.36889767,87.24848635
109.6478196,0.001508362404,-0.06096754206,0.05601763624,-47.05540053,-77.71820068,-31.21046848,-49.03507774,-86.6727302,-32.25111001,47.05690889,31.19601776,77.7141991,49.0365861,32.23665929,86.69538052
114.8153621,-0.0006615616181,-0.06713604792,0.0576087892,-46.86679762,-77.4969676,-31.08380578,-48.92169888,-86.78616538,-32.14629771,46.86613606,31.0657024,77.49022514,48.92103731,32.12819432,86.80796149
120.2264435,-0.004148290492,-0.07467207678,0.05827537109,-46.6994655,-77.29649635,-30.98062258,-48.83465999,-86.6942966,-32.06880123,46.69531721,30.95740429,77.28563748,48.8305117,32.04558294,86.71385866
125.8925412,-0.009520158786,-0.0841253162,0.05731152765,-46.55572665,-77.11992639,-30.90298163,-48.77665629,-86.31101674,-32.02146399,46.54620649,30.87259839,77.10300368,48.76713613,31.99108076,86.32633785
131.8256739,-0.01758558644,-0.09630160059,0.05394810999,-46.43832202,-76.97109273,-30.85319421,-48.75084793,-85.60107198,-32.00754786,46.42073644,30.81276349,76.94534799,48.73326235,31.96711714,85.60925745
138.0384265,-0.02949416592,-0.112379913,0.04713761406,-46.35054337,-76.85473917,-30.83387118,-48.76094591,-84.60336086,-32.03081531,46.32104921,30.77933084,76.81626452,48.73145175,31.97627498,84.60026028
144.5439771,-0.04687839725,-0.1340790473,0.03542066193,-46.29640741,-76.7768093,-30.84798347,-48.81124265,-83.40825076,-32.09561873,46.24952901,30.77360112,76.72006784,48.76436425,32.02123638,83.38794115
151.3561248,-0.07204987942,-0.1638914577,0.01676770913,-46.28086302,-76.74484473,-30.85211286,-48.90659463,-82.11396085,-32.20698151,46.20881314,30.77804596,76.66199705,48.83454475,32.10466556,82.06802519
158.4893192,-0.1082656366,-0.2091288551,-0.01163449718,-46.31001467,-76.76853098,-30.80211384,-49.0523616,-81.0668294,-32.37063769,46.20174904,30.69245165,76.64849794,48.94409597,32.22897983,80.98407814
165.9586907,-0.1600790159,-0.2728443798,-0.05257079592,-46.39149652,-76.86044426,-30.78179415,-49.25425184,-80.6321099,-32.59295554,46.23141751,30.62129692,76.68762214,49.09417282,32.39592008,80.48191564
173.7800829,-0.2337808372,-0.3631938611,-0.1083441865,-46.53562525,-77.03706908,-30.79572741,-49.517964,-81.2513991,-32.88060373,46.30184441,30.56300367,76.78960708,49.28418316,32.60577466,81.03361021
181.9700859,-0.3379126517,-0.4901330359,-0.1789202057,-46.75696121,-77.32017814,-30.84989251,-49.84843798,-81.67444788,-33.23969357,46.41904856,30.51518455,76.9677452,49.51052533,32.85600958,81.36119302
190.5460718,-0.4837845181,-0.676223452,-0.2793045002,-47.07357197,-78.02957515,-30.95197336,-50.24835172,-81.73819308,-33.6739551,46.58978745,30.47441846,77.63520376,49.7645672,33.13893281,81.29109093
199.5262315,-0.6858455725,-0.9342233728,-0.420435102,-47.50196493,-86.28923887,-31.11149989,-50.71522206,-81.36419218,-34.18133181,46.81611936,30.43599822,85.72408823,50.02937649,33.4379327,80.73127269
208.9296131,-0.9616434651,-1.285195151,-0.6162687979,-47.81704591,-92.24718213,-31.33959935,-51.2365401,-80.63796244,-34.74849174,46.85540244,30.39367552,91.26694553,50.27489663,33.72205557,79.75047329
218.7761624,-1.331017594,-1.757418726,-0.8837736081,-47.80362129,-80.26677236,-31.64805349,-51.78371566,-79.75089852,-35.34393981,46.4726037,30.33945399,78.92048141,50.45269806,33.93996406,78.52066324
229.0867653,-1.814215284,-2.356418599,-1.242215354,-47.74680921,-81.78449418,-32.04741766,-52.3087301,-78.88684984,-35.91381735,45.93259392,30.26351569,79.95574551,50.49451482,34.01766726,77.20519819
239.8832919,-2.428941002,-3.093344277,-1.711431969,-47.72222702,-83.865795,-32.54429023,-52.75096417,-78.16996602,-36.38929801,45.29328602,30.15440053,81.42336706,50.32202317,33.8689038,75.909379
251.1886432,-3.186954104,-3.980270737,-2.309066956,-47.75988343,-86.810975,-33.13843518,-53.05929905,-77.66773272,-36.71255817,44.57292932,29.99957076,83.61175128,49.87234495,33.42451106,74.68691263
263.0267992,-4.091400502,-5.015289775,-3.047290677,-47.88550455,-91.3360614,-33.82102504,-53.21946092,-77.40717699,-36.86938609,43.79410405,29.78644782,87.23363479,49.12806042,32.66763687,73.55916719
275.4228703,-5.136052823,-6.180568752,-3.930105777,-48.11453865,-99.98570667,-34.57519041,-53.26281534,-77.49764683,-36.89839735,42.97848583,29.50387794,94.83978754,48.12676252,31.64359809,72.98918245
288.4031503,-6.306825509,-7.456870535,-4.952396713,-48.43635786,-100.3254023,-35.37907386,-53.24745608,-78.13606719,-36.86670359,42.12953235,29.14377732,94.00972907,46.94063057,30.43391926,72.52960045
301.995172,-7.584846569,-8.823149353,-6.101177751,-48.84480149,-92.64819879,-36.21027485,-53.23033827,-78.83250457,-36.8373614,41.25995492,28.70252189,85.05536672,45.6454917,29.08656113,72.01020872
316.227766,-8.949814994,-10.2594354,-7.358446979,-49.34090558,-88.99657801,-37.04993276,-53.251066,-79.518997,-36.85262302,40.39109058,27.8642105,80.03949045,44.301251,27.7088782,71.38271401
331.1311215,-10.38261837,-11.74851032,-8.704448152,-49.9102165,-86.83659097,-37.4713054,-53.3300744,-80.07613535,-36.93358495,39.52759813,26.84585714,76.44727784,42.94745603,26.3422383,70.54754773
346.7368505,-11.86682466,-13.27649486,-10.12030631,-50.54075195,-85.44704061,-37.91631776,-53.4738138,-80.35676182,-37.08658306,38.67392729,25.80704492,73.57397863,41.60698914,25.00440483,69.37545279
363.0780548,-13.38918534,-14.83272735,-11.58959831,-51.22258641,-84.52905576,-38.39574008,-53.68073323,-80.25667564,-37.30966803,37.83340107,24.76771467,71.13398425,40.29154789,23.70323326,67.77717492
380.1893963,-14.93949993,-16.40929889,-13.09894525,-51.94781643,-83.92912309,-38.91418945,-53.94562523,-79.89703069,-37.59706503,37.0083165,23.74113416,68.98399559,39.0061253,22.44091878,65.77396931
398.1071706,-16.51017311,-18.00049349,-14.63794903,-52.71033161,-83.55770339,-39.4733545,-54.26211647,-79.72213155,-37.94173205,36.2001585,22.73554591,67.04208226,37.75194336,21.21661053,63.60316826
416.8693835,-18.09568825,-19.60226474,-16.19879739,-53.50548256,-83.3581069,-40.07309117,-54.62383972,-79.36108505,-38.33664175,35.40979431,21.75566563,65.25708418,36.52815147,20.02792825,61.6195809
436.5158322,-19.69211598,-21.21180048,-17.77576435,-54.32974541,-83.2923478,-40.71221141,-55.02475241,-79.32089268,-38.77533873,34.63762943,20.80384394,63.59495709,35.33263643,18.87181214,60.16538581
457.0881896,-21.296705,-22.8271843,-19.36473146,-55.18043317,-83.33389086,-41.38899569,-55.45893954,-80.58396607,-39.25211643,33.88372818,19.88089654,62.03192797,34.16223454,17.74498188,59.4542154
478.6300923,-22.90756281,-24.44714273,-20.96278261,-56.05546875,-83.46359223,-42.10150389,-55.92054467,-81.45516371,-39.76202075,33.14790593,18.98667002,60.55075489,33.01298186,16.6441772,58.35918355
501.1872336,-24.52341666,-26.07086164,-22.56788438,-56.95321696,-83.66727541,-42.84775362,-56.40454379,-81.66574377,-40.30053351,32.42980029,18.12041619,59.13854196,31.88112713,15.56627658,56.9263272
524.8074602,-26.1434392,-27.69785535,-24.17864453,-57.87236631,-84.47186653,-43.62381269,-56.90784117,-81.38029031,-40.86085866,31.7289271,17.28103479,57.78539313,30.76440196,14.50834583,55.62401852
549.5408739,-27.7671238,-29.32787469,-25.79413456,-58.81184972,-85.47598176,-44.41828724,-57.42914851,-81.76024717,-41.44408986,31.04472591,16.46722802,57.07076461,29.66202471,13.4676523,54.26443257
575.4399373,-29.39419658,-30.96084313,-27.41376206,-59.77079499,-86.35604287,-45.24331888,-57.96757609,-81.8631841,-42.04739705,30.37659841,15.67759731,56.32071201,28.5733795,12.44165742,52.74207108
602.5595861,-31.02455519,-32.59681311,-29.03718002,-60.74849972,-87.12264543,-46.09689654,-58.52151624,-82.52125522,-42.66830587,29.72394453,14.91070247,55.64970929,27.49696105,11.42800103,51.10544363
630.9573445,-32.65822665,-34.23593661,-30.66422332,-61.7444328,-89.99475198,-46.97723148,-59.08841694,-82.49800344,-43.30464043,29.08620615,14.16509677,56.94009986,26.43019029,10.42448114,49.74766882
660.693448,-34.29533896,-35.87844595,-32.29486467,-62.75827952,-93.42720659,-47.88272664,-59.66535798,-83.05583359,-43.95447316,28.46294056,13.43934672,58.73164344,25.37001902,9.429031562,49.33642033
691.8309709,-35.93610237,-37.52464174,-33.92918467,-63.79009166,-97.72021445,-48.8119515,-60.24858513,-84.42706881,-44.61608732,27.8539893,12.73204221,61.38033104,24.31248277,8.439700726,49.90470128
724.4359601,-37.58079767,-39.17488617,-35.56735177,-64.84079532,-103.7767013,-49.76362188,-60.83061129,-85.90581183,-45.28794252,27.25999765,12.04180071,65.78876018,23.24981361,7.454629069,49.79628106
758.577575,-39.2297696,-40.82960006,-37.20960956,-65.91285368,-113.0799256,-50.73658437,-61.40341117,-85.87365277,-45.90894976,26.68308408,11.36726798,73.43980134,22.17364157,6.472030216,48.12141707
794.3282347,-40.88342393,-42.48926294,-38.8562692,-66.99662627,-123.3712932,-51.72980455,-61.9662547,-84.55461158,-46.48964545,26.11320233,10.70711668,82.02012615,21.08283077,5.490170707,45.15507837
831.7637711,-42.5422275,-44.1544154,-40.50770581,-68.05645366,-109.1019328,-52.74235869,-62.52436592,-85.1547701,-47.0687771,25.51422616,10.06004384,66.09143256,19.98213842,4.507351919,42.99878482
870.96359,-44.20671059,-45.8256635,-42.16435787,-69.13661925,-104.5194904,-53.77342845,-63.07966647,-84.60717755,-47.64483427,24.92990867,9.424767737,59.83316147,18.87295588,3.521892576,40.78863853
912.0108394,-45.87747121,-47.50368496,-43.82672893,-70.23374603,-102.1882991,-54.82229809,-63.62832249,-85.4821898,-48.21639459,24.35627482,8.800024575,55.82856772,17.75085128,2.532110318,39.38443028
954.992586,-47.55518133,-49.18923714,-45.49539148,-71.34570572,-100.7850929,-55.8883542,-64.16554131,-84.75349883,-48.78211784,23.79052439,8.184564994,52.74485982,16.61035998,1.536305566,37.84576256
1000,-49.24059482,-50.88316687,-47.17099258,-72.47159495,-101.6223725,-56.97108756,-64.6929658,-85.93905687,-49.34074145,23.23100012,7.577150572,52.61449495,15.45237097,0.5327431999,37.32204065
1047.128548,-50.93455732,-52.58642238,-48.85426143,-73.6106703,-105.3764681,-58.07009721,-65.21217046,-87.94194403,-49.89107838,22.67611297,6.976550373,54.67578295,14.27761314,-0.5558604733,37.6353363
1096.478196,-52.63801823,-54.30006754,-50.54601872,-74.76130308,-108.4247824,-59.18509677,-65.71628123,-87.46904028,-50.43201663,22.12328486,6.381537394,56.02190352,13.078263,-1.71550186,35.46353216
1148.153621,-54.35204506,-56.02529889,-52.24718814,-75.92090243,-109.0242749,-60.31592311,-66.20529975,-89.58539755,-50.96251955,21.56885737,5.790885114,54.90876461,11.85325469,-2.895736167,35.75627307
1202.264435,-56.07784069,-57.76346606,-53.95881029,-77.09003417,-107.9286324,-61.46254776,-66.68988737,-89.49697237,-51.48162753,21.01219348,5.203363869,52.08886777,10.61204668,-4.098670617,34.31325165
1258.925412,-57.81676401,-59.51609633,-55.68205932,-78.27163298,-110.730157,-62.62509144,-67.16417259,-89.29646985,-51.98846097,20.45486897,4.617737403,53.39566065,9.347408575,-5.326478756,31.06932745
1318.256739,-59.57035484,-61.28492422,-57.41826298,-79.46911963,-119.5712099,-63.80384247,-67.60750451,-90.19054662,-52.48222319,19.89876479,4.032759359,60.48724286,8.037149672,-6.581420064,30.48820278
1380.384265,-61.34036401,-63.07192766,-59.16892683,-80.68053271,-129.2220071,-64.99927979,-68.00789194,-92.03635469,-52.96220362,19.3401687,3.447169974,68.37267384,6.66752793,-7.865864124,30.28358445
1445.439771,-63.12879019,-64.87937234,-60.93576348,-81.88566158,-117.3250939,-66.21210201,-68.36301562,-90.16700149,-53.42778194,18.75687139,2.859693195,54.69257168,5.234225433,-9.182319348,26.77518204
1513.561248,-64.93792505,-66.70986665,-62.72072841,-83.11539845,-117.2085421,-67.44326411,-68.67861053,-92.86000108,-53.87843122,18.1774734,2.26903444,52.47357553,3.740685484,-10.53347021,27.41733019
1584.893192,-66.77040938,-68.56643059,-64.52606382,-84.36586209,-123.8813302,-68.69402399,-68.95891818,-92.6319942,-54.31372106,17.59545271,1.673879597,56.73696037,2.188508794,-11.92222354,25.34926033
1659.586907,-68.6293035,-70.45258301,-66.35435322,-85.63617242,-129.0940876,-69.96600226,-69.22082828,-91.29828502,-54.7333202,17.00686892,1.072895999,60.08479181,0.5915247784,-13.37509353,22.82647905
1737.800829,-70.51817654,-72.37245369,-68.20858978,-86.92824282,-138.3615376,-71.26125958,-69.46046103,-92.75072222,-55.13699835,16.41006628,0.4647367538,69.30633802,-1.057715517,-14.89959983,22.64362248
1819.700859,-72.4412214,-74.33092933,-70.09226298,-88.22202849,-128.3157319,-72.582398,-69.65617223,-94.36783468,-55.52462709,15.78080709,-0.1519495349,55.06652625,-2.785049168,-16.47525576,22.55495845
1905.460718,-74.40340456,-76.33384675,-72.00947005,-89.5519654,-133.84906,-73.93269546,-69.81863668,-95.70359183,-55.89617995,15.14856083,-0.7785001605,58.9840885,-4.58476788,-18.10704416,21.83972544
1995.262315,-76.41066495,-78.38825353,-73.96506107,-90.90653508,-132.2467918,-75.31628717,-69.97415533,-96.42575187,-56.25173138,14.49587014,-1.416204945,55.36013519,-6.43650962,-19.80084677,20.76338751
2089.296131,-78.47018253,-80.50276672,-75.96483125,-92.29861859,-127.320089,-76.73841458,-70.10626315,-99.9684059,-56.5914548,13.82843606,-2.066248024,48.35691472,-8.36391938,-21.56372158,22.26633341
2187.761624,-80.590749,-82.68807855,-78.01578038,-93.74193882,-125.3106227,-78.20577411,-70.21721979,-107.2847155,-56.91561966,13.15118982,-2.729606933,44.20666673,-10.37352921,-23.40428366,26.70667461
2290.867653,-82.78329164,-84.95768904,-80.12647017,-95.24469205,-124.6088761,-79.72701767,-70.26236187,-104.9051019,-57.22458763,12.46140041,-3.406876052,41.28807439,-12.52092977,-25.33324003,22.93899667
2398.832919,-85.06163457,-87.32900154,-82.3075283,-96.81844225,-124.6788342,-81.31349079,-70.30625326,-104.0392795,-57.51880806,11.75680768,-4.097952051,39.05007696,-14.75538132,-27.3641614,19.52150095
2511.886432,-87.44364124,-89.82502311,-84.57237932,-98.47866685,-125.3063573,-82.98035749,-70.35510583,-108.7031928,-57.79881285,11.03502561,-4.801457317,37.25890698,-17.08853541,-29.51463008,20.89983575
2630.267992,-89.95299498,-92.47712271,-86.93833865,-100.2464071,-126.5742715,-84.74838155,-70.42469045,-111.2627136,-58.06521084,10.29341207,-5.513641157,35.80052738,-19.52830453,-31.81676989,22.78644204
2754.228703,-92.62210151,-95.32974664,-89.42831278,-102.1510336,-128.7549783,-86.61404665,-70.48876296,-116.8601422,-58.31868191,9.528932134,-6.226179234,34.93867697,-22.13333855,-34.37775176,24.33532749
2884.031503,-95.49707943,-98.44900437,-92.07356173,-104.2350115,-131.6262773,-88.55510413,-70.46353356,-111.9574372,-58.55997098,8.737932068,-6.921479453,34.81716374,-25.03354587,-37.18421102,17.97274688
3019.95172,-98.64690248,-101.939501,-94.91843312,-106.5625407,-135.5567447,-90.68975987,-70.3863152,-107.8324356,-58.78988193,7.915638184,-7.561847883,35.43278869,-28.26058728,-40.31875535,9.678976497
3162.27766,-102.1814043,-105.9799914,-98.02901341,-109.2357854,-141.2435979,-93.09717687,-70.32232944,-103.1022694,-59.00927164,7.054381121,-8.061974819,37.33913126,-31.85907485,-43.91571969,1.616797432
3311.311215,-106.2891001,-110.900001,-101.5101963,-112.4202006,-145.4769954,-95.91176139,-70.23844439,-99.14706246,-59.21904419,6.131100528,-8.211560801,37.06568215,-36.05065566,-48.20676747,-8.446624888
3467.368505,-111.3095751,-117.2127646,-105.5423109,-116.3709661,-140.8620677,-99.38388857,-70.17200331,-94.68879188,-59.42014513,5.061391023,-7.901435342,27.9941948,-41.13757176,-53.72286074,-17.90084208
3630.780548,-117.5575336,-122.713823,-110.4628744,-121.0012301,-145.4442114,-104.0181583,-70.12195931,-92.27354909,-59.61355595,3.443696503,-8.37805882,29.06575572,-47.43557433,-59.5251297,-24.3707471
3801.893963,-121.6628006,-123.0022007,-116.1726208,-123.0999503,-144.1045164,-107.8916044,-70.08019621,-91.92490412,-59.80028853,1.437149686,-12.08588827,21.81802183,-51.5826044,-60.96590665,-28.31718717
3981.071706,-119.5888313,-122.3584988,-117.4118471,-120.476442,-155.2573396,-103.1680937,-70.04235093,-91.21969568,-59.9813796,0.8876107744,-15.06184903,34.59300329,-49.54648033,-60.08499151,-28.70228103
4168.693835,-117.461321,-119.7335939,-116.1717431,-117.4486821,-158.2111509,-100.1216355,-70.00785122,-89.65848981,-60.15788473,-0.01263885427,-18.19229399,40.59746495,-47.45346975,-58.1214438,-28.48511429
4365.158322,-116.5655257,-118.655713,-115.7027579,-115.2723491,-156.0334777,-98.07096996,-69.97782781,-88.01492597,-60.33087218,-1.293176594,-20.58474301,39.65253245,-46.58769789,-57.27492423,-28.99819537
4570.881896,-116.4702498,-119.4301367,-115.5041515,-113.6362365,-154.662267,-96.59559711,-69.95357854,-86.87144358,-60.50141585,-2.83401336,-22.83453956,38.27756267,-46.51667128,-57.09259408,-30.04878041
4786.300923,-116.8273438,-120.3619172,-115.6820108,-112.3122317,-160.0289002,-95.48565708,-69.93609252,-86.09394802,-60.66615338,-4.515112064,-24.87626016,43.32535181,-46.89125126,-57.39631754,-31.40180114
5011.872336,-117.2854822,-120.6982301,-116.130834,-111.1811311,-137.3277172,-94.62584332,-69.92605289,-85.37258486,-60.82865665,-6.10435109,-26.07238675,20.16427381,-47.3594293,-57.83401912,-32.66042602
5248.074602,-117.4150606,-119.9322511,-116.6859412,-110.2552115,-133.020636,-93.94699837,-69.92392199,-84.58008644,-60.99228156,-7.159849059,-25.77001347,16.17184765,-47.49113858,-57.84559491,-33.06665466
5495.408739,-116.8819797,-118.5960744,-115.771161,-109.4511049,-136.5756129,-93.40477196,-69.93001273,-83.79032949,-61.15800521,-7.430874775,-24.64080114,19.41995135,-46.95196696,-56.95517992,-32.73895134
5754.399373,-115.728508,-117.4189326,-114.286624,-108.7205442,-133.7455621,-92.96923998,-69.94453192,-83.03938003,-61.32676043,-7.007963809,-23.08179634,17.53808141,-45.78397606,-55.30606827,-31.97601548
6025.595861,-114.2722821,-115.8591444,-112.7939855,-108.0461223,-133.9836133,-92.61940292,-69.96760324,-82.37498304,-61.49942356,-6.226159812,-21.47917399,19.07372532,-44.30467886,-53.39298275,-31.10244954
6309.573445,-112.7902796,-114.4675429,-111.4068897,-107.4150241,-127.8410094,-92.34009262,-69.99911977,-81.75240029,-61.67684768,-5.375255556,-20.03309427,14.39913062,-42.79115988,-51.53897584,-30.28426349
6606.93448,-111.4165972,-112.9911462,-110.1784145,-106.8258169,-123.3358542,-92.11995033,-70.03939852,-81.16963536,-61.8596678,-4.590780344,-18.77174348,11.31748803,-41.37719871,-49.90063962,-29.56837081
6918.309709,-110.1916554,-111.5981524,-109.102325,-106.2708438,-120.0543484,-91.95043139,-70.08818392,-80.62724211,-62.04856049,-3.920811599,-17.67517183,9.329900276,-40.10347145,-48.42731937,-28.96168562
7244.359601,-109.1151429,-110.3462978,-108.1619276,-105.7439322,-117.5367289,-91.82489161,-70.1453286,-80.12540428,-62.2440536,-3.371210725,-16.73009449,8.239234692,-38.96981431,-47.10908031,-28.45268227
7585.77575,-108.1728982,-109.242434,-107.3390273,-105.2405423,-116.3563043,-91.73808216,-70.21061729,-79.66268249,-62.44656223,-2.932355953,-15.93236748,8.018920383,-37.96228093,-45.92790324,-28.02645414
7943.282347,-107.3477728,-108.2749761,-106.6169356,-104.7574833,-115.2836147,-91.68577807,-70.28376643,-79.25359528,-62.65638794,-2.590289452,-15.21562221,7.787407884,-37.06400636,-44.86379742,-27.66893951
8317.637711,-106.6234945,-107.4274758,-105.9812333,-104.292675,-114.305635,-91.66449426,-70.36442186,-78.92129848,-62.87369361,-2.330819497,-14.56458191,7.547876351,-36.25907268,-43.89851755,-27.36793069
8709.6359,-105.9857953,-106.6836413,-105.4197399,-103.8449368,-113.4116073,-91.671313,-70.45216403,-78.6051122,-63.09853626,-2.140858502,-13.96713284,7.303969519,-35.53363125,-43.01644516,-27.11338712
9120.108394,-105.4225348,-106.0289366,-104.92224,-103.4137569,-112.5925796,-91.7037254,-70.54650981,-78.30684039,-63.33084812,-2.008777883,-13.41363432,7.059069792,-34.87602502,-42.20457058,-26.89705367
9549.92586,-104.9234935,-105.4508949,-104.4801675,-102.9990759,-111.8410078,-91.75952953,-70.64691897,-78.02736707,-63.57044818,-1.924417572,-12.89637174,6.816051793,-34.2765745,-41.45216366,-26.71220304
10000,-104.4800848,-104.9389821,-104.0863165,-102.6010892,-111.1504576,-91.83675257,-70.75280204,-77.76692944,-63.81705088,-1.878995594,-12.40914525,6.577249943,-33.72728279,-40.75040478,-26.55335899
10471.28548,-104.0850788,-104.4843333,-103.7345973,-102.2200922,-110.5153754,-91.93359373,-70.86352967,-77.52531464,-64.07027672,-1.86498662,-11.94695846,6.344500361,-33.22154915,-40.09204809,-26.41606163
10964.78196,-103.7323622,-104.0794802,-103.4198359,-101.8563726,-109.9309133,-92.04838277,-70.97844313,-77.30200103,-64.32966438,-1.875989599,-11.50578091,6.11920537,-32.75391907,-39.4711366,-26.29667526
11481.53621,-103.4167401,-103.7189191,-103.1376132,-101.5101457,-109.3927946,-92.17955007,-71.09686513,-77.09625992,-64.59468336,-1.906594434,-11.08236456,5.902399763,-32.319875,-38.88276808,-26.19223293
12022.64435,-103.1337752,-103.4062075,-102.8841345,-101.1815206,-108.8972116,-92.32560616,-71.21811073,-76.90722925,-64.86474682,-1.952254628,-10.67409941,5.694812364,-31.91566447,-38.32290485,-26.10031107
12589.25412,-102.8796567,-103.125884,-102.6561247,-100.8705017,-108.4409514,-92.48504136,-71.34153506,-76.74534593,-65.13917467,-2.009154982,-10.27898392,5.497125538,-31.53812162,-37.78826844,-26.0185457
13182.56739,-102.6510965,-102.8741696,-102.4507444,-100.576913,-108.0204896,-92.65664772,-71.46638883,-76.6038068,-65.41740146,-2.074183525,-9.895204309,5.309174906,-31.18470769,-37.27601775,-25.94611476
13803.84265,-102.4452438,-102.6478029,-102.2655211,-100.3005194,-107.6332365,-92.83902338,-71.59206588,-76.47578339,-65.69869565,-2.144724403,-9.52154519,5.131283589,-30.85317792,-36.78393947,-25.88127481
14454.39771,-102.2596159,-102.4439554,-102.0982929,-100.0409591,-107.2766292,-93.03087969,-71.71794044,-76.36642914,-65.98234815,-2.218656825,-9.157019408,4.963424732,-30.54167547,-36.31018438,-25.8229151
15135.61248,-102.0920423,-102.2601635,-101.9471626,-99.79777537,-106.9483066,-93.23097677,-71.843425,-76.28042769,-66.26765578,-2.294266898,-8.800879172,4.805453881,-30.24861727,-35.85322402,-25.77014673
15848.93192,-101.940618,-102.0942729,-101.8104595,-99.5704318,-106.6460998,-93.43810889,-71.96796826,-76.20344259,-66.55391032,-2.370186217,-8.466685312,4.657147185,-29.97264975,-35.41181227,-25.70872822
16595.86907,-101.8036658,-101.9443929,-101.6855521,-99.3583278,-106.368009,-93.58866376,-72.09106016,-76.13460478,-66.84040761,-2.445337997,-8.201581188,4.518217176,-29.71260564,-34.98493554,-25.65228686
17378.00829,-101.679704,-101.8088584,-101.5708699,-99.16081533,-106.1121878,-93.71593665,-72.21223528,-76.07311244,-67.12645506,-2.518888633,-7.947857921,4.38832981,-29.46746869,-34.57177164,-25.60031744
18197.00859,-101.56742,-101.6861988,-101.4667011,-98.97720632,-105.8769238,-93.84409168,-72.3310699,-76.01824724,-67.41136092,-2.590213672,-7.70517467,4.267112061,-29.23635009,-34.17167225,-25.55235609
19054.60718,-101.4656482,-101.575111,-101.3681272,-98.80679477,-105.6605455,-93.97227477,-72.44717766,-75.97263727,-67.69450748,-2.658853398,-7.473191348,4.154081661,-29.0184705,-33.78406626,-25.50817078
19952.62315,-101.3733507,-101.4744384,-101.2776337,-98.64886827,-105.4617879,-94.09949798,-72.56025333,-75.94170974,-67.97514186,-2.724482407,-7.251833475,4.049032371,-28.81309735,-33.4086494,-25.46355851
20892.96131,-101.2896017,-101.3909451,-101.1942823,-98.50270788,-105.279188,-94.22507755,-72.66999951,-75.91317399,-68.25268254,-2.786893788,-7.052707554,3.951445354,-28.61960216,-33.04506044,-25.403172
21877.61624,-101.2135733,-101.3155439,-101.1186261,-98.36760262,-105.1115669,-94.28027844,-72.77618171,-75.88717049,-68.52646728,-2.845970675,-6.926586332,3.860985812,-28.43739158,-32.69311921,-25.34845666
22908.67653,-101.1445243,-101.2470569,-101.0499251,-98.24285496,-104.9576717,-94.32950379,-72.8785862,-75.86296595,-68.79599913,-2.901669357,-6.809138947,3.777156238,-28.26593812,-32.35256845,-25.29935562
23988.32919,-101.0817898,-101.1848265,-100.9875158,-98.12779342,-104.8162985,-94.37667926,-72.97706376,-75.84124366,-69.06067508,-2.953996366,-6.699977272,3.699430475,-28.10472603,-32.02333473,-25.25447733
25118.86432,-101.0247723,-101.1282617,-100.9308019,-98.0217634,-104.6866578,-94.42165124,-73.07149735,-75.82130578,-69.31995881,-3.003008899,-6.598665138,3.627627689,-27.95327495,-31.70534654,-25.2138841
26302.67992,-100.9729345,-101.0768308,-100.8792472,-97.92414347,-104.5677023,-94.46436382,-73.1618028,-75.8030558,-69.5733992,-3.048791001,-6.504728048,3.561247835,-27.81113168,-31.3985081,-25.1771011
27542.28703,-100.9257922,-101.0300547,-100.8323686,-97.83433299,-104.4587842,-94.50462737,-73.24794484,-75.7866745,-69.82040579,-3.091459216,-6.417877555,3.500136008,-27.67784736,-31.10291706,-25.14343319
28840.31503,-100.8829091,-100.9875014,-100.7897308,-97.75177198,-104.3588079,-94.46928622,-73.32989244,-75.77199157,-70.06068119,-3.131137078,-6.412401193,3.443640941,-27.55301662,-30.81842615,-25.11258722
30199.5172,-100.8438911,-100.9487808,-100.7509408,-97.67592245,-104.2672409,-94.3983117,-73.40766786,-75.75862139,-70.29380195,-3.167968605,-6.443860098,3.391631031,-27.43622319,-30.54505729,-25.08453053
31622.7766,-100.8083823,-100.9135402,-100.7151829,-97.60628306,-104.1833237,-94.33296706,-73.48130788,-75.74647313,-70.51946736,-3.202099196,-6.496431774,3.343708774,-27.32707438,-30.28274813,-25.0589762
33113.11215,-100.7760608,-100.8814609,-100.681603,-97.54237743,-104.1065398,-94.26143206,-73.55087947,-75.73573817,-70.73727649,-3.233683327,-6.564533475,3.299685291,-27.22518129,-30.03157109,-25.03539132
34673.68505,-100.7466353,-100.8522543,-100.6510354,-97.48376654,-104.0362046,-94.16986775,-73.61646217,-75.72599785,-70.94709629,-3.262868794,-6.626971376,3.259171804,-27.13017316,-29.79136166,-25.01388551
36307.80548,-100.7198422,-100.8256591,-100.6232054,-97.43003704,-103.9717958,-94.08612554,-73.67815782,-75.71717377,-71.14872867,-3.289805163,-6.684182821,3.221914317,-27.04168438,-29.56204833,-24.99425734
38018.93963,-100.6954423,-100.8014382,-100.5978638,-97.38080048,-103.912907,-94.00958154,-73.73608426,-75.7094026,-71.34193374,-3.31464186,-6.736557402,3.187749308,-26.95935808,-29.34362642,-24.97611664
39810.71706,-100.6732191,-100.779377,-100.574785,-97.33570254,-103.8589797,-93.93961001,-73.79036783,-75.70223591,-71.52674198,-3.337516531,-6.784508474,3.156338311,-26.88285124,-29.13584359,-24.9596819
41686.93835,-100.6529758,-100.7592806,-100.553764,-97.29440705,-103.8096958,-93.87568444,-73.84114659,-75.69605526,-71.70298655,-3.35856875,-6.828369416,3.127562939,-26.8118292,-28.9386652,-24.94436305
43651.58322,-100.6345341,-100.7409719,-100.5346154,-97.25660856,-103.7645827,-93.81727358,-73.88856626,-75.69034945,-71.87078305,-3.377925548,-6.86849631,3.10113192,-26.74596785,-28.75179272,-24.93048198
45708.81896,-100.617732,-100.7242905,-100.5171705,-97.22201916,-103.7233714,-93.76393169,-73.93277779,-75.68533679,-72.03007253,-3.395712855,-6.905175472,3.07694047,-26.68495423,-28.57511879,-24.91764853
47863.00923,-100.6024224,-100.7090903,-100.5012761,-97.19037697,-103.6856783,-93.71521314,-73.97393518,-75.68075342,-72.18102192,-3.412045399,-6.938707773,3.054754481,-26.62848719,-28.40832539,-24.9059704
50118.72336,-100.5884714,-100.6952387,-100.4867932,-97.16143798,-103.6512256,-93.67072381,-74.012194,-75.67664958,-72.30243246,-3.427033465,-6.969355612,3.034431737,-26.57627745,-28.25315717,-24.89525547
52480.74602,-100.5757577,-100.6826151,-100.4735954,-97.13497714,-103.6197265,-93.63010951,-74.04770956,-75.67301079,-72.39456218,-3.440780599,-6.997353363,3.01580894,-26.52804818,-28.14822768,-24.88538926
54954.08739,-100.5641707,-100.67111,-100.4615678,-97.11078725,-103.5909708,-93.59303632,-74.0806356,-75.669816,-72.48046922,-3.453383475,-7.022925941,2.998787752,-26.48353512,-28.05065382,-24.87627557
57543.99373,-100.5536099,-100.6606236,-100.4506059,-97.08867804,-103.5646863,-93.55919617,-74.11112563,-75.66688434,-72.56044764,-3.464931879,-7.046282238,2.988863118,-26.44248429,-27.96004068,-24.86798854
60255.95861,-100.5439839,-100.6510652,-100.4406147,-97.06847518,-103.603334,-93.52830224,-74.13932712,-75.66425288,-72.63479634,-3.475508716,-7.067618822,3.042328915,-26.40465677,-27.87599762,-24.86039408
63095.73445,-100.5352095,-100.6423522,-100.4315078,-97.05001649,-103.6436568,-93.50011245,-74.16538461,-75.66186451,-72.70382457,-3.485192966,-7.08709549,3.091414632,-26.36982484,-27.79813183,-24.85346098
66069.3448,-100.5272109,-100.6344095,-100.4232064,-97.03315301,-103.6807053,-93.47439373,-74.18943609,-75.66790578,-72.76780831,-3.494057875,-7.104870461,3.136451282,-26.3377748,-27.7260913,-24.84703672
69183.09709,-100.5199193,-100.6271687,-100.415639,-97.01775101,-103.7147851,-93.45091506,-74.21161679,-75.67612219,-72.82704452,-3.502168275,-7.12110667,3.177813314,-26.3083025,-27.65950984,-24.84122183
72443.59601,-100.5132719,-100.6205676,-100.4087404,-97.00368458,-103.7460513,-93.42949572,-74.23205395,-75.68366849,-72.88183799,-3.509587321,-7.135922673,3.215718334,-26.28121795,-27.5980196,-24.8358952
75857.7575,-100.5072116,-100.6145494,-100.4024512,-96.99083962,-103.774802,-93.40995241,-74.2508696,-75.69058918,-72.9324596,-3.516371999,-7.149445229,3.250521579,-26.25634201,-27.54129225,-24.8309996
79432.82347,-100.5016864,-100.6090624,-100.3967175,-96.97911143,-103.8011438,-93.39212025,-74.26817919,-75.69694174,-72.97917983,-3.52257496,-7.161787708,3.282381645,-26.2335072,-27.48900503,-24.82651931
83176.37711,-100.4966488,-100.6040597,-100.3914899,-96.96840347,-103.8252916,-93.37585541,-74.28409231,-75.70276713,-73.02225849,-3.528245366,-7.173046937,3.311560667,-26.21255653,-27.44085045,-24.81889184
87096.359,-100.4920558,-100.5994984,-100.3867237,-96.95862863,-103.8474382,-93.36101317,-74.29871242,-75.70810667,-73.06194508,-3.533427158,-7.183324938,3.338294541,-26.19334337,-27.41915553,-24.80907341
91201.08394,-100.4878679,-100.5953395,-100.382378,-96.94970581,-103.8676811,-93.34747544,-74.31213662,-75.71299668,-73.0969491,-3.538162118,-7.192700751,3.362720052,-26.17573131,-27.40691515,-24.80009965
95499.2586,-100.4840494,-100.5915473,-100.3784157,-96.94156168,-103.8862331,-93.33512355,-74.32445582,-75.7174774,-73.10444711,-3.542487745,-7.201257556,3.38508579,-26.15959361,-27.39572995,-24.79189535
100000,-100.4805676,-100.5880895,-100.3748029,-96.93412851,-103.9032113,-93.32385598,-74.33575518,-75.72158145,-73.11130323,-3.546439129,-7.209064475,3.405541482,-26.14481246,-27.38551175,-24.78439608
