fin_hz,thd_db_post_pex,hd3_db_post_pex,hd2_db_post_pex,out_fund_vpp_post_pex
20,-90.71829538,-92.08173525,-116.6310437,0.04995594602
35,-80.30239737,-80.35338832,-112.0239944,0.04995991692
50,-73.35000515,-73.35920295,-106.7819753,0.04995811529
65,-62.67369818,-62.67691072,-98.03835705,0.04994080119
80,-53.71237383,-53.71346116,-101.9733491,0.04990489712
100,-47.68781328,-47.68963755,-90.45908615,0.04980646557
125,-43.54576102,-43.54816504,-89.62472622,0.04949417419
150,-40.0918389,-40.09543917,-88.62956633,0.04850350876
175,-37.23000431,-37.23592627,-87.01405679,0.04553842954
200,-35.7842208,-35.7914131,-86.89302635,0.03960323662
250,-36.86449161,-36.86921829,-84.89183099,0.02597965852
300,-40.05040742,-40.0526322,-86.1789962,0.01612467445
